indicator,gezin,risico,type,maand,positie,waarde
bijdrage_ratio,-,-,ZV100VAA,-,1550,0.2722173464
bijdrage_ratio,-,-,ZV100VAA,-,1800,0.2825369756
bijdrage_ratio,-,-,ZV100VAA,-,2000,0.2925022498
bijdrage_ratio,-,-,ZV100VAA,-,2250,0.3015238456
bijdrage_ratio,-,-,ZV100VAA,-,2500,0.3121383642
bijdrage_ratio,-,-,ZV100VAA,-,2750,0.3208229703
bijdrage_ratio,-,-,ZV100VAA,-,3000,0.3280601421
bijdrage_ratio,-,-,ZV100VAA,-,3250,0.3367971659
bijdrage_ratio,-,-,ZV100VAA,-,3500,0.3442860434
bijdrage_ratio,-,-,ZV100VAA,-,3750,0.3485115759
bijdrage_ratio,-,-,ZV100VAA,-,4000,0.3500980027
bijdrage_ratio,-,-,ZV100VAA,-,4250,0.3470216956
bijdrage_ratio,-,-,ZV100VAA,-,4500,0.3442872004
bijdrage_ratio,-,-,ZV100VAA,-,4750,0.3419561832
bijdrage_ratio,-,-,ZV100VAA,-,5000,0.341416448
bijdrage_ratio,-,-,ZV100VAA,-,5250,0.3397150705
bijdrage_ratio,-,-,ZV100VAA,-,5500,0.3246077431
bijdrage_ratio,-,-,ZV100VAA,-,5750,0.3104943629
bijdrage_ratio,-,-,ZV100VAA,-,6000,0.2975570978
bijdrage_ratio,-,-,ZV100VAA,-,6250,0.2856548139
bijdrage_ratio,-,-,ZV100VAA,-,6500,0.2746680903
bijdrage_ratio,-,-,ZV100VAA,-,6750,0.2644951981
bijdrage_ratio,-,-,ZV100VAA,-,7000,0.255048941
bijdrage_ratio,-,-,ZV100VAA,-,7500,0.2380456783
bijdrage_ratio,-,-,ZV100VAA,-,8000,0.2231678234
bijdrage_ratio,-,-,ZV100VAA,-,8500,0.2100403043
bijdrage_ratio,-,-,ZV100VAA,-,9000,0.1983713985
bijdrage_ratio,-,-,ZV100VAA,-,9500,0.1879307986
bijdrage_ratio,-,-,ZV100VAA,-,10000,0.1785342587
bijdrage_ratio,-,-,ZV100VAA,-,11000,0.1623038715
bijdrage_ratio,-,-,ZV100VAA,-,12000,0.1487785489
bijdrage_ratio,-,-,ZV100VAA,-,13000,0.1373340451
bijdrage_ratio,-,-,ZV100VAA,-,14000,0.1275244705
bijdrage_ratio,-,-,ZV100VAA,-,15000,0.1190228391
bijdrage_ratio,-,-,ZV100,-,1550,0.2706863957
bijdrage_ratio,-,-,ZV100,-,1800,0.2821623353
bijdrage_ratio,-,-,ZV100,-,2000,0.2921650735
bijdrage_ratio,-,-,ZV100,-,2250,0.3049988466
bijdrage_ratio,-,-,ZV100,-,2500,0.3118686232
bijdrage_ratio,-,-,ZV100,-,2750,0.3205777512
bijdrage_ratio,-,-,ZV100,-,3000,0.3278353579
bijdrage_ratio,-,-,ZV100,-,3250,0.3365896728
bijdrage_ratio,-,-,ZV100,-,3500,0.3440933712
bijdrage_ratio,-,-,ZV100,-,3750,0.3483317486
bijdrage_ratio,-,-,ZV100,-,4000,0.3499748497
bijdrage_ratio,-,-,ZV100,-,4250,0.3469057869
bijdrage_ratio,-,-,ZV100,-,4500,0.3441777311
bijdrage_ratio,-,-,ZV100,-,4750,0.3418497289
bijdrage_ratio,-,-,ZV100,-,5000,0.3413153164
bijdrage_ratio,-,-,ZV100,-,5250,0.3396187547
bijdrage_ratio,-,-,ZV100,-,5500,0.3246077431
bijdrage_ratio,-,-,ZV100,-,5750,0.3104943629
bijdrage_ratio,-,-,ZV100,-,6000,0.2975570978
bijdrage_ratio,-,-,ZV100,-,6250,0.2856548139
bijdrage_ratio,-,-,ZV100,-,6500,0.2746680903
bijdrage_ratio,-,-,ZV100,-,6750,0.2644951981
bijdrage_ratio,-,-,ZV100,-,7000,0.255048941
bijdrage_ratio,-,-,ZV100,-,7500,0.2380456783
bijdrage_ratio,-,-,ZV100,-,8000,0.2231678234
bijdrage_ratio,-,-,ZV100,-,8500,0.2100403043
bijdrage_ratio,-,-,ZV100,-,9000,0.1983713985
bijdrage_ratio,-,-,ZV100,-,9500,0.1879307986
bijdrage_ratio,-,-,ZV100,-,10000,0.1785342587
bijdrage_ratio,-,-,ZV100,-,11000,0.1623038715
bijdrage_ratio,-,-,ZV100,-,12000,0.1487785489
bijdrage_ratio,-,-,ZV100,-,13000,0.1373340451
bijdrage_ratio,-,-,ZV100,-,14000,0.1275244705
bijdrage_ratio,-,-,ZV100,-,15000,0.1190228391
bijdrage_ratio,-,-,ZV75,-,1550,0.2123315215
bijdrage_ratio,-,-,ZV75,-,1800,0.1925128955
bijdrage_ratio,-,-,ZV75,-,2000,0.2029874728
bijdrage_ratio,-,-,ZV75,-,2250,0.206856302
bijdrage_ratio,-,-,ZV75,-,2500,0.2133486072
bijdrage_ratio,-,-,ZV75,-,2750,0.2217488951
bijdrage_ratio,-,-,ZV75,-,3000,0.228749135
bijdrage_ratio,-,-,ZV75,-,3250,0.2320591519
bijdrage_ratio,-,-,ZV75,-,3500,0.2373229106
bijdrage_ratio,-,-,ZV75,-,3750,0.2418848348
bijdrage_ratio,-,-,ZV75,-,4000,0.2458765185
bijdrage_ratio,-,-,ZV75,-,4250,0.2513969699
bijdrage_ratio,-,-,ZV75,-,4500,0.2544166812
bijdrage_ratio,-,-,ZV75,-,4750,0.2589065503
bijdrage_ratio,-,-,ZV75,-,5000,0.2629474324
bijdrage_ratio,-,-,ZV75,-,5250,0.2631022571
bijdrage_ratio,-,-,ZV75,-,5500,0.261295363
bijdrage_ratio,-,-,ZV75,-,5750,0.2596455901
bijdrage_ratio,-,-,ZV75,-,6000,0.2581332983
bijdrage_ratio,-,-,ZV75,-,6250,0.2567489187
bijdrage_ratio,-,-,ZV75,-,6500,0.2566716372
bijdrage_ratio,-,-,ZV75,-,6750,0.2556566003
bijdrage_ratio,-,-,ZV75,-,7000,0.254714066
bijdrage_ratio,-,-,ZV75,-,7500,0.2380456783
bijdrage_ratio,-,-,ZV75,-,8000,0.2231678234
bijdrage_ratio,-,-,ZV75,-,8500,0.2100403043
bijdrage_ratio,-,-,ZV75,-,9000,0.1983713985
bijdrage_ratio,-,-,ZV75,-,9500,0.1879307986
bijdrage_ratio,-,-,ZV75,-,10000,0.1785342587
bijdrage_ratio,-,-,ZV75,-,11000,0.1623038715
bijdrage_ratio,-,-,ZV75,-,12000,0.1487785489
bijdrage_ratio,-,-,ZV75,-,13000,0.1373340451
bijdrage_ratio,-,-,ZV75,-,14000,0.1275244705
bijdrage_ratio,-,-,ZV75,-,15000,0.1190228391
bijdrage_ratio,-,-,ZV50,-,1550,0.2123315215
bijdrage_ratio,-,-,ZV50,-,1800,0.1828410324
bijdrage_ratio,-,-,ZV50,-,2000,0.1645569292
bijdrage_ratio,-,-,ZV50,-,2250,0.1462728259
bijdrage_ratio,-,-,ZV50,-,2500,0.1316455433
bijdrage_ratio,-,-,ZV50,-,2750,0.1303322031
bijdrage_ratio,-,-,ZV50,-,3000,0.1336263609
bijdrage_ratio,-,-,ZV50,-,3250,0.1374590304
bijdrage_ratio,-,-,ZV50,-,3500,0.1407441757
bijdrage_ratio,-,-,ZV50,-,3750,0.143138336
bijdrage_ratio,-,-,ZV50,-,4000,0.1460825368
bijdrage_ratio,-,-,ZV50,-,4250,0.149479712
bijdrage_ratio,-,-,ZV50,-,4500,0.1524994233
bijdrage_ratio,-,-,ZV50,-,4750,0.1534132482
bijdrage_ratio,-,-,ZV50,-,5000,0.1559343116
bijdrage_ratio,-,-,ZV50,-,5250,0.1582152737
bijdrage_ratio,-,-,ZV50,-,5500,0.1587446747
bijdrage_ratio,-,-,ZV50,-,5750,0.1621821643
bijdrage_ratio,-,-,ZV50,-,6000,0.163917679
bijdrage_ratio,-,-,ZV50,-,6250,0.1668732492
bijdrage_ratio,-,-,ZV50,-,6500,0.1682948364
bijdrage_ratio,-,-,ZV50,-,6750,0.1696111208
bijdrage_ratio,-,-,ZV50,-,7000,0.1720466856
bijdrage_ratio,-,-,ZV50,-,7500,0.1741658743
bijdrage_ratio,-,-,ZV50,-,8000,0.1749874248
bijdrage_ratio,-,-,ZV50,-,8500,0.1734528934
bijdrage_ratio,-,-,ZV50,-,9000,0.1720888655
bijdrage_ratio,-,-,ZV50,-,9500,0.1709248644
bijdrage_ratio,-,-,ZV50,-,10000,0.1706576582
bijdrage_ratio,-,-,ZV50,-,11000,0.1623038715
bijdrage_ratio,-,-,ZV50,-,12000,0.1487785489
bijdrage_ratio,-,-,ZV50,-,13000,0.1373340451
bijdrage_ratio,-,-,ZV50,-,14000,0.1275244705
bijdrage_ratio,-,-,ZV50,-,15000,0.1190228391
bijdrage_ratio,-,-,ZV00,-,1550,0.2123315215
bijdrage_ratio,-,-,ZV00,-,1800,0.1828410324
bijdrage_ratio,-,-,ZV00,-,2000,0.1645569292
bijdrage_ratio,-,-,ZV00,-,2250,0.1462728259
bijdrage_ratio,-,-,ZV00,-,2500,0.1316455433
bijdrage_ratio,-,-,ZV00,-,2750,0.1196777667
bijdrage_ratio,-,-,ZV00,-,3000,0.1097046194
bijdrage_ratio,-,-,ZV00,-,3250,0.1012658026
bijdrage_ratio,-,-,ZV00,-,3500,0.09403253095
bijdrage_ratio,-,-,ZV00,-,3750,0.08776369556
bijdrage_ratio,-,-,ZV00,-,4000,0.08227846458
bijdrage_ratio,-,-,ZV00,-,4250,0.0774385549
bijdrage_ratio,-,-,ZV00,-,4500,0.07313641296
bijdrage_ratio,-,-,ZV00,-,4750,0.06928712807
bijdrage_ratio,-,-,ZV00,-,5000,0.06582277167
bijdrage_ratio,-,-,ZV00,-,5250,0.06268835397
bijdrage_ratio,-,-,ZV00,-,5500,0.05983888333
bijdrage_ratio,-,-,ZV00,-,5750,0.05723719275
bijdrage_ratio,-,-,ZV00,-,6000,0.05485230972
bijdrage_ratio,-,-,ZV00,-,6250,0.05265821733
bijdrage_ratio,-,-,ZV00,-,6500,0.05063290128
bijdrage_ratio,-,-,ZV00,-,6750,0.04875760864
bijdrage_ratio,-,-,ZV00,-,7000,0.04701626548
bijdrage_ratio,-,-,ZV00,-,7500,0.04388184778
bijdrage_ratio,-,-,ZV00,-,8000,0.04113923229
bijdrage_ratio,-,-,ZV00,-,8500,0.03871927745
bijdrage_ratio,-,-,ZV00,-,9000,0.03656820648
bijdrage_ratio,-,-,ZV00,-,9500,0.03464356404
bijdrage_ratio,-,-,ZV00,-,10000,0.03291138583
bijdrage_ratio,-,-,ZV00,-,11000,0.02991944167
bijdrage_ratio,-,-,ZV00,-,12000,0.02742615486
bijdrage_ratio,-,-,ZV00,-,13000,0.02531645064
bijdrage_ratio,-,-,ZV00,-,14000,0.02350813274
bijdrage_ratio,-,-,ZV00,-,15000,0.02194092389
bijdrage_ratio,-,-,ZE,-,1550,0.2265750377
bijdrage_ratio,-,-,ZE,-,1800,0.2466072375
bijdrage_ratio,-,-,ZE,-,2000,0.2619041512
bijdrage_ratio,-,-,ZE,-,2250,0.278266602
bijdrage_ratio,-,-,ZE,-,2500,0.292635207
bijdrage_ratio,-,-,ZE,-,2750,0.3032289344
bijdrage_ratio,-,-,ZE,-,3000,0.3163191885
bijdrage_ratio,-,-,ZE,-,3250,0.3273955574
bijdrage_ratio,-,-,ZE,-,3500,0.3368895879
bijdrage_ratio,-,-,ZE,-,3750,0.3451177476
bijdrage_ratio,-,-,ZE,-,4000,0.3464514129
bijdrage_ratio,-,-,ZE,-,4250,0.3447528221
bijdrage_ratio,-,-,ZE,-,4500,0.3442807915
bijdrage_ratio,-,-,ZE,-,4750,0.3423836402
bijdrage_ratio,-,-,ZE,-,5000,0.3411432266
bijdrage_ratio,-,-,ZE,-,5250,0.3339170007
bijdrage_ratio,-,-,ZE,-,5500,0.3187389552
bijdrage_ratio,-,-,ZE,-,5750,0.3048807398
bijdrage_ratio,-,-,ZE,-,6000,0.2921773756
bijdrage_ratio,-,-,ZE,-,6250,0.2804902806
bijdrage_ratio,-,-,ZE,-,6500,0.2697021929
bijdrage_ratio,-,-,ZE,-,6750,0.2597132228
bijdrage_ratio,-,-,ZE,-,7000,0.2504377505
bijdrage_ratio,-,-,ZE,-,7500,0.2337419005
bijdrage_ratio,-,-,ZE,-,8000,0.2191330317
bijdrage_ratio,-,-,ZE,-,8500,0.2062428534
bijdrage_ratio,-,-,ZE,-,9000,0.1947849171
bijdrage_ratio,-,-,ZE,-,9500,0.1845330793
bijdrage_ratio,-,-,ZE,-,10000,0.1753064254
bijdrage_ratio,-,-,ZE,-,11000,0.1593694776
bijdrage_ratio,-,-,ZE,-,12000,0.1460886878
bijdrage_ratio,-,-,ZE,-,13000,0.1348510964
bijdrage_ratio,-,-,ZE,-,14000,0.1252188753
bijdrage_ratio,-,-,ZE,-,15000,0.1168709502
bijdrage_ratio,-,-,WN,-,1550,0
bijdrage_ratio,-,-,WN,-,1800,0
bijdrage_ratio,-,-,WN,-,2000,0.000755
bijdrage_ratio,-,-,WN,-,2250,0.07833333333
bijdrage_ratio,-,-,WN,-,2500,0.21078
bijdrage_ratio,-,-,WN,-,2750,0.2221963636
bijdrage_ratio,-,-,WN,-,3000,0.2325166667
bijdrage_ratio,-,-,WN,-,3250,0.2406153846
bijdrage_ratio,-,-,WN,-,3500,0.2494142857
bijdrage_ratio,-,-,WN,-,3750,0.255696
bijdrage_ratio,-,-,WN,-,4000,0.2591475
bijdrage_ratio,-,-,WN,-,4250,0.2636
bijdrage_ratio,-,-,WN,-,4500,0.2675577778
bijdrage_ratio,-,-,WN,-,4750,0.26984
bijdrage_ratio,-,-,WN,-,5000,0.27309
bijdrage_ratio,-,-,WN,-,5250,0.2748914286
bijdrage_ratio,-,-,WN,-,5500,0.2776145455
bijdrage_ratio,-,-,WN,-,5750,0.2790626087
bijdrage_ratio,-,-,WN,-,6000,0.2813866667
bijdrage_ratio,-,-,WN,-,6250,0.282568
bijdrage_ratio,-,-,WN,-,6500,0.2845784615
bijdrage_ratio,-,-,WN,-,6750,0.2855540741
bijdrage_ratio,-,-,WN,-,7000,0.2873142857
bijdrage_ratio,-,-,WN,-,7500,0.289684
bijdrage_ratio,-,-,WN,-,8000,0.29175875
bijdrage_ratio,-,-,WN,-,8500,0.2935894118
bijdrage_ratio,-,-,WN,-,9000,0.2952166667
bijdrage_ratio,-,-,WN,-,9500,0.2973010526
bijdrage_ratio,-,-,WN,-,10000,0.29858
bijdrage_ratio,-,-,WN,-,11000,0.3007890909
bijdrage_ratio,-,-,WN,-,12000,0.3026291667
bijdrage_ratio,-,-,WN,-,13000,0.3041869231
bijdrage_ratio,-,-,WN,-,14000,0.3055214286
bijdrage_ratio,-,-,WN,-,15000,0.3066786667
vervangingsgraad,alleen,ziekte,ZS,-,1550,1.03893153
vervangingsgraad,alleen,ziekte,ZS,-,1800,0.8946354844
vervangingsgraad,alleen,ziekte,ZS,-,2000,0.805171936
vervangingsgraad,alleen,ziekte,ZS,-,2250,0.7157083876
vervangingsgraad,alleen,ziekte,ZS,-,2500,0.6441375488
vervangingsgraad,alleen,ziekte,ZS,-,2750,0.5855795898
vervangingsgraad,alleen,ziekte,ZS,-,3000,0.5367812907
vervangingsgraad,alleen,ziekte,ZS,-,3250,0.4954904222
vervangingsgraad,alleen,ziekte,ZS,-,3500,0.4600982491
vervangingsgraad,alleen,ziekte,ZS,-,3750,0.4294250325
vervangingsgraad,alleen,ziekte,ZS,-,4000,0.402585968
vervangingsgraad,alleen,ziekte,ZS,-,4250,0.3789044405
vervangingsgraad,alleen,ziekte,ZS,-,4500,0.3578541938
vervangingsgraad,alleen,ziekte,ZS,-,4750,0.3390197625
vervangingsgraad,alleen,ziekte,ZS,-,5000,0.3220687744
vervangingsgraad,alleen,ziekte,ZS,-,5250,0.3067321661
vervangingsgraad,alleen,ziekte,ZS,-,5500,0.2927897949
vervangingsgraad,alleen,ziekte,ZS,-,5750,0.2800598038
vervangingsgraad,alleen,ziekte,ZS,-,6000,0.2683906453
vervangingsgraad,alleen,ziekte,ZS,-,6250,0.2576550195
vervangingsgraad,alleen,ziekte,ZS,-,6500,0.2477452111
vervangingsgraad,alleen,ziekte,ZS,-,6750,0.2385694625
vervangingsgraad,alleen,ziekte,ZS,-,7000,0.2300491246
vervangingsgraad,alleen,ziekte,ZS,-,7500,0.2147125163
vervangingsgraad,alleen,ziekte,ZS,-,8000,0.201292984
vervangingsgraad,alleen,ziekte,ZS,-,8500,0.1894522202
vervangingsgraad,alleen,ziekte,ZS,-,9000,0.1789270969
vervangingsgraad,alleen,ziekte,ZS,-,9500,0.1695098813
vervangingsgraad,alleen,ziekte,ZS,-,10000,0.1610343872
vervangingsgraad,alleen,ziekte,ZS,-,11000,0.1463948975
vervangingsgraad,alleen,ziekte,ZS,-,12000,0.1341953227
vervangingsgraad,alleen,ziekte,ZS,-,13000,0.1238726055
vervangingsgraad,alleen,ziekte,ZS,-,14000,0.1150245623
vervangingsgraad,alleen,ziekte,ZS,-,15000,0.1073562581
vervangingsgraad,alleen,ziekte,WN,2,1550,0.8447053761
vervangingsgraad,alleen,ziekte,WN,2,1800,0.727385185
vervangingsgraad,alleen,ziekte,WN,2,2000,0.6546466665
vervangingsgraad,alleen,ziekte,WN,2,2250,0.7729234884
vervangingsgraad,alleen,ziekte,WN,2,2500,0.8073992724
vervangingsgraad,alleen,ziekte,WN,2,2750,0.7929360338
vervangingsgraad,alleen,ziekte,WN,2,3000,0.7495607773
vervangingsgraad,alleen,ziekte,WN,2,3250,0.691902256
vervangingsgraad,alleen,ziekte,WN,2,3500,0.6424806663
vervangingsgraad,alleen,ziekte,WN,2,3750,0.5996486219
vervangingsgraad,alleen,ziekte,WN,2,4000,0.562170583
vervangingsgraad,alleen,ziekte,WN,2,4250,0.5291017252
vervangingsgraad,alleen,ziekte,WN,2,4500,0.4997071849
vervangingsgraad,alleen,ziekte,WN,2,4750,0.4734068067
vervangingsgraad,alleen,ziekte,WN,2,5000,0.4497364664
vervangingsgraad,alleen,ziekte,WN,2,5250,0.4283204442
vervangingsgraad,alleen,ziekte,WN,2,5500,0.4088513331
vervangingsgraad,alleen,ziekte,WN,2,5750,0.3910751882
vervangingsgraad,alleen,ziekte,WN,2,6000,0.3747803887
vervangingsgraad,alleen,ziekte,WN,2,6250,0.3597891731
vervangingsgraad,alleen,ziekte,WN,2,6500,0.345951128
vervangingsgraad,alleen,ziekte,WN,2,6750,0.3331381233
vervangingsgraad,alleen,ziekte,WN,2,7000,0.3212403331
vervangingsgraad,alleen,ziekte,WN,2,7500,0.2998243109
vervangingsgraad,alleen,ziekte,WN,2,8000,0.2810852915
vervangingsgraad,alleen,ziekte,WN,2,8500,0.2645508626
vervangingsgraad,alleen,ziekte,WN,2,9000,0.2498535924
vervangingsgraad,alleen,ziekte,WN,2,9500,0.2367034034
vervangingsgraad,alleen,ziekte,WN,2,10000,0.2248682332
vervangingsgraad,alleen,ziekte,WN,2,11000,0.2044256665
vervangingsgraad,alleen,ziekte,WN,2,12000,0.1873901943
vervangingsgraad,alleen,ziekte,WN,2,13000,0.172975564
vervangingsgraad,alleen,ziekte,WN,2,14000,0.1606201666
vervangingsgraad,alleen,ziekte,WN,2,15000,0.1499121555
vervangingsgraad,alleen,ziekte,WN,3-6,1550,0.9032258065
vervangingsgraad,alleen,ziekte,WN,3-6,1800,0.8946354844
vervangingsgraad,alleen,ziekte,WN,3-6,2000,0.805171936
vervangingsgraad,alleen,ziekte,WN,3-6,2250,0.7729234884
vervangingsgraad,alleen,ziekte,WN,3-6,2500,0.8073992724
vervangingsgraad,alleen,ziekte,WN,3-6,2750,0.7929360338
vervangingsgraad,alleen,ziekte,WN,3-6,3000,0.749547383
vervangingsgraad,alleen,ziekte,WN,3-6,3250,0.691889892
vervangingsgraad,alleen,ziekte,WN,3-6,3500,0.6424691854
vervangingsgraad,alleen,ziekte,WN,3-6,3750,0.5996379064
vervangingsgraad,alleen,ziekte,WN,3-6,4000,0.5621605372
vervangingsgraad,alleen,ziekte,WN,3-6,4250,0.5290922704
vervangingsgraad,alleen,ziekte,WN,3-6,4500,0.4996982553
vervangingsgraad,alleen,ziekte,WN,3-6,4750,0.4733983472
vervangingsgraad,alleen,ziekte,WN,3-6,5000,0.4497284298
vervangingsgraad,alleen,ziekte,WN,3-6,5250,0.4283127903
vervangingsgraad,alleen,ziekte,WN,3-6,5500,0.4088440271
vervangingsgraad,alleen,ziekte,WN,3-6,5750,0.3910681998
vervangingsgraad,alleen,ziekte,WN,3-6,6000,0.3747736915
vervangingsgraad,alleen,ziekte,WN,3-6,6250,0.3597827438
vervangingsgraad,alleen,ziekte,WN,3-6,6500,0.345944946
vervangingsgraad,alleen,ziekte,WN,3-6,6750,0.3331321702
vervangingsgraad,alleen,ziekte,WN,3-6,7000,0.3212345927
vervangingsgraad,alleen,ziekte,WN,3-6,7500,0.2998189532
vervangingsgraad,alleen,ziekte,WN,3-6,8000,0.2810802686
vervangingsgraad,alleen,ziekte,WN,3-6,8500,0.2645461352
vervangingsgraad,alleen,ziekte,WN,3-6,9000,0.2498491277
vervangingsgraad,alleen,ziekte,WN,3-6,9500,0.2366991736
vervangingsgraad,alleen,ziekte,WN,3-6,10000,0.2248642149
vervangingsgraad,alleen,ziekte,WN,3-6,11000,0.2044220135
vervangingsgraad,alleen,ziekte,WN,3-6,12000,0.1873868457
vervangingsgraad,alleen,ziekte,WN,3-6,13000,0.172972473
vervangingsgraad,alleen,ziekte,WN,3-6,14000,0.1606172964
vervangingsgraad,alleen,ziekte,WN,3-6,15000,0.1499094766
vervangingsgraad,alleen,ziekte,WN,7-12,1550,1.03893153
vervangingsgraad,alleen,ziekte,WN,7-12,1800,0.8946354844
vervangingsgraad,alleen,ziekte,WN,7-12,2000,0.805171936
vervangingsgraad,alleen,ziekte,WN,7-12,2250,0.7729234884
vervangingsgraad,alleen,ziekte,WN,7-12,2500,0.8073992724
vervangingsgraad,alleen,ziekte,WN,7-12,2750,0.7929360338
vervangingsgraad,alleen,ziekte,WN,7-12,3000,0.749547383
vervangingsgraad,alleen,ziekte,WN,7-12,3250,0.691889892
vervangingsgraad,alleen,ziekte,WN,7-12,3500,0.6424691854
vervangingsgraad,alleen,ziekte,WN,7-12,3750,0.5996379064
vervangingsgraad,alleen,ziekte,WN,7-12,4000,0.5621605372
vervangingsgraad,alleen,ziekte,WN,7-12,4250,0.5290922704
vervangingsgraad,alleen,ziekte,WN,7-12,4500,0.4996982553
vervangingsgraad,alleen,ziekte,WN,7-12,4750,0.4733983472
vervangingsgraad,alleen,ziekte,WN,7-12,5000,0.4497284298
vervangingsgraad,alleen,ziekte,WN,7-12,5250,0.4283127903
vervangingsgraad,alleen,ziekte,WN,7-12,5500,0.4088440271
vervangingsgraad,alleen,ziekte,WN,7-12,5750,0.3910681998
vervangingsgraad,alleen,ziekte,WN,7-12,6000,0.3747736915
vervangingsgraad,alleen,ziekte,WN,7-12,6250,0.3597827438
vervangingsgraad,alleen,ziekte,WN,7-12,6500,0.345944946
vervangingsgraad,alleen,ziekte,WN,7-12,6750,0.3331321702
vervangingsgraad,alleen,ziekte,WN,7-12,7000,0.3212345927
vervangingsgraad,alleen,ziekte,WN,7-12,7500,0.2998189532
vervangingsgraad,alleen,ziekte,WN,7-12,8000,0.2810802686
vervangingsgraad,alleen,ziekte,WN,7-12,8500,0.2645461352
vervangingsgraad,alleen,ziekte,WN,7-12,9000,0.2498491277
vervangingsgraad,alleen,ziekte,WN,7-12,9500,0.2366991736
vervangingsgraad,alleen,ziekte,WN,7-12,10000,0.2248642149
vervangingsgraad,alleen,ziekte,WN,7-12,11000,0.2044220135
vervangingsgraad,alleen,ziekte,WN,7-12,12000,0.1873868457
vervangingsgraad,alleen,ziekte,WN,7-12,13000,0.172972473
vervangingsgraad,alleen,ziekte,WN,7-12,14000,0.1606172964
vervangingsgraad,alleen,ziekte,WN,7-12,15000,0.1499094766
vervangingsgraad,alleen,werkloosheid,ZS,-,1550,1.040620166
vervangingsgraad,alleen,werkloosheid,ZS,-,1800,0.8960895878
vervangingsgraad,alleen,werkloosheid,ZS,-,2000,0.806480629
vervangingsgraad,alleen,werkloosheid,ZS,-,2250,0.7168716702
vervangingsgraad,alleen,werkloosheid,ZS,-,2500,0.6451845032
vervangingsgraad,alleen,werkloosheid,ZS,-,2750,0.5865313665
vervangingsgraad,alleen,werkloosheid,ZS,-,3000,0.5376537527
vervangingsgraad,alleen,werkloosheid,ZS,-,3250,0.4962957717
vervangingsgraad,alleen,werkloosheid,ZS,-,3500,0.4608460737
vervangingsgraad,alleen,werkloosheid,ZS,-,3750,0.4301230021
vervangingsgraad,alleen,werkloosheid,ZS,-,4000,0.4032403145
vervangingsgraad,alleen,werkloosheid,ZS,-,4250,0.379520296
vervangingsgraad,alleen,werkloosheid,ZS,-,4500,0.3584358351
vervangingsgraad,alleen,werkloosheid,ZS,-,4750,0.3395707912
vervangingsgraad,alleen,werkloosheid,ZS,-,5000,0.3225922516
vervangingsgraad,alleen,werkloosheid,ZS,-,5250,0.3072307158
vervangingsgraad,alleen,werkloosheid,ZS,-,5500,0.2932656833
vervangingsgraad,alleen,werkloosheid,ZS,-,5750,0.2805150014
vervangingsgraad,alleen,werkloosheid,ZS,-,6000,0.2688268763
vervangingsgraad,alleen,werkloosheid,ZS,-,6250,0.2580738013
vervangingsgraad,alleen,werkloosheid,ZS,-,6500,0.2481478858
vervangingsgraad,alleen,werkloosheid,ZS,-,6750,0.2389572234
vervangingsgraad,alleen,werkloosheid,ZS,-,7000,0.2304230369
vervangingsgraad,alleen,werkloosheid,ZS,-,7500,0.2150615011
vervangingsgraad,alleen,werkloosheid,ZS,-,8000,0.2016201573
vervangingsgraad,alleen,werkloosheid,ZS,-,8500,0.189760148
vervangingsgraad,alleen,werkloosheid,ZS,-,9000,0.1792179176
vervangingsgraad,alleen,werkloosheid,ZS,-,9500,0.1697853956
vervangingsgraad,alleen,werkloosheid,ZS,-,10000,0.1612961258
vervangingsgraad,alleen,werkloosheid,ZS,-,11000,0.1466328416
vervangingsgraad,alleen,werkloosheid,ZS,-,12000,0.1344134382
vervangingsgraad,alleen,werkloosheid,ZS,-,13000,0.1240739429
vervangingsgraad,alleen,werkloosheid,ZS,-,14000,0.1152115184
vervangingsgraad,alleen,werkloosheid,ZS,-,15000,0.1075307505
vervangingsgraad,alleen,werkloosheid,WN,1-3,1550,0.9117741935
vervangingsgraad,alleen,werkloosheid,WN,1-3,1800,0.7851388889
vervangingsgraad,alleen,werkloosheid,WN,1-3,2000,0.706625
vervangingsgraad,alleen,werkloosheid,WN,1-3,2250,0.7773529462
vervangingsgraad,alleen,werkloosheid,WN,1-3,2500,0.7600593784
vervangingsgraad,alleen,werkloosheid,WN,1-3,2750,0.6909630713
vervangingsgraad,alleen,werkloosheid,WN,1-3,3000,0.6333828153
vervangingsgraad,alleen,werkloosheid,WN,1-3,3250,0.5846610603
vervangingsgraad,alleen,werkloosheid,WN,1-3,3500,0.542899556
vervangingsgraad,alleen,werkloosheid,WN,1-3,3750,0.5067062523
vervangingsgraad,alleen,werkloosheid,WN,1-3,4000,0.4750371115
vervangingsgraad,alleen,werkloosheid,WN,1-3,4250,0.447093752
vervangingsgraad,alleen,werkloosheid,WN,1-3,4500,0.4222552102
vervangingsgraad,alleen,werkloosheid,WN,1-3,4750,0.4000312518
vervangingsgraad,alleen,werkloosheid,WN,1-3,5000,0.3800296892
vervangingsgraad,alleen,werkloosheid,WN,1-3,5250,0.3619330373
vervangingsgraad,alleen,werkloosheid,WN,1-3,5500,0.3454815356
vervangingsgraad,alleen,werkloosheid,WN,1-3,5750,0.3304605993
vervangingsgraad,alleen,werkloosheid,WN,1-3,6000,0.3166914077
vervangingsgraad,alleen,werkloosheid,WN,1-3,6250,0.3040237514
vervangingsgraad,alleen,werkloosheid,WN,1-3,6500,0.2923305302
vervangingsgraad,alleen,werkloosheid,WN,1-3,6750,0.2815034735
vervangingsgraad,alleen,werkloosheid,WN,1-3,7000,0.271449778
vervangingsgraad,alleen,werkloosheid,WN,1-3,7500,0.2533531261
vervangingsgraad,alleen,werkloosheid,WN,1-3,8000,0.2375185557
vervangingsgraad,alleen,werkloosheid,WN,1-3,8500,0.223546876
vervangingsgraad,alleen,werkloosheid,WN,1-3,9000,0.2111276051
vervangingsgraad,alleen,werkloosheid,WN,1-3,9500,0.2000156259
vervangingsgraad,alleen,werkloosheid,WN,1-3,10000,0.1900148446
vervangingsgraad,alleen,werkloosheid,WN,1-3,11000,0.1727407678
vervangingsgraad,alleen,werkloosheid,WN,1-3,12000,0.1583457038
vervangingsgraad,alleen,werkloosheid,WN,1-3,13000,0.1461652651
vervangingsgraad,alleen,werkloosheid,WN,1-3,14000,0.135724889
vervangingsgraad,alleen,werkloosheid,WN,1-3,15000,0.1266765631
vervangingsgraad,alleen,werkloosheid,WN,4-6,1550,0.9117741935
vervangingsgraad,alleen,werkloosheid,WN,4-6,1800,0.7851388889
vervangingsgraad,alleen,werkloosheid,WN,4-6,2000,0.706625
vervangingsgraad,alleen,werkloosheid,WN,4-6,2250,0.7437190173
vervangingsgraad,alleen,werkloosheid,WN,4-6,2500,0.725148386
vervangingsgraad,alleen,werkloosheid,WN,4-6,2750,0.6592258055
vervangingsgraad,alleen,werkloosheid,WN,4-6,3000,0.6042903217
vervangingsgraad,alleen,werkloosheid,WN,4-6,3250,0.5578064508
vervangingsgraad,alleen,werkloosheid,WN,4-6,3500,0.5179631329
vervangingsgraad,alleen,werkloosheid,WN,4-6,3750,0.4834322573
vervangingsgraad,alleen,werkloosheid,WN,4-6,4000,0.4532177413
vervangingsgraad,alleen,werkloosheid,WN,4-6,4250,0.4265578741
vervangingsgraad,alleen,werkloosheid,WN,4-6,4500,0.4028602144
vervangingsgraad,alleen,werkloosheid,WN,4-6,4750,0.3816570453
vervangingsgraad,alleen,werkloosheid,WN,4-6,5000,0.362574193
vervangingsgraad,alleen,werkloosheid,WN,4-6,5250,0.3453087552
vervangingsgraad,alleen,werkloosheid,WN,4-6,5500,0.3296129027
vervangingsgraad,alleen,werkloosheid,WN,4-6,5750,0.315281907
vervangingsgraad,alleen,werkloosheid,WN,4-6,6000,0.3021451608
vervangingsgraad,alleen,werkloosheid,WN,4-6,6250,0.2900593544
vervangingsgraad,alleen,werkloosheid,WN,4-6,6500,0.2789032254
vervangingsgraad,alleen,werkloosheid,WN,4-6,6750,0.2685734763
vervangingsgraad,alleen,werkloosheid,WN,4-6,7000,0.2589815664
vervangingsgraad,alleen,werkloosheid,WN,4-6,7500,0.2417161287
vervangingsgraad,alleen,werkloosheid,WN,4-6,8000,0.2266088706
vervangingsgraad,alleen,werkloosheid,WN,4-6,8500,0.2132789371
vervangingsgraad,alleen,werkloosheid,WN,4-6,9000,0.2014301072
vervangingsgraad,alleen,werkloosheid,WN,4-6,9500,0.1908285226
vervangingsgraad,alleen,werkloosheid,WN,4-6,10000,0.1812870965
vervangingsgraad,alleen,werkloosheid,WN,4-6,11000,0.1648064514
vervangingsgraad,alleen,werkloosheid,WN,4-6,12000,0.1510725804
vervangingsgraad,alleen,werkloosheid,WN,4-6,13000,0.1394516127
vervangingsgraad,alleen,werkloosheid,WN,4-6,14000,0.1294907832
vervangingsgraad,alleen,werkloosheid,WN,4-6,15000,0.1208580643
vervangingsgraad,alleen,werkloosheid,WN,7-12,1550,0.9117741935
vervangingsgraad,alleen,werkloosheid,WN,7-12,1800,0.7851388889
vervangingsgraad,alleen,werkloosheid,WN,7-12,2000,0.706625
vervangingsgraad,alleen,werkloosheid,WN,7-12,2250,0.7437190173
vervangingsgraad,alleen,werkloosheid,WN,7-12,2500,0.696657856
vervangingsgraad,alleen,werkloosheid,WN,7-12,2750,0.6333253236
vervangingsgraad,alleen,werkloosheid,WN,7-12,3000,0.5805482133
vervangingsgraad,alleen,werkloosheid,WN,7-12,3250,0.5358906585
vervangingsgraad,alleen,werkloosheid,WN,7-12,3500,0.4976127543
vervangingsgraad,alleen,werkloosheid,WN,7-12,3750,0.4644385707
vervangingsgraad,alleen,werkloosheid,WN,7-12,4000,0.43541116
vervangingsgraad,alleen,werkloosheid,WN,7-12,4250,0.4097987388
vervangingsgraad,alleen,werkloosheid,WN,7-12,4500,0.3870321422
vervangingsgraad,alleen,werkloosheid,WN,7-12,4750,0.3666620295
vervangingsgraad,alleen,werkloosheid,WN,7-12,5000,0.348328928
vervangingsgraad,alleen,werkloosheid,WN,7-12,5250,0.3317418362
vervangingsgraad,alleen,werkloosheid,WN,7-12,5500,0.3166626618
vervangingsgraad,alleen,werkloosheid,WN,7-12,5750,0.30289472
vervangingsgraad,alleen,werkloosheid,WN,7-12,6000,0.2902741067
vervangingsgraad,alleen,werkloosheid,WN,7-12,6250,0.2786631424
vervangingsgraad,alleen,werkloosheid,WN,7-12,6500,0.2679453292
vervangingsgraad,alleen,werkloosheid,WN,7-12,6750,0.2580214281
vervangingsgraad,alleen,werkloosheid,WN,7-12,7000,0.2488063771
vervangingsgraad,alleen,werkloosheid,WN,7-12,7500,0.2322192853
vervangingsgraad,alleen,werkloosheid,WN,7-12,8000,0.21770558
vervangingsgraad,alleen,werkloosheid,WN,7-12,8500,0.2048993694
vervangingsgraad,alleen,werkloosheid,WN,7-12,9000,0.1935160711
vervangingsgraad,alleen,werkloosheid,WN,7-12,9500,0.1833310147
vervangingsgraad,alleen,werkloosheid,WN,7-12,10000,0.174164464
vervangingsgraad,alleen,werkloosheid,WN,7-12,11000,0.1583313309
vervangingsgraad,alleen,werkloosheid,WN,7-12,12000,0.1451370533
vervangingsgraad,alleen,werkloosheid,WN,7-12,13000,0.1339726646
vervangingsgraad,alleen,werkloosheid,WN,7-12,14000,0.1244031886
vervangingsgraad,alleen,werkloosheid,WN,7-12,15000,0.1161096427
vervangingsgraad,koppel,ziekte,ZS,-,1550,0.7969010323
vervangingsgraad,koppel,ziekte,ZS,-,1800,0.6862203333
vervangingsgraad,koppel,ziekte,ZS,-,2000,0.6175983
vervangingsgraad,koppel,ziekte,ZS,-,2250,0.5489762667
vervangingsgraad,koppel,ziekte,ZS,-,2500,0.49407864
vervangingsgraad,koppel,ziekte,ZS,-,2750,0.4491624
vervangingsgraad,koppel,ziekte,ZS,-,3000,0.4117322
vervangingsgraad,koppel,ziekte,ZS,-,3250,0.3800604923
vervangingsgraad,koppel,ziekte,ZS,-,3500,0.3529133143
vervangingsgraad,koppel,ziekte,ZS,-,3750,0.32938576
vervangingsgraad,koppel,ziekte,ZS,-,4000,0.30879915
vervangingsgraad,koppel,ziekte,ZS,-,4250,0.2906344941
vervangingsgraad,koppel,ziekte,ZS,-,4500,0.2744881333
vervangingsgraad,koppel,ziekte,ZS,-,4750,0.2600413895
vervangingsgraad,koppel,ziekte,ZS,-,5000,0.24703932
vervangingsgraad,koppel,ziekte,ZS,-,5250,0.2352755429
vervangingsgraad,koppel,ziekte,ZS,-,5500,0.2245812
vervangingsgraad,koppel,ziekte,ZS,-,5750,0.2148168
vervangingsgraad,koppel,ziekte,ZS,-,6000,0.2058661
vervangingsgraad,koppel,ziekte,ZS,-,6250,0.197631456
vervangingsgraad,koppel,ziekte,ZS,-,6500,0.1900302462
vervangingsgraad,koppel,ziekte,ZS,-,6750,0.1829920889
vervangingsgraad,koppel,ziekte,ZS,-,7000,0.1764566571
vervangingsgraad,koppel,ziekte,ZS,-,7500,0.16469288
vervangingsgraad,koppel,ziekte,ZS,-,8000,0.154399575
vervangingsgraad,koppel,ziekte,ZS,-,8500,0.1453172471
vervangingsgraad,koppel,ziekte,ZS,-,9000,0.1372440667
vervangingsgraad,koppel,ziekte,ZS,-,9500,0.1300206947
vervangingsgraad,koppel,ziekte,ZS,-,10000,0.12351966
vervangingsgraad,koppel,ziekte,ZS,-,11000,0.1122906
vervangingsgraad,koppel,ziekte,ZS,-,12000,0.10293305
vervangingsgraad,koppel,ziekte,ZS,-,13000,0.09501512308
vervangingsgraad,koppel,ziekte,ZS,-,14000,0.08822832857
vervangingsgraad,koppel,ziekte,ZS,-,15000,0.08234644
vervangingsgraad,koppel,ziekte,WN,2,1550,0.5489690323
vervangingsgraad,koppel,ziekte,WN,2,1800,0.5794666667
vervangingsgraad,koppel,ziekte,WN,2,2000,0.617589
vervangingsgraad,koppel,ziekte,WN,2,2250,0.7729234884
vervangingsgraad,koppel,ziekte,WN,2,2500,0.8073992724
vervangingsgraad,koppel,ziekte,WN,2,2750,0.7929360338
vervangingsgraad,koppel,ziekte,WN,2,3000,0.7495607773
vervangingsgraad,koppel,ziekte,WN,2,3250,0.691902256
vervangingsgraad,koppel,ziekte,WN,2,3500,0.6424806663
vervangingsgraad,koppel,ziekte,WN,2,3750,0.5996486219
vervangingsgraad,koppel,ziekte,WN,2,4000,0.562170583
vervangingsgraad,koppel,ziekte,WN,2,4250,0.5291017252
vervangingsgraad,koppel,ziekte,WN,2,4500,0.4997071849
vervangingsgraad,koppel,ziekte,WN,2,4750,0.4734068067
vervangingsgraad,koppel,ziekte,WN,2,5000,0.4497364664
vervangingsgraad,koppel,ziekte,WN,2,5250,0.4283204442
vervangingsgraad,koppel,ziekte,WN,2,5500,0.4088513331
vervangingsgraad,koppel,ziekte,WN,2,5750,0.3910751882
vervangingsgraad,koppel,ziekte,WN,2,6000,0.3747803887
vervangingsgraad,koppel,ziekte,WN,2,6250,0.3597891731
vervangingsgraad,koppel,ziekte,WN,2,6500,0.345951128
vervangingsgraad,koppel,ziekte,WN,2,6750,0.3331381233
vervangingsgraad,koppel,ziekte,WN,2,7000,0.3212403331
vervangingsgraad,koppel,ziekte,WN,2,7500,0.2998243109
vervangingsgraad,koppel,ziekte,WN,2,8000,0.2810852915
vervangingsgraad,koppel,ziekte,WN,2,8500,0.2645508626
vervangingsgraad,koppel,ziekte,WN,2,9000,0.2498535924
vervangingsgraad,koppel,ziekte,WN,2,9500,0.2367034034
vervangingsgraad,koppel,ziekte,WN,2,10000,0.2248682332
vervangingsgraad,koppel,ziekte,WN,2,11000,0.2044256665
vervangingsgraad,koppel,ziekte,WN,2,12000,0.1873901943
vervangingsgraad,koppel,ziekte,WN,2,13000,0.172975564
vervangingsgraad,koppel,ziekte,WN,2,14000,0.1606201666
vervangingsgraad,koppel,ziekte,WN,2,15000,0.1499121555
vervangingsgraad,koppel,ziekte,WN,3-6,1550,0.9032258065
vervangingsgraad,koppel,ziekte,WN,3-6,1800,0.8946354844
vervangingsgraad,koppel,ziekte,WN,3-6,2000,0.805171936
vervangingsgraad,koppel,ziekte,WN,3-6,2250,0.7729234884
vervangingsgraad,koppel,ziekte,WN,3-6,2500,0.8073992724
vervangingsgraad,koppel,ziekte,WN,3-6,2750,0.7929360338
vervangingsgraad,koppel,ziekte,WN,3-6,3000,0.749547383
vervangingsgraad,koppel,ziekte,WN,3-6,3250,0.691889892
vervangingsgraad,koppel,ziekte,WN,3-6,3500,0.6424691854
vervangingsgraad,koppel,ziekte,WN,3-6,3750,0.5996379064
vervangingsgraad,koppel,ziekte,WN,3-6,4000,0.5621605372
vervangingsgraad,koppel,ziekte,WN,3-6,4250,0.5290922704
vervangingsgraad,koppel,ziekte,WN,3-6,4500,0.4996982553
vervangingsgraad,koppel,ziekte,WN,3-6,4750,0.4733983472
vervangingsgraad,koppel,ziekte,WN,3-6,5000,0.4497284298
vervangingsgraad,koppel,ziekte,WN,3-6,5250,0.4283127903
vervangingsgraad,koppel,ziekte,WN,3-6,5500,0.4088440271
vervangingsgraad,koppel,ziekte,WN,3-6,5750,0.3910681998
vervangingsgraad,koppel,ziekte,WN,3-6,6000,0.3747736915
vervangingsgraad,koppel,ziekte,WN,3-6,6250,0.3597827438
vervangingsgraad,koppel,ziekte,WN,3-6,6500,0.345944946
vervangingsgraad,koppel,ziekte,WN,3-6,6750,0.3331321702
vervangingsgraad,koppel,ziekte,WN,3-6,7000,0.3212345927
vervangingsgraad,koppel,ziekte,WN,3-6,7500,0.2998189532
vervangingsgraad,koppel,ziekte,WN,3-6,8000,0.2810802686
vervangingsgraad,koppel,ziekte,WN,3-6,8500,0.2645461352
vervangingsgraad,koppel,ziekte,WN,3-6,9000,0.2498491277
vervangingsgraad,koppel,ziekte,WN,3-6,9500,0.2366991736
vervangingsgraad,koppel,ziekte,WN,3-6,10000,0.2248642149
vervangingsgraad,koppel,ziekte,WN,3-6,11000,0.2044220135
vervangingsgraad,koppel,ziekte,WN,3-6,12000,0.1873868457
vervangingsgraad,koppel,ziekte,WN,3-6,13000,0.172972473
vervangingsgraad,koppel,ziekte,WN,3-6,14000,0.1606172964
vervangingsgraad,koppel,ziekte,WN,3-6,15000,0.1499094766
vervangingsgraad,koppel,ziekte,WN,7-12,1550,0.8909211974
vervangingsgraad,koppel,ziekte,WN,7-12,1800,0.7671821422
vervangingsgraad,koppel,ziekte,WN,7-12,2000,0.690463928
vervangingsgraad,koppel,ziekte,WN,7-12,2250,0.7729234884
vervangingsgraad,koppel,ziekte,WN,7-12,2500,0.8073992724
vervangingsgraad,koppel,ziekte,WN,7-12,2750,0.7929360338
vervangingsgraad,koppel,ziekte,WN,7-12,3000,0.749547383
vervangingsgraad,koppel,ziekte,WN,7-12,3250,0.691889892
vervangingsgraad,koppel,ziekte,WN,7-12,3500,0.6424691854
vervangingsgraad,koppel,ziekte,WN,7-12,3750,0.5996379064
vervangingsgraad,koppel,ziekte,WN,7-12,4000,0.5621605372
vervangingsgraad,koppel,ziekte,WN,7-12,4250,0.5290922704
vervangingsgraad,koppel,ziekte,WN,7-12,4500,0.4996982553
vervangingsgraad,koppel,ziekte,WN,7-12,4750,0.4733983472
vervangingsgraad,koppel,ziekte,WN,7-12,5000,0.4497284298
vervangingsgraad,koppel,ziekte,WN,7-12,5250,0.4283127903
vervangingsgraad,koppel,ziekte,WN,7-12,5500,0.4088440271
vervangingsgraad,koppel,ziekte,WN,7-12,5750,0.3910681998
vervangingsgraad,koppel,ziekte,WN,7-12,6000,0.3747736915
vervangingsgraad,koppel,ziekte,WN,7-12,6250,0.3597827438
vervangingsgraad,koppel,ziekte,WN,7-12,6500,0.345944946
vervangingsgraad,koppel,ziekte,WN,7-12,6750,0.3331321702
vervangingsgraad,koppel,ziekte,WN,7-12,7000,0.3212345927
vervangingsgraad,koppel,ziekte,WN,7-12,7500,0.2998189532
vervangingsgraad,koppel,ziekte,WN,7-12,8000,0.2810802686
vervangingsgraad,koppel,ziekte,WN,7-12,8500,0.2645461352
vervangingsgraad,koppel,ziekte,WN,7-12,9000,0.2498491277
vervangingsgraad,koppel,ziekte,WN,7-12,9500,0.2366991736
vervangingsgraad,koppel,ziekte,WN,7-12,10000,0.2248642149
vervangingsgraad,koppel,ziekte,WN,7-12,11000,0.2044220135
vervangingsgraad,koppel,ziekte,WN,7-12,12000,0.1873868457
vervangingsgraad,koppel,ziekte,WN,7-12,13000,0.172972473
vervangingsgraad,koppel,ziekte,WN,7-12,14000,0.1606172964
vervangingsgraad,koppel,ziekte,WN,7-12,15000,0.1499094766
vervangingsgraad,koppel,werkloosheid,ZS,-,1550,1.040620166
vervangingsgraad,koppel,werkloosheid,ZS,-,1800,0.8960895878
vervangingsgraad,koppel,werkloosheid,ZS,-,2000,0.806480629
vervangingsgraad,koppel,werkloosheid,ZS,-,2250,0.7168716702
vervangingsgraad,koppel,werkloosheid,ZS,-,2500,0.6451845032
vervangingsgraad,koppel,werkloosheid,ZS,-,2750,0.5865313665
vervangingsgraad,koppel,werkloosheid,ZS,-,3000,0.5376537527
vervangingsgraad,koppel,werkloosheid,ZS,-,3250,0.4962957717
vervangingsgraad,koppel,werkloosheid,ZS,-,3500,0.4608460737
vervangingsgraad,koppel,werkloosheid,ZS,-,3750,0.4301230021
vervangingsgraad,koppel,werkloosheid,ZS,-,4000,0.4032403145
vervangingsgraad,koppel,werkloosheid,ZS,-,4250,0.379520296
vervangingsgraad,koppel,werkloosheid,ZS,-,4500,0.3584358351
vervangingsgraad,koppel,werkloosheid,ZS,-,4750,0.3395707912
vervangingsgraad,koppel,werkloosheid,ZS,-,5000,0.3225922516
vervangingsgraad,koppel,werkloosheid,ZS,-,5250,0.3072307158
vervangingsgraad,koppel,werkloosheid,ZS,-,5500,0.2932656833
vervangingsgraad,koppel,werkloosheid,ZS,-,5750,0.2805150014
vervangingsgraad,koppel,werkloosheid,ZS,-,6000,0.2688268763
vervangingsgraad,koppel,werkloosheid,ZS,-,6250,0.2580738013
vervangingsgraad,koppel,werkloosheid,ZS,-,6500,0.2481478858
vervangingsgraad,koppel,werkloosheid,ZS,-,6750,0.2389572234
vervangingsgraad,koppel,werkloosheid,ZS,-,7000,0.2304230369
vervangingsgraad,koppel,werkloosheid,ZS,-,7500,0.2150615011
vervangingsgraad,koppel,werkloosheid,ZS,-,8000,0.2016201573
vervangingsgraad,koppel,werkloosheid,ZS,-,8500,0.189760148
vervangingsgraad,koppel,werkloosheid,ZS,-,9000,0.1792179176
vervangingsgraad,koppel,werkloosheid,ZS,-,9500,0.1697853956
vervangingsgraad,koppel,werkloosheid,ZS,-,10000,0.1612961258
vervangingsgraad,koppel,werkloosheid,ZS,-,11000,0.1466328416
vervangingsgraad,koppel,werkloosheid,ZS,-,12000,0.1344134382
vervangingsgraad,koppel,werkloosheid,ZS,-,13000,0.1240739429
vervangingsgraad,koppel,werkloosheid,ZS,-,14000,0.1152115184
vervangingsgraad,koppel,werkloosheid,ZS,-,15000,0.1075307505
vervangingsgraad,koppel,werkloosheid,WN,1-3,1550,0.8776322297
vervangingsgraad,koppel,werkloosheid,WN,1-3,1800,0.7557388644
vervangingsgraad,koppel,werkloosheid,WN,1-3,2000,0.680164978
vervangingsgraad,koppel,werkloosheid,WN,1-3,2250,0.7773529462
vervangingsgraad,koppel,werkloosheid,WN,1-3,2500,0.7600593784
vervangingsgraad,koppel,werkloosheid,WN,1-3,2750,0.6909630713
vervangingsgraad,koppel,werkloosheid,WN,1-3,3000,0.6333828153
vervangingsgraad,koppel,werkloosheid,WN,1-3,3250,0.5846610603
vervangingsgraad,koppel,werkloosheid,WN,1-3,3500,0.542899556
vervangingsgraad,koppel,werkloosheid,WN,1-3,3750,0.5067062523
vervangingsgraad,koppel,werkloosheid,WN,1-3,4000,0.4750371115
vervangingsgraad,koppel,werkloosheid,WN,1-3,4250,0.447093752
vervangingsgraad,koppel,werkloosheid,WN,1-3,4500,0.4222552102
vervangingsgraad,koppel,werkloosheid,WN,1-3,4750,0.4000312518
vervangingsgraad,koppel,werkloosheid,WN,1-3,5000,0.3800296892
vervangingsgraad,koppel,werkloosheid,WN,1-3,5250,0.3619330373
vervangingsgraad,koppel,werkloosheid,WN,1-3,5500,0.3454815356
vervangingsgraad,koppel,werkloosheid,WN,1-3,5750,0.3304605993
vervangingsgraad,koppel,werkloosheid,WN,1-3,6000,0.3166914077
vervangingsgraad,koppel,werkloosheid,WN,1-3,6250,0.3040237514
vervangingsgraad,koppel,werkloosheid,WN,1-3,6500,0.2923305302
vervangingsgraad,koppel,werkloosheid,WN,1-3,6750,0.2815034735
vervangingsgraad,koppel,werkloosheid,WN,1-3,7000,0.271449778
vervangingsgraad,koppel,werkloosheid,WN,1-3,7500,0.2533531261
vervangingsgraad,koppel,werkloosheid,WN,1-3,8000,0.2375185557
vervangingsgraad,koppel,werkloosheid,WN,1-3,8500,0.223546876
vervangingsgraad,koppel,werkloosheid,WN,1-3,9000,0.2111276051
vervangingsgraad,koppel,werkloosheid,WN,1-3,9500,0.2000156259
vervangingsgraad,koppel,werkloosheid,WN,1-3,10000,0.1900148446
vervangingsgraad,koppel,werkloosheid,WN,1-3,11000,0.1727407678
vervangingsgraad,koppel,werkloosheid,WN,1-3,12000,0.1583457038
vervangingsgraad,koppel,werkloosheid,WN,1-3,13000,0.1461652651
vervangingsgraad,koppel,werkloosheid,WN,1-3,14000,0.135724889
vervangingsgraad,koppel,werkloosheid,WN,1-3,15000,0.1266765631
vervangingsgraad,koppel,werkloosheid,WN,4-6,1550,0.8263349032
vervangingsgraad,koppel,werkloosheid,WN,4-6,1800,0.7115661667
vervangingsgraad,koppel,werkloosheid,WN,4-6,2000,0.64040955
vervangingsgraad,koppel,werkloosheid,WN,4-6,2250,0.7437190173
vervangingsgraad,koppel,werkloosheid,WN,4-6,2500,0.725148386
vervangingsgraad,koppel,werkloosheid,WN,4-6,2750,0.6592258055
vervangingsgraad,koppel,werkloosheid,WN,4-6,3000,0.6042903217
vervangingsgraad,koppel,werkloosheid,WN,4-6,3250,0.5578064508
vervangingsgraad,koppel,werkloosheid,WN,4-6,3500,0.5179631329
vervangingsgraad,koppel,werkloosheid,WN,4-6,3750,0.4834322573
vervangingsgraad,koppel,werkloosheid,WN,4-6,4000,0.4532177413
vervangingsgraad,koppel,werkloosheid,WN,4-6,4250,0.4265578741
vervangingsgraad,koppel,werkloosheid,WN,4-6,4500,0.4028602144
vervangingsgraad,koppel,werkloosheid,WN,4-6,4750,0.3816570453
vervangingsgraad,koppel,werkloosheid,WN,4-6,5000,0.362574193
vervangingsgraad,koppel,werkloosheid,WN,4-6,5250,0.3453087552
vervangingsgraad,koppel,werkloosheid,WN,4-6,5500,0.3296129027
vervangingsgraad,koppel,werkloosheid,WN,4-6,5750,0.315281907
vervangingsgraad,koppel,werkloosheid,WN,4-6,6000,0.3021451608
vervangingsgraad,koppel,werkloosheid,WN,4-6,6250,0.2900593544
vervangingsgraad,koppel,werkloosheid,WN,4-6,6500,0.2789032254
vervangingsgraad,koppel,werkloosheid,WN,4-6,6750,0.2685734763
vervangingsgraad,koppel,werkloosheid,WN,4-6,7000,0.2589815664
vervangingsgraad,koppel,werkloosheid,WN,4-6,7500,0.2417161287
vervangingsgraad,koppel,werkloosheid,WN,4-6,8000,0.2266088706
vervangingsgraad,koppel,werkloosheid,WN,4-6,8500,0.2132789371
vervangingsgraad,koppel,werkloosheid,WN,4-6,9000,0.2014301072
vervangingsgraad,koppel,werkloosheid,WN,4-6,9500,0.1908285226
vervangingsgraad,koppel,werkloosheid,WN,4-6,10000,0.1812870965
vervangingsgraad,koppel,werkloosheid,WN,4-6,11000,0.1648064514
vervangingsgraad,koppel,werkloosheid,WN,4-6,12000,0.1510725804
vervangingsgraad,koppel,werkloosheid,WN,4-6,13000,0.1394516127
vervangingsgraad,koppel,werkloosheid,WN,4-6,14000,0.1294907832
vervangingsgraad,koppel,werkloosheid,WN,4-6,15000,0.1208580643
vervangingsgraad,koppel,werkloosheid,WN,7-12,1550,0.8263349032
vervangingsgraad,koppel,werkloosheid,WN,7-12,1800,0.7115661667
vervangingsgraad,koppel,werkloosheid,WN,7-12,2000,0.64040955
vervangingsgraad,koppel,werkloosheid,WN,7-12,2250,0.7437190173
vervangingsgraad,koppel,werkloosheid,WN,7-12,2500,0.696657856
vervangingsgraad,koppel,werkloosheid,WN,7-12,2750,0.6333253236
vervangingsgraad,koppel,werkloosheid,WN,7-12,3000,0.5805482133
vervangingsgraad,koppel,werkloosheid,WN,7-12,3250,0.5358906585
vervangingsgraad,koppel,werkloosheid,WN,7-12,3500,0.4976127543
vervangingsgraad,koppel,werkloosheid,WN,7-12,3750,0.4644385707
vervangingsgraad,koppel,werkloosheid,WN,7-12,4000,0.43541116
vervangingsgraad,koppel,werkloosheid,WN,7-12,4250,0.4097987388
vervangingsgraad,koppel,werkloosheid,WN,7-12,4500,0.3870321422
vervangingsgraad,koppel,werkloosheid,WN,7-12,4750,0.3666620295
vervangingsgraad,koppel,werkloosheid,WN,7-12,5000,0.348328928
vervangingsgraad,koppel,werkloosheid,WN,7-12,5250,0.3317418362
vervangingsgraad,koppel,werkloosheid,WN,7-12,5500,0.3166626618
vervangingsgraad,koppel,werkloosheid,WN,7-12,5750,0.30289472
vervangingsgraad,koppel,werkloosheid,WN,7-12,6000,0.2902741067
vervangingsgraad,koppel,werkloosheid,WN,7-12,6250,0.2786631424
vervangingsgraad,koppel,werkloosheid,WN,7-12,6500,0.2679453292
vervangingsgraad,koppel,werkloosheid,WN,7-12,6750,0.2580214281
vervangingsgraad,koppel,werkloosheid,WN,7-12,7000,0.2488063771
vervangingsgraad,koppel,werkloosheid,WN,7-12,7500,0.2322192853
vervangingsgraad,koppel,werkloosheid,WN,7-12,8000,0.21770558
vervangingsgraad,koppel,werkloosheid,WN,7-12,8500,0.2048993694
vervangingsgraad,koppel,werkloosheid,WN,7-12,9000,0.1935160711
vervangingsgraad,koppel,werkloosheid,WN,7-12,9500,0.1833310147
vervangingsgraad,koppel,werkloosheid,WN,7-12,10000,0.174164464
vervangingsgraad,koppel,werkloosheid,WN,7-12,11000,0.1583313309
vervangingsgraad,koppel,werkloosheid,WN,7-12,12000,0.1451370533
vervangingsgraad,koppel,werkloosheid,WN,7-12,13000,0.1339726646
vervangingsgraad,koppel,werkloosheid,WN,7-12,14000,0.1244031886
vervangingsgraad,koppel,werkloosheid,WN,7-12,15000,0.1161096427
vervangingsgraad,-,pensioen,ZV100,-,1550,1.085717995
vervangingsgraad,-,pensioen,ZV100,-,1800,0.9349238294
vervangingsgraad,-,pensioen,ZV100,-,2000,0.8414314465
vervangingsgraad,-,pensioen,ZV100,-,2250,0.7674111062
vervangingsgraad,-,pensioen,ZV100,-,2500,0.7300064716
vervangingsgraad,-,pensioen,ZV100,-,2750,0.7161943495
vervangingsgraad,-,pensioen,ZV100,-,3000,0.699565656
vervangingsgraad,-,pensioen,ZV100,-,3250,0.6888073668
vervangingsgraad,-,pensioen,ZV100,-,3500,0.6729857383
vervangingsgraad,-,pensioen,ZV100,-,3750,0.6597957381
vervangingsgraad,-,pensioen,ZV100,-,4000,0.6381454872
vervangingsgraad,-,pensioen,ZV100,-,4250,0.6006075174
vervangingsgraad,-,pensioen,ZV100,-,4500,0.5672404331
vervangingsgraad,-,pensioen,ZV100,-,4750,0.5373856735
vervangingsgraad,-,pensioen,ZV100,-,5000,0.5105163898
vervangingsgraad,-,pensioen,ZV100,-,5250,0.4862060855
vervangingsgraad,-,pensioen,ZV100,-,5500,0.4641058089
vervangingsgraad,-,pensioen,ZV100,-,5750,0.4439272955
vervangingsgraad,-,pensioen,ZV100,-,6000,0.4254303248
vervangingsgraad,-,pensioen,ZV100,-,6250,0.4084131118
vervangingsgraad,-,pensioen,ZV100,-,6500,0.3927049152
vervangingsgraad,-,pensioen,ZV100,-,6750,0.3781602887
vervangingsgraad,-,pensioen,ZV100,-,7000,0.3646545641
vervangingsgraad,-,pensioen,ZV100,-,7500,0.3403442599
vervangingsgraad,-,pensioen,ZV100,-,8000,0.3190727436
vervangingsgraad,-,pensioen,ZV100,-,8500,0.3003037587
vervangingsgraad,-,pensioen,ZV100,-,9000,0.2836202166
vervangingsgraad,-,pensioen,ZV100,-,9500,0.2686928367
vervangingsgraad,-,pensioen,ZV100,-,10000,0.2552581949
vervangingsgraad,-,pensioen,ZV100,-,11000,0.2320529045
vervangingsgraad,-,pensioen,ZV100,-,12000,0.2127151624
vervangingsgraad,-,pensioen,ZV100,-,13000,0.1963524576
vervangingsgraad,-,pensioen,ZV100,-,14000,0.1823272821
vervangingsgraad,-,pensioen,ZV100,-,15000,0.1701721299
vervangingsgraad,-,pensioen,ZV75,-,1550,1.085717995
vervangingsgraad,-,pensioen,ZV75,-,1800,0.9349238294
vervangingsgraad,-,pensioen,ZV75,-,2000,0.8414314465
vervangingsgraad,-,pensioen,ZV75,-,2250,0.7479390636
vervangingsgraad,-,pensioen,ZV75,-,2500,0.6731451572
vervangingsgraad,-,pensioen,ZV75,-,2750,0.6119501429
vervangingsgraad,-,pensioen,ZV75,-,3000,0.5755583297
vervangingsgraad,-,pensioen,ZV75,-,3250,0.5504270822
vervangingsgraad,-,pensioen,ZV75,-,3500,0.5420777886
vervangingsgraad,-,pensioen,ZV75,-,3750,0.5338200379
vervangingsgraad,-,pensioen,ZV75,-,4000,0.524674242
vervangingsgraad,-,pensioen,ZV75,-,4250,0.5191372379
vervangingsgraad,-,pensioen,ZV75,-,4500,0.5087177344
vervangingsgraad,-,pensioen,ZV75,-,4750,0.50257652
vervangingsgraad,-,pensioen,ZV75,-,5000,0.4969550332
vervangingsgraad,-,pensioen,ZV75,-,5250,0.4862060855
vervangingsgraad,-,pensioen,ZV75,-,5500,0.4641058089
vervangingsgraad,-,pensioen,ZV75,-,5750,0.4439272955
vervangingsgraad,-,pensioen,ZV75,-,6000,0.4254303248
vervangingsgraad,-,pensioen,ZV75,-,6250,0.4084131118
vervangingsgraad,-,pensioen,ZV75,-,6500,0.3927049152
vervangingsgraad,-,pensioen,ZV75,-,6750,0.3781602887
vervangingsgraad,-,pensioen,ZV75,-,7000,0.3646545641
vervangingsgraad,-,pensioen,ZV75,-,7500,0.3403442599
vervangingsgraad,-,pensioen,ZV75,-,8000,0.3190727436
vervangingsgraad,-,pensioen,ZV75,-,8500,0.3003037587
vervangingsgraad,-,pensioen,ZV75,-,9000,0.2836202166
vervangingsgraad,-,pensioen,ZV75,-,9500,0.2686928367
vervangingsgraad,-,pensioen,ZV75,-,10000,0.2552581949
vervangingsgraad,-,pensioen,ZV75,-,11000,0.2320529045
vervangingsgraad,-,pensioen,ZV75,-,12000,0.2127151624
vervangingsgraad,-,pensioen,ZV75,-,13000,0.1963524576
vervangingsgraad,-,pensioen,ZV75,-,14000,0.1823272821
vervangingsgraad,-,pensioen,ZV75,-,15000,0.1701721299
vervangingsgraad,-,pensioen,ZV50,-,1550,1.085717995
vervangingsgraad,-,pensioen,ZV50,-,1800,0.9349238294
vervangingsgraad,-,pensioen,ZV50,-,2000,0.8414314465
vervangingsgraad,-,pensioen,ZV50,-,2250,0.7479390636
vervangingsgraad,-,pensioen,ZV50,-,2500,0.6731451572
vervangingsgraad,-,pensioen,ZV50,-,2750,0.6119501429
vervangingsgraad,-,pensioen,ZV50,-,3000,0.5609542977
vervangingsgraad,-,pensioen,ZV50,-,3250,0.5178039671
vervangingsgraad,-,pensioen,ZV50,-,3500,0.4808179694
vervangingsgraad,-,pensioen,ZV50,-,3750,0.4487634381
vervangingsgraad,-,pensioen,ZV50,-,4000,0.4207157233
vervangingsgraad,-,pensioen,ZV50,-,4250,0.3959677395
vervangingsgraad,-,pensioen,ZV50,-,4500,0.3837055531
vervangingsgraad,-,pensioen,ZV50,-,4750,0.3744672848
vervangingsgraad,-,pensioen,ZV50,-,5000,0.3650032358
vervangingsgraad,-,pensioen,ZV50,-,5250,0.3613851924
vervangingsgraad,-,pensioen,ZV50,-,5500,0.3559063362
vervangingsgraad,-,pensioen,ZV50,-,5750,0.3537592546
vervangingsgraad,-,pensioen,ZV50,-,6000,0.349782828
vervangingsgraad,-,pensioen,ZV50,-,6250,0.3478468302
vervangingsgraad,-,pensioen,ZV50,-,6500,0.3444036834
vervangingsgraad,-,pensioen,ZV50,-,6750,0.3391451563
vervangingsgraad,-,pensioen,ZV50,-,7000,0.3364928691
vervangingsgraad,-,pensioen,ZV50,-,7500,0.3298978691
vervangingsgraad,-,pensioen,ZV50,-,8000,0.3190727436
vervangingsgraad,-,pensioen,ZV50,-,8500,0.3003037587
vervangingsgraad,-,pensioen,ZV50,-,9000,0.2836202166
vervangingsgraad,-,pensioen,ZV50,-,9500,0.2686928367
vervangingsgraad,-,pensioen,ZV50,-,10000,0.2552581949
vervangingsgraad,-,pensioen,ZV50,-,11000,0.2320529045
vervangingsgraad,-,pensioen,ZV50,-,12000,0.2127151624
vervangingsgraad,-,pensioen,ZV50,-,13000,0.1963524576
vervangingsgraad,-,pensioen,ZV50,-,14000,0.1823272821
vervangingsgraad,-,pensioen,ZV50,-,15000,0.1701721299
vervangingsgraad,-,pensioen,ZV00,-,1550,1.085717995
vervangingsgraad,-,pensioen,ZV00,-,1800,0.9349238294
vervangingsgraad,-,pensioen,ZV00,-,2000,0.8414314465
vervangingsgraad,-,pensioen,ZV00,-,2250,0.7479390636
vervangingsgraad,-,pensioen,ZV00,-,2500,0.6731451572
vervangingsgraad,-,pensioen,ZV00,-,2750,0.6119501429
vervangingsgraad,-,pensioen,ZV00,-,3000,0.5609542977
vervangingsgraad,-,pensioen,ZV00,-,3250,0.5178039671
vervangingsgraad,-,pensioen,ZV00,-,3500,0.4808179694
vervangingsgraad,-,pensioen,ZV00,-,3750,0.4487634381
vervangingsgraad,-,pensioen,ZV00,-,4000,0.4207157233
vervangingsgraad,-,pensioen,ZV00,-,4250,0.3959677395
vervangingsgraad,-,pensioen,ZV00,-,4500,0.3739695318
vervangingsgraad,-,pensioen,ZV00,-,4750,0.3542869248
vervangingsgraad,-,pensioen,ZV00,-,5000,0.3365725786
vervangingsgraad,-,pensioen,ZV00,-,5250,0.320545313
vervangingsgraad,-,pensioen,ZV00,-,5500,0.3059750715
vervangingsgraad,-,pensioen,ZV00,-,5750,0.2926718075
vervangingsgraad,-,pensioen,ZV00,-,6000,0.2804771488
vervangingsgraad,-,pensioen,ZV00,-,6250,0.2692580629
vervangingsgraad,-,pensioen,ZV00,-,6500,0.2589019835
vervangingsgraad,-,pensioen,ZV00,-,6750,0.2493130212
vervangingsgraad,-,pensioen,ZV00,-,7000,0.2404089847
vervangingsgraad,-,pensioen,ZV00,-,7500,0.2243817191
vervangingsgraad,-,pensioen,ZV00,-,8000,0.2103578616
vervangingsgraad,-,pensioen,ZV00,-,8500,0.1979838698
vervangingsgraad,-,pensioen,ZV00,-,9000,0.1869847659
vervangingsgraad,-,pensioen,ZV00,-,9500,0.1771434624
vervangingsgraad,-,pensioen,ZV00,-,10000,0.1682862893
vervangingsgraad,-,pensioen,ZV00,-,11000,0.1529875357
vervangingsgraad,-,pensioen,ZV00,-,12000,0.1402385744
vervangingsgraad,-,pensioen,ZV00,-,13000,0.1294509918
vervangingsgraad,-,pensioen,ZV00,-,14000,0.1202044924
vervangingsgraad,-,pensioen,ZV00,-,15000,0.1121908595
vervangingsgraad,-,pensioen,ZE,-,1550,1.085717995
vervangingsgraad,-,pensioen,ZE,-,1800,0.9349238294
vervangingsgraad,-,pensioen,ZE,-,2000,0.8414314465
vervangingsgraad,-,pensioen,ZE,-,2250,0.7492016556
vervangingsgraad,-,pensioen,ZE,-,2500,0.7210416772
vervangingsgraad,-,pensioen,ZE,-,2750,0.7082357116
vervangingsgraad,-,pensioen,ZE,-,3000,0.698606842
vervangingsgraad,-,pensioen,ZE,-,3250,0.6897423871
vervangingsgraad,-,pensioen,ZE,-,3500,0.6755043189
vervangingsgraad,-,pensioen,ZE,-,3750,0.6664897288
vervangingsgraad,-,pensioen,ZE,-,4000,0.6381454872
vervangingsgraad,-,pensioen,ZE,-,4250,0.6006075174
vervangingsgraad,-,pensioen,ZE,-,4500,0.5672404331
vervangingsgraad,-,pensioen,ZE,-,4750,0.5373856735
vervangingsgraad,-,pensioen,ZE,-,5000,0.5105163898
vervangingsgraad,-,pensioen,ZE,-,5250,0.4862060855
vervangingsgraad,-,pensioen,ZE,-,5500,0.4641058089
vervangingsgraad,-,pensioen,ZE,-,5750,0.4439272955
vervangingsgraad,-,pensioen,ZE,-,6000,0.4254303248
vervangingsgraad,-,pensioen,ZE,-,6250,0.4084131118
vervangingsgraad,-,pensioen,ZE,-,6500,0.3927049152
vervangingsgraad,-,pensioen,ZE,-,6750,0.3781602887
vervangingsgraad,-,pensioen,ZE,-,7000,0.3646545641
vervangingsgraad,-,pensioen,ZE,-,7500,0.3403442599
vervangingsgraad,-,pensioen,ZE,-,8000,0.3190727436
vervangingsgraad,-,pensioen,ZE,-,8500,0.3003037587
vervangingsgraad,-,pensioen,ZE,-,9000,0.2836202166
vervangingsgraad,-,pensioen,ZE,-,9500,0.2686928367
vervangingsgraad,-,pensioen,ZE,-,10000,0.2552581949
vervangingsgraad,-,pensioen,ZE,-,11000,0.2320529045
vervangingsgraad,-,pensioen,ZE,-,12000,0.2127151624
vervangingsgraad,-,pensioen,ZE,-,13000,0.1963524576
vervangingsgraad,-,pensioen,ZE,-,14000,0.1823272821
vervangingsgraad,-,pensioen,ZE,-,15000,0.1701721299
vervangingsgraad,-,pensioen,WN,-,1550,1.085717995
vervangingsgraad,-,pensioen,WN,-,1800,0.9349238294
vervangingsgraad,-,pensioen,WN,-,2000,0.8414314465
vervangingsgraad,-,pensioen,WN,-,2250,0.7479390636
vervangingsgraad,-,pensioen,WN,-,2500,0.7663807116
vervangingsgraad,-,pensioen,WN,-,2750,0.7522088033
vervangingsgraad,-,pensioen,WN,-,3000,0.7425805837
vervangingsgraad,-,pensioen,WN,-,3250,0.7272864745
vervangingsgraad,-,pensioen,WN,-,3500,0.7210842946
vervangingsgraad,-,pensioen,WN,-,3750,0.7069428643
vervangingsgraad,-,pensioen,WN,-,4000,0.6627589353
vervangingsgraad,-,pensioen,WN,-,4250,0.6237731155
vervangingsgraad,-,pensioen,WN,-,4500,0.5891190536
vervangingsgraad,-,pensioen,WN,-,4750,0.5581127876
vervangingsgraad,-,pensioen,WN,-,5000,0.5302071482
vervangingsgraad,-,pensioen,WN,-,5250,0.5049591888
vervangingsgraad,-,pensioen,WN,-,5500,0.4820064984
vervangingsgraad,-,pensioen,WN,-,5750,0.4610496941
vervangingsgraad,-,pensioen,WN,-,6000,0.4418392902
vervangingsgraad,-,pensioen,WN,-,6250,0.4241657186
vervangingsgraad,-,pensioen,WN,-,6500,0.4078516525
vervangingsgraad,-,pensioen,WN,-,6750,0.3927460357
vervangingsgraad,-,pensioen,WN,-,7000,0.3787193916
vervangingsgraad,-,pensioen,WN,-,7500,0.3534714321
vervangingsgraad,-,pensioen,WN,-,8000,0.3313794676
vervangingsgraad,-,pensioen,WN,-,8500,0.3118865578
vervangingsgraad,-,pensioen,WN,-,9000,0.2945595268
vervangingsgraad,-,pensioen,WN,-,9500,0.2790563938
vervangingsgraad,-,pensioen,WN,-,10000,0.2651035741
vervangingsgraad,-,pensioen,WN,-,11000,0.2410032492
vervangingsgraad,-,pensioen,WN,-,12000,0.2209196451
vervangingsgraad,-,pensioen,WN,-,13000,0.2039258262
vervangingsgraad,-,pensioen,WN,-,14000,0.1893596958
vervangingsgraad,-,pensioen,WN,-,15000,0.1767357161
equivalentiegraad,alleen,ziekte,ZV100VAA,-,1550,0.2620166377
equivalentiegraad,alleen,ziekte,ZV100VAA,-,1800,0.3158123957
equivalentiegraad,alleen,ziekte,ZV100VAA,-,2000,0.363279241
equivalentiegraad,alleen,ziekte,ZV100VAA,-,2250,0.4212942741
equivalentiegraad,alleen,ziekte,ZV100VAA,-,2500,0.4845834012
equivalentiegraad,alleen,ziekte,ZV100VAA,-,2750,0.5478725282
equivalentiegraad,alleen,ziekte,ZV100VAA,-,3000,0.6111616553
equivalentiegraad,alleen,ziekte,ZV100VAA,-,3250,0.6797248762
equivalentiegraad,alleen,ziekte,ZV100VAA,-,3500,0.7482880972
equivalentiegraad,alleen,ziekte,ZV100VAA,-,3750,0.8115772243
equivalentiegraad,alleen,ziekte,ZV100VAA,-,4000,0.8696229639
equivalentiegraad,alleen,ziekte,ZV100VAA,-,4250,0.9158554468
equivalentiegraad,alleen,ziekte,ZV100VAA,-,4500,0.9620879297
equivalentiegraad,alleen,ziekte,ZV100VAA,-,4750,1.008661503
equivalentiegraad,alleen,ziekte,ZV100VAA,-,5000,1.060073112
equivalentiegraad,alleen,ziekte,ZV100VAA,-,5250,1.107529982
equivalentiegraad,alleen,ziekte,ZV100VAA,-,5500,1.108671643
equivalentiegraad,alleen,ziekte,ZV100VAA,-,5750,1.108671643
equivalentiegraad,alleen,ziekte,ZV100VAA,-,6000,1.108671643
equivalentiegraad,alleen,ziekte,ZV100VAA,-,6250,1.108671643
equivalentiegraad,alleen,ziekte,ZV100VAA,-,6500,1.108671643
equivalentiegraad,alleen,ziekte,ZV100VAA,-,6750,1.108671643
equivalentiegraad,alleen,ziekte,ZV100VAA,-,7000,1.108671643
equivalentiegraad,alleen,ziekte,ZV100VAA,-,7500,1.108671643
equivalentiegraad,alleen,ziekte,ZV100VAA,-,8000,1.108671643
equivalentiegraad,alleen,ziekte,ZV100VAA,-,8500,1.108671643
equivalentiegraad,alleen,ziekte,ZV100VAA,-,9000,1.108671643
equivalentiegraad,alleen,ziekte,ZV100VAA,-,9500,1.108671643
equivalentiegraad,alleen,ziekte,ZV100VAA,-,10000,1.108671643
equivalentiegraad,alleen,ziekte,ZV100VAA,-,11000,1.108671643
equivalentiegraad,alleen,ziekte,ZV100VAA,-,12000,1.108671643
equivalentiegraad,alleen,ziekte,ZV100VAA,-,13000,1.108671643
equivalentiegraad,alleen,ziekte,ZV100VAA,-,14000,1.108671643
equivalentiegraad,alleen,ziekte,ZV100VAA,-,15000,1.108671643
equivalentiegraad,alleen,ziekte,ZV100,-,1550,0.2605430559
equivalentiegraad,alleen,ziekte,ZV100,-,1800,0.3153936326
equivalentiegraad,alleen,ziekte,ZV100,-,2000,0.3628604779
equivalentiegraad,alleen,ziekte,ZV100,-,2250,0.426149605
equivalentiegraad,alleen,ziekte,ZV100,-,2500,0.4841646381
equivalentiegraad,alleen,ziekte,ZV100,-,2750,0.5474537652
equivalentiegraad,alleen,ziekte,ZV100,-,3000,0.6107428922
equivalentiegraad,alleen,ziekte,ZV100,-,3250,0.6793061132
equivalentiegraad,alleen,ziekte,ZV100,-,3500,0.7478693342
equivalentiegraad,alleen,ziekte,ZV100,-,3750,0.8111584612
equivalentiegraad,alleen,ziekte,ZV100,-,4000,0.869317059
equivalentiegraad,alleen,ziekte,ZV100,-,4250,0.9155495419
equivalentiegraad,alleen,ziekte,ZV100,-,4500,0.9617820248
equivalentiegraad,alleen,ziekte,ZV100,-,4750,1.008347497
equivalentiegraad,alleen,ziekte,ZV100,-,5000,1.059759106
equivalentiegraad,alleen,ziekte,ZV100,-,5250,1.107215976
equivalentiegraad,alleen,ziekte,ZV100,-,5500,1.108671643
equivalentiegraad,alleen,ziekte,ZV100,-,5750,1.108671643
equivalentiegraad,alleen,ziekte,ZV100,-,6000,1.108671643
equivalentiegraad,alleen,ziekte,ZV100,-,6250,1.108671643
equivalentiegraad,alleen,ziekte,ZV100,-,6500,1.108671643
equivalentiegraad,alleen,ziekte,ZV100,-,6750,1.108671643
equivalentiegraad,alleen,ziekte,ZV100,-,7000,1.108671643
equivalentiegraad,alleen,ziekte,ZV100,-,7500,1.108671643
equivalentiegraad,alleen,ziekte,ZV100,-,8000,1.108671643
equivalentiegraad,alleen,ziekte,ZV100,-,8500,1.108671643
equivalentiegraad,alleen,ziekte,ZV100,-,9000,1.108671643
equivalentiegraad,alleen,ziekte,ZV100,-,9500,1.108671643
equivalentiegraad,alleen,ziekte,ZV100,-,10000,1.108671643
equivalentiegraad,alleen,ziekte,ZV100,-,11000,1.108671643
equivalentiegraad,alleen,ziekte,ZV100,-,12000,1.108671643
equivalentiegraad,alleen,ziekte,ZV100,-,13000,1.108671643
equivalentiegraad,alleen,ziekte,ZV100,-,14000,1.108671643
equivalentiegraad,alleen,ziekte,ZV100,-,15000,1.108671643
equivalentiegraad,alleen,ziekte,ZV75,-,1550,0.2043748941
equivalentiegraad,alleen,ziekte,ZV75,-,1800,0.2151858481
equivalentiegraad,alleen,ziekte,ZV75,-,2000,0.2521045056
equivalentiegraad,alleen,ziekte,ZV75,-,2250,0.289023163
equivalentiegraad,alleen,ziekte,ZV75,-,2500,0.3312159144
equivalentiegraad,alleen,ziekte,ZV75,-,2750,0.3786827597
equivalentiegraad,alleen,ziekte,ZV75,-,3000,0.426149605
equivalentiegraad,alleen,ziekte,ZV75,-,3250,0.4683423563
equivalentiegraad,alleen,ziekte,ZV75,-,3500,0.5158092016
equivalentiegraad,alleen,ziekte,ZV75,-,3750,0.5632760469
equivalentiegraad,alleen,ziekte,ZV75,-,4000,0.6107428922
equivalentiegraad,alleen,ziekte,ZV75,-,4250,0.6634838314
equivalentiegraad,alleen,ziekte,ZV75,-,4500,0.7109506767
equivalentiegraad,alleen,ziekte,ZV75,-,4750,0.7636916159
equivalentiegraad,alleen,ziekte,ZV75,-,5000,0.8164325551
equivalentiegraad,alleen,ziekte,ZV75,-,5250,0.8577589383
equivalentiegraad,alleen,ziekte,ZV75,-,5500,0.8924333004
equivalentiegraad,alleen,ziekte,ZV75,-,5750,0.9271076626
equivalentiegraad,alleen,ziekte,ZV75,-,6000,0.9617820248
equivalentiegraad,alleen,ziekte,ZV75,-,6250,0.9964832791
equivalentiegraad,alleen,ziekte,ZV75,-,6500,1.036030671
equivalentiegraad,alleen,ziekte,ZV75,-,6750,1.071623324
equivalentiegraad,alleen,ziekte,ZV75,-,7000,1.107215976
equivalentiegraad,alleen,ziekte,ZV75,-,7500,1.108671643
equivalentiegraad,alleen,ziekte,ZV75,-,8000,1.108671643
equivalentiegraad,alleen,ziekte,ZV75,-,8500,1.108671643
equivalentiegraad,alleen,ziekte,ZV75,-,9000,1.108671643
equivalentiegraad,alleen,ziekte,ZV75,-,9500,1.108671643
equivalentiegraad,alleen,ziekte,ZV75,-,10000,1.108671643
equivalentiegraad,alleen,ziekte,ZV75,-,11000,1.108671643
equivalentiegraad,alleen,ziekte,ZV75,-,12000,1.108671643
equivalentiegraad,alleen,ziekte,ZV75,-,13000,1.108671643
equivalentiegraad,alleen,ziekte,ZV75,-,14000,1.108671643
equivalentiegraad,alleen,ziekte,ZV75,-,15000,1.108671643
equivalentiegraad,alleen,ziekte,ZV50,-,1550,0.2043748941
equivalentiegraad,alleen,ziekte,ZV50,-,1800,0.2043748941
equivalentiegraad,alleen,ziekte,ZV50,-,2000,0.2043748941
equivalentiegraad,alleen,ziekte,ZV50,-,2250,0.2043748941
equivalentiegraad,alleen,ziekte,ZV50,-,2500,0.2043748941
equivalentiegraad,alleen,ziekte,ZV50,-,2750,0.2225695796
equivalentiegraad,alleen,ziekte,ZV50,-,3000,0.2489400492
equivalentiegraad,alleen,ziekte,ZV50,-,3250,0.2774201564
equivalentiegraad,alleen,ziekte,ZV50,-,3500,0.3059002636
equivalentiegraad,alleen,ziekte,ZV50,-,3750,0.333325552
equivalentiegraad,alleen,ziekte,ZV50,-,4000,0.3628604779
equivalentiegraad,alleen,ziekte,ZV50,-,4250,0.3945050415
equivalentiegraad,alleen,ziekte,ZV50,-,4500,0.426149605
equivalentiegraad,alleen,ziekte,ZV50,-,4750,0.4525200746
equivalentiegraad,alleen,ziekte,ZV50,-,5000,0.4841646381
equivalentiegraad,alleen,ziekte,ZV50,-,5250,0.5158092016
equivalentiegraad,alleen,ziekte,ZV50,-,5500,0.5421796712
equivalentiegraad,alleen,ziekte,ZV50,-,5750,0.5790983287
equivalentiegraad,alleen,ziekte,ZV50,-,6000,0.6107428922
equivalentiegraad,alleen,ziekte,ZV50,-,6250,0.6476615497
equivalentiegraad,alleen,ziekte,ZV50,-,6500,0.6793061132
equivalentiegraad,alleen,ziekte,ZV50,-,6750,0.7109506767
equivalentiegraad,alleen,ziekte,ZV50,-,7000,0.7478693342
equivalentiegraad,alleen,ziekte,ZV50,-,7500,0.8111584612
equivalentiegraad,alleen,ziekte,ZV50,-,8000,0.869317059
equivalentiegraad,alleen,ziekte,ZV50,-,8500,0.9155495419
equivalentiegraad,alleen,ziekte,ZV50,-,9000,0.9617820248
equivalentiegraad,alleen,ziekte,ZV50,-,9500,1.008347497
equivalentiegraad,alleen,ziekte,ZV50,-,10000,1.059759106
equivalentiegraad,alleen,ziekte,ZV50,-,11000,1.108671643
equivalentiegraad,alleen,ziekte,ZV50,-,12000,1.108671643
equivalentiegraad,alleen,ziekte,ZV50,-,13000,1.108671643
equivalentiegraad,alleen,ziekte,ZV50,-,14000,1.108671643
equivalentiegraad,alleen,ziekte,ZV50,-,15000,1.108671643
equivalentiegraad,alleen,ziekte,ZV00,-,1550,0.2043748941
equivalentiegraad,alleen,ziekte,ZV00,-,1800,0.2043748941
equivalentiegraad,alleen,ziekte,ZV00,-,2000,0.2043748941
equivalentiegraad,alleen,ziekte,ZV00,-,2250,0.2043748941
equivalentiegraad,alleen,ziekte,ZV00,-,2500,0.2043748941
equivalentiegraad,alleen,ziekte,ZV00,-,2750,0.2043748941
equivalentiegraad,alleen,ziekte,ZV00,-,3000,0.2043748941
equivalentiegraad,alleen,ziekte,ZV00,-,3250,0.2043748941
equivalentiegraad,alleen,ziekte,ZV00,-,3500,0.2043748941
equivalentiegraad,alleen,ziekte,ZV00,-,3750,0.2043748941
equivalentiegraad,alleen,ziekte,ZV00,-,4000,0.2043748941
equivalentiegraad,alleen,ziekte,ZV00,-,4250,0.2043748941
equivalentiegraad,alleen,ziekte,ZV00,-,4500,0.2043748941
equivalentiegraad,alleen,ziekte,ZV00,-,4750,0.2043748941
equivalentiegraad,alleen,ziekte,ZV00,-,5000,0.2043748941
equivalentiegraad,alleen,ziekte,ZV00,-,5250,0.2043748941
equivalentiegraad,alleen,ziekte,ZV00,-,5500,0.2043748941
equivalentiegraad,alleen,ziekte,ZV00,-,5750,0.2043748941
equivalentiegraad,alleen,ziekte,ZV00,-,6000,0.2043748941
equivalentiegraad,alleen,ziekte,ZV00,-,6250,0.2043748941
equivalentiegraad,alleen,ziekte,ZV00,-,6500,0.2043748941
equivalentiegraad,alleen,ziekte,ZV00,-,6750,0.2043748941
equivalentiegraad,alleen,ziekte,ZV00,-,7000,0.2043748941
equivalentiegraad,alleen,ziekte,ZV00,-,7500,0.2043748941
equivalentiegraad,alleen,ziekte,ZV00,-,8000,0.2043748941
equivalentiegraad,alleen,ziekte,ZV00,-,8500,0.2043748941
equivalentiegraad,alleen,ziekte,ZV00,-,9000,0.2043748941
equivalentiegraad,alleen,ziekte,ZV00,-,9500,0.2043748941
equivalentiegraad,alleen,ziekte,ZV00,-,10000,0.2043748941
equivalentiegraad,alleen,ziekte,ZV00,-,11000,0.2043748941
equivalentiegraad,alleen,ziekte,ZV00,-,12000,0.2043748941
equivalentiegraad,alleen,ziekte,ZV00,-,13000,0.2043748941
equivalentiegraad,alleen,ziekte,ZV00,-,14000,0.2043748941
equivalentiegraad,alleen,ziekte,ZV00,-,15000,0.2043748941
equivalentiegraad,alleen,ziekte,ZE,-,1550,0.2180846679
equivalentiegraad,alleen,ziekte,ZE,-,1800,0.27565108
equivalentiegraad,alleen,ziekte,ZE,-,2000,0.3252772974
equivalentiegraad,alleen,ziekte,ZE,-,2250,0.3887988556
equivalentiegraad,alleen,ziekte,ZE,-,2500,0.4543054625
equivalentiegraad,alleen,ziekte,ZE,-,2750,0.5178270207
equivalentiegraad,alleen,ziekte,ZE,-,3000,0.5892887737
equivalentiegraad,alleen,ziekte,ZE,-,3250,0.6607505266
equivalentiegraad,alleen,ziekte,ZE,-,3500,0.7322122796
equivalentiegraad,alleen,ziekte,ZE,-,3750,0.8036740326
equivalentiegraad,alleen,ziekte,ZE,-,4000,0.8605650482
equivalentiegraad,alleen,ziekte,ZE,-,4250,0.9098674633
equivalentiegraad,alleen,ziekte,ZE,-,4500,0.9620700204
equivalentiegraad,alleen,ziekte,ZE,-,4750,1.009922364
equivalentiegraad,alleen,ziekte,ZE,-,5000,1.05922478
equivalentiegraad,alleen,ziekte,ZE,-,5250,1.08862727
equivalentiegraad,alleen,ziekte,ZE,-,5500,1.08862727
equivalentiegraad,alleen,ziekte,ZE,-,5750,1.08862727
equivalentiegraad,alleen,ziekte,ZE,-,6000,1.08862727
equivalentiegraad,alleen,ziekte,ZE,-,6250,1.08862727
equivalentiegraad,alleen,ziekte,ZE,-,6500,1.08862727
equivalentiegraad,alleen,ziekte,ZE,-,6750,1.08862727
equivalentiegraad,alleen,ziekte,ZE,-,7000,1.08862727
equivalentiegraad,alleen,ziekte,ZE,-,7500,1.08862727
equivalentiegraad,alleen,ziekte,ZE,-,8000,1.08862727
equivalentiegraad,alleen,ziekte,ZE,-,8500,1.08862727
equivalentiegraad,alleen,ziekte,ZE,-,9000,1.08862727
equivalentiegraad,alleen,ziekte,ZE,-,9500,1.08862727
equivalentiegraad,alleen,ziekte,ZE,-,10000,1.08862727
equivalentiegraad,alleen,ziekte,ZE,-,11000,1.08862727
equivalentiegraad,alleen,ziekte,ZE,-,12000,1.08862727
equivalentiegraad,alleen,ziekte,ZE,-,13000,1.08862727
equivalentiegraad,alleen,ziekte,ZE,-,14000,1.08862727
equivalentiegraad,alleen,ziekte,ZE,-,15000,1.08862727
equivalentiegraad,alleen,ziekte,WN,2,1550,0
equivalentiegraad,alleen,ziekte,WN,2,1800,0
equivalentiegraad,alleen,ziekte,WN,2,2000,0.001153293889
equivalentiegraad,alleen,ziekte,WN,2,2250,0.1013468144
equivalentiegraad,alleen,ziekte,WN,2,2500,0.2610604285
equivalentiegraad,alleen,ziekte,WN,2,2750,0.2802197834
equivalentiegraad,alleen,ziekte,WN,2,3000,0.310203887
equivalentiegraad,alleen,ziekte,WN,2,3250,0.3477592139
equivalentiegraad,alleen,ziekte,WN,2,3500,0.3882051224
equivalentiegraad,alleen,ziekte,WN,2,3750,0.4264097184
equivalentiegraad,alleen,ziekte,WN,2,4000,0.4609766285
equivalentiegraad,alleen,ziekte,WN,2,4250,0.4982028738
equivalentiegraad,alleen,ziekte,WN,2,4500,0.535429119
equivalentiegraad,alleen,ziekte,WN,2,4750,0.5699960291
equivalentiegraad,alleen,ziekte,WN,2,5000,0.6072222744
equivalentiegraad,alleen,ziekte,WN,2,5250,0.6417891845
equivalentiegraad,alleen,ziekte,WN,2,5500,0.6790109827
equivalentiegraad,alleen,ziekte,WN,2,5750,0.7135778928
equivalentiegraad,alleen,ziekte,WN,2,6000,0.750804138
equivalentiegraad,alleen,ziekte,WN,2,6250,0.7853710481
equivalentiegraad,alleen,ziekte,WN,2,6500,0.8225972934
equivalentiegraad,alleen,ziekte,WN,2,6750,0.8571642035
equivalentiegraad,alleen,ziekte,WN,2,7000,0.8943904487
equivalentiegraad,alleen,ziekte,WN,2,7500,0.966179157
equivalentiegraad,alleen,ziekte,WN,2,8000,1.037972312
equivalentiegraad,alleen,ziekte,WN,2,8500,1.109765468
equivalentiegraad,alleen,ziekte,WN,2,9000,1.181558623
equivalentiegraad,alleen,ziekte,WN,2,9500,1.256006667
equivalentiegraad,alleen,ziekte,WN,2,10000,1.327799822
equivalentiegraad,alleen,ziekte,WN,2,11000,1.471386133
equivalentiegraad,alleen,ziekte,WN,2,12000,1.614967996
equivalentiegraad,alleen,ziekte,WN,2,13000,1.758554307
equivalentiegraad,alleen,ziekte,WN,2,14000,1.902136171
equivalentiegraad,alleen,ziekte,WN,2,15000,2.045722481
equivalentiegraad,alleen,ziekte,WN,3-6,1550,0
equivalentiegraad,alleen,ziekte,WN,3-6,1800,0
equivalentiegraad,alleen,ziekte,WN,3-6,2000,0.0009376879226
equivalentiegraad,alleen,ziekte,WN,3-6,2250,0.1013468144
equivalentiegraad,alleen,ziekte,WN,3-6,2500,0.2610604285
equivalentiegraad,alleen,ziekte,WN,3-6,2750,0.2802197834
equivalentiegraad,alleen,ziekte,WN,3-6,3000,0.3102094303
equivalentiegraad,alleen,ziekte,WN,3-6,3250,0.3477654283
equivalentiegraad,alleen,ziekte,WN,3-6,3500,0.3882120596
equivalentiegraad,alleen,ziekte,WN,3-6,3750,0.4264173383
equivalentiegraad,alleen,ziekte,WN,3-6,4000,0.4609848661
equivalentiegraad,alleen,ziekte,WN,3-6,4250,0.4982117766
equivalentiegraad,alleen,ziekte,WN,3-6,4500,0.5354386871
equivalentiegraad,alleen,ziekte,WN,3-6,4750,0.5700062149
equivalentiegraad,alleen,ziekte,WN,3-6,5000,0.6072331254
equivalentiegraad,alleen,ziekte,WN,3-6,5250,0.6418006532
equivalentiegraad,alleen,ziekte,WN,3-6,5500,0.6790231165
equivalentiegraad,alleen,ziekte,WN,3-6,5750,0.7135906443
equivalentiegraad,alleen,ziekte,WN,3-6,6000,0.7508175548
equivalentiegraad,alleen,ziekte,WN,3-6,6250,0.7853850826
equivalentiegraad,alleen,ziekte,WN,3-6,6500,0.8226119931
equivalentiegraad,alleen,ziekte,WN,3-6,6750,0.8571795209
equivalentiegraad,alleen,ziekte,WN,3-6,7000,0.8944064314
equivalentiegraad,alleen,ziekte,WN,3-6,7500,0.9661964226
equivalentiegraad,alleen,ziekte,WN,3-6,8000,1.037990861
equivalentiegraad,alleen,ziekte,WN,3-6,8500,1.109785299
equivalentiegraad,alleen,ziekte,WN,3-6,9000,1.181579737
equivalentiegraad,alleen,ziekte,WN,3-6,9500,1.256029111
equivalentiegraad,alleen,ziekte,WN,3-6,10000,1.32782355
equivalentiegraad,alleen,ziekte,WN,3-6,11000,1.471412426
equivalentiegraad,alleen,ziekte,WN,3-6,12000,1.614996856
equivalentiegraad,alleen,ziekte,WN,3-6,13000,1.758585732
equivalentiegraad,alleen,ziekte,WN,3-6,14000,1.902170162
equivalentiegraad,alleen,ziekte,WN,3-6,15000,2.045759038
equivalentiegraad,alleen,ziekte,WN,7-12,1550,0
equivalentiegraad,alleen,ziekte,WN,7-12,1800,0
equivalentiegraad,alleen,ziekte,WN,7-12,2000,0.0009376879226
equivalentiegraad,alleen,ziekte,WN,7-12,2250,0.1013468144
equivalentiegraad,alleen,ziekte,WN,7-12,2500,0.2610604285
equivalentiegraad,alleen,ziekte,WN,7-12,2750,0.2802197834
equivalentiegraad,alleen,ziekte,WN,7-12,3000,0.3102094303
equivalentiegraad,alleen,ziekte,WN,7-12,3250,0.3477654283
equivalentiegraad,alleen,ziekte,WN,7-12,3500,0.3882120596
equivalentiegraad,alleen,ziekte,WN,7-12,3750,0.4264173383
equivalentiegraad,alleen,ziekte,WN,7-12,4000,0.4609848661
equivalentiegraad,alleen,ziekte,WN,7-12,4250,0.4982117766
equivalentiegraad,alleen,ziekte,WN,7-12,4500,0.5354386871
equivalentiegraad,alleen,ziekte,WN,7-12,4750,0.5700062149
equivalentiegraad,alleen,ziekte,WN,7-12,5000,0.6072331254
equivalentiegraad,alleen,ziekte,WN,7-12,5250,0.6418006532
equivalentiegraad,alleen,ziekte,WN,7-12,5500,0.6790231165
equivalentiegraad,alleen,ziekte,WN,7-12,5750,0.7135906443
equivalentiegraad,alleen,ziekte,WN,7-12,6000,0.7508175548
equivalentiegraad,alleen,ziekte,WN,7-12,6250,0.7853850826
equivalentiegraad,alleen,ziekte,WN,7-12,6500,0.8226119931
equivalentiegraad,alleen,ziekte,WN,7-12,6750,0.8571795209
equivalentiegraad,alleen,ziekte,WN,7-12,7000,0.8944064314
equivalentiegraad,alleen,ziekte,WN,7-12,7500,0.9661964226
equivalentiegraad,alleen,ziekte,WN,7-12,8000,1.037990861
equivalentiegraad,alleen,ziekte,WN,7-12,8500,1.109785299
equivalentiegraad,alleen,ziekte,WN,7-12,9000,1.181579737
equivalentiegraad,alleen,ziekte,WN,7-12,9500,1.256029111
equivalentiegraad,alleen,ziekte,WN,7-12,10000,1.32782355
equivalentiegraad,alleen,ziekte,WN,7-12,11000,1.471412426
equivalentiegraad,alleen,ziekte,WN,7-12,12000,1.614996856
equivalentiegraad,alleen,ziekte,WN,7-12,13000,1.758585732
equivalentiegraad,alleen,ziekte,WN,7-12,14000,1.902170162
equivalentiegraad,alleen,ziekte,WN,7-12,15000,2.045759038
equivalentiegraad,alleen,werkloosheid,ZV100VAA,-,1550,0.2615914578
equivalentiegraad,alleen,werkloosheid,ZV100VAA,-,1800,0.3152999203
equivalentiegraad,alleen,werkloosheid,ZV100VAA,-,2000,0.3626897402
equivalentiegraad,alleen,werkloosheid,ZV100VAA,-,2250,0.4206106311
equivalentiegraad,alleen,werkloosheid,ZV100VAA,-,2500,0.4837970575
equivalentiegraad,alleen,werkloosheid,ZV100VAA,-,2750,0.546983484
equivalentiegraad,alleen,werkloosheid,ZV100VAA,-,3000,0.6101699105
equivalentiegraad,alleen,werkloosheid,ZV100VAA,-,3250,0.6786218725
equivalentiegraad,alleen,werkloosheid,ZV100VAA,-,3500,0.7470738345
equivalentiegraad,alleen,werkloosheid,ZV100VAA,-,3750,0.8102602609
equivalentiegraad,alleen,werkloosheid,ZV100VAA,-,4000,0.8682118085
equivalentiegraad,alleen,werkloosheid,ZV100VAA,-,4250,0.914369269
equivalentiegraad,alleen,werkloosheid,ZV100VAA,-,4500,0.9605267295
equivalentiegraad,alleen,werkloosheid,ZV100VAA,-,4750,1.007024727
equivalentiegraad,alleen,werkloosheid,ZV100VAA,-,5000,1.058352909
equivalentiegraad,alleen,werkloosheid,ZV100VAA,-,5250,1.10573277
equivalentiegraad,alleen,werkloosheid,ZV100VAA,-,5500,1.106872579
equivalentiegraad,alleen,werkloosheid,ZV100VAA,-,5750,1.106872579
equivalentiegraad,alleen,werkloosheid,ZV100VAA,-,6000,1.106872579
equivalentiegraad,alleen,werkloosheid,ZV100VAA,-,6250,1.106872579
equivalentiegraad,alleen,werkloosheid,ZV100VAA,-,6500,1.106872579
equivalentiegraad,alleen,werkloosheid,ZV100VAA,-,6750,1.106872579
equivalentiegraad,alleen,werkloosheid,ZV100VAA,-,7000,1.106872579
equivalentiegraad,alleen,werkloosheid,ZV100VAA,-,7500,1.106872579
equivalentiegraad,alleen,werkloosheid,ZV100VAA,-,8000,1.106872579
equivalentiegraad,alleen,werkloosheid,ZV100VAA,-,8500,1.106872579
equivalentiegraad,alleen,werkloosheid,ZV100VAA,-,9000,1.106872579
equivalentiegraad,alleen,werkloosheid,ZV100VAA,-,9500,1.106872579
equivalentiegraad,alleen,werkloosheid,ZV100VAA,-,10000,1.106872579
equivalentiegraad,alleen,werkloosheid,ZV100VAA,-,11000,1.106872579
equivalentiegraad,alleen,werkloosheid,ZV100VAA,-,12000,1.106872579
equivalentiegraad,alleen,werkloosheid,ZV100VAA,-,13000,1.106872579
equivalentiegraad,alleen,werkloosheid,ZV100VAA,-,14000,1.106872579
equivalentiegraad,alleen,werkloosheid,ZV100VAA,-,15000,1.106872579
equivalentiegraad,alleen,werkloosheid,ZV100,-,1550,0.2601202672
equivalentiegraad,alleen,werkloosheid,ZV100,-,1800,0.3148818368
equivalentiegraad,alleen,werkloosheid,ZV100,-,2000,0.3622716566
equivalentiegraad,alleen,werkloosheid,ZV100,-,2250,0.4254580831
equivalentiegraad,alleen,werkloosheid,ZV100,-,2500,0.483378974
equivalentiegraad,alleen,werkloosheid,ZV100,-,2750,0.5465654005
equivalentiegraad,alleen,werkloosheid,ZV100,-,3000,0.6097518269
equivalentiegraad,alleen,werkloosheid,ZV100,-,3250,0.6782037889
equivalentiegraad,alleen,werkloosheid,ZV100,-,3500,0.7466557509
equivalentiegraad,alleen,werkloosheid,ZV100,-,3750,0.8098421774
equivalentiegraad,alleen,werkloosheid,ZV100,-,4000,0.8679064
equivalentiegraad,alleen,werkloosheid,ZV100,-,4250,0.9140638605
equivalentiegraad,alleen,werkloosheid,ZV100,-,4500,0.9602213209
equivalentiegraad,alleen,werkloosheid,ZV100,-,4750,1.00671123
equivalentiegraad,alleen,werkloosheid,ZV100,-,5000,1.058039413
equivalentiegraad,alleen,werkloosheid,ZV100,-,5250,1.105419274
equivalentiegraad,alleen,werkloosheid,ZV100,-,5500,1.106872579
equivalentiegraad,alleen,werkloosheid,ZV100,-,5750,1.106872579
equivalentiegraad,alleen,werkloosheid,ZV100,-,6000,1.106872579
equivalentiegraad,alleen,werkloosheid,ZV100,-,6250,1.106872579
equivalentiegraad,alleen,werkloosheid,ZV100,-,6500,1.106872579
equivalentiegraad,alleen,werkloosheid,ZV100,-,6750,1.106872579
equivalentiegraad,alleen,werkloosheid,ZV100,-,7000,1.106872579
equivalentiegraad,alleen,werkloosheid,ZV100,-,7500,1.106872579
equivalentiegraad,alleen,werkloosheid,ZV100,-,8000,1.106872579
equivalentiegraad,alleen,werkloosheid,ZV100,-,8500,1.106872579
equivalentiegraad,alleen,werkloosheid,ZV100,-,9000,1.106872579
equivalentiegraad,alleen,werkloosheid,ZV100,-,9500,1.106872579
equivalentiegraad,alleen,werkloosheid,ZV100,-,10000,1.106872579
equivalentiegraad,alleen,werkloosheid,ZV100,-,11000,1.106872579
equivalentiegraad,alleen,werkloosheid,ZV100,-,12000,1.106872579
equivalentiegraad,alleen,werkloosheid,ZV100,-,13000,1.106872579
equivalentiegraad,alleen,werkloosheid,ZV100,-,14000,1.106872579
equivalentiegraad,alleen,werkloosheid,ZV100,-,15000,1.106872579
equivalentiegraad,alleen,werkloosheid,ZV75,-,1550,0.2040432507
equivalentiegraad,alleen,werkloosheid,ZV75,-,1800,0.2148366616
equivalentiegraad,alleen,werkloosheid,ZV75,-,2000,0.2516954103
equivalentiegraad,alleen,werkloosheid,ZV75,-,2250,0.2885541591
equivalentiegraad,alleen,werkloosheid,ZV75,-,2500,0.3306784434
equivalentiegraad,alleen,werkloosheid,ZV75,-,2750,0.3780682632
equivalentiegraad,alleen,werkloosheid,ZV75,-,3000,0.4254580831
equivalentiegraad,alleen,werkloosheid,ZV75,-,3250,0.4675823674
equivalentiegraad,alleen,werkloosheid,ZV75,-,3500,0.5149721872
equivalentiegraad,alleen,werkloosheid,ZV75,-,3750,0.5623620071
equivalentiegraad,alleen,werkloosheid,ZV75,-,4000,0.6097518269
equivalentiegraad,alleen,werkloosheid,ZV75,-,4250,0.6624071823
equivalentiegraad,alleen,werkloosheid,ZV75,-,4500,0.7097970022
equivalentiegraad,alleen,werkloosheid,ZV75,-,4750,0.7624523576
equivalentiegraad,alleen,werkloosheid,ZV75,-,5000,0.8151077129
equivalentiegraad,alleen,werkloosheid,ZV75,-,5250,0.8563670349
equivalentiegraad,alleen,werkloosheid,ZV75,-,5500,0.8909851302
equivalentiegraad,alleen,werkloosheid,ZV75,-,5750,0.9256032256
equivalentiegraad,alleen,werkloosheid,ZV75,-,6000,0.9602213209
equivalentiegraad,alleen,werkloosheid,ZV75,-,6250,0.9948662649
equivalentiegraad,alleen,werkloosheid,ZV75,-,6500,1.034349482
equivalentiegraad,alleen,werkloosheid,ZV75,-,6750,1.069884378
equivalentiegraad,alleen,werkloosheid,ZV75,-,7000,1.105419274
equivalentiegraad,alleen,werkloosheid,ZV75,-,7500,1.106872579
equivalentiegraad,alleen,werkloosheid,ZV75,-,8000,1.106872579
equivalentiegraad,alleen,werkloosheid,ZV75,-,8500,1.106872579
equivalentiegraad,alleen,werkloosheid,ZV75,-,9000,1.106872579
equivalentiegraad,alleen,werkloosheid,ZV75,-,9500,1.106872579
equivalentiegraad,alleen,werkloosheid,ZV75,-,10000,1.106872579
equivalentiegraad,alleen,werkloosheid,ZV75,-,11000,1.106872579
equivalentiegraad,alleen,werkloosheid,ZV75,-,12000,1.106872579
equivalentiegraad,alleen,werkloosheid,ZV75,-,13000,1.106872579
equivalentiegraad,alleen,werkloosheid,ZV75,-,14000,1.106872579
equivalentiegraad,alleen,werkloosheid,ZV75,-,15000,1.106872579
equivalentiegraad,alleen,werkloosheid,ZV50,-,1550,0.2040432507
equivalentiegraad,alleen,werkloosheid,ZV50,-,1800,0.2040432507
equivalentiegraad,alleen,werkloosheid,ZV50,-,2000,0.2040432507
equivalentiegraad,alleen,werkloosheid,ZV50,-,2250,0.2040432507
equivalentiegraad,alleen,werkloosheid,ZV50,-,2500,0.2040432507
equivalentiegraad,alleen,werkloosheid,ZV50,-,2750,0.2222084113
equivalentiegraad,alleen,werkloosheid,ZV50,-,3000,0.248536089
equivalentiegraad,alleen,werkloosheid,ZV50,-,3250,0.2769699809
equivalentiegraad,alleen,werkloosheid,ZV50,-,3500,0.3054038728
equivalentiegraad,alleen,werkloosheid,ZV50,-,3750,0.3327846576
equivalentiegraad,alleen,werkloosheid,ZV50,-,4000,0.3622716566
equivalentiegraad,alleen,werkloosheid,ZV50,-,4250,0.3938648699
equivalentiegraad,alleen,werkloosheid,ZV50,-,4500,0.4254580831
equivalentiegraad,alleen,werkloosheid,ZV50,-,4750,0.4517857608
equivalentiegraad,alleen,werkloosheid,ZV50,-,5000,0.483378974
equivalentiegraad,alleen,werkloosheid,ZV50,-,5250,0.5149721872
equivalentiegraad,alleen,werkloosheid,ZV50,-,5500,0.5412998649
equivalentiegraad,alleen,werkloosheid,ZV50,-,5750,0.5781586137
equivalentiegraad,alleen,werkloosheid,ZV50,-,6000,0.6097518269
equivalentiegraad,alleen,werkloosheid,ZV50,-,6250,0.6466105757
equivalentiegraad,alleen,werkloosheid,ZV50,-,6500,0.6782037889
equivalentiegraad,alleen,werkloosheid,ZV50,-,6750,0.7097970022
equivalentiegraad,alleen,werkloosheid,ZV50,-,7000,0.7466557509
equivalentiegraad,alleen,werkloosheid,ZV50,-,7500,0.8098421774
equivalentiegraad,alleen,werkloosheid,ZV50,-,8000,0.8679064
equivalentiegraad,alleen,werkloosheid,ZV50,-,8500,0.9140638605
equivalentiegraad,alleen,werkloosheid,ZV50,-,9000,0.9602213209
equivalentiegraad,alleen,werkloosheid,ZV50,-,9500,1.00671123
equivalentiegraad,alleen,werkloosheid,ZV50,-,10000,1.058039413
equivalentiegraad,alleen,werkloosheid,ZV50,-,11000,1.106872579
equivalentiegraad,alleen,werkloosheid,ZV50,-,12000,1.106872579
equivalentiegraad,alleen,werkloosheid,ZV50,-,13000,1.106872579
equivalentiegraad,alleen,werkloosheid,ZV50,-,14000,1.106872579
equivalentiegraad,alleen,werkloosheid,ZV50,-,15000,1.106872579
equivalentiegraad,alleen,werkloosheid,ZV00,-,1550,0.2040432507
equivalentiegraad,alleen,werkloosheid,ZV00,-,1800,0.2040432507
equivalentiegraad,alleen,werkloosheid,ZV00,-,2000,0.2040432507
equivalentiegraad,alleen,werkloosheid,ZV00,-,2250,0.2040432507
equivalentiegraad,alleen,werkloosheid,ZV00,-,2500,0.2040432507
equivalentiegraad,alleen,werkloosheid,ZV00,-,2750,0.2040432507
equivalentiegraad,alleen,werkloosheid,ZV00,-,3000,0.2040432507
equivalentiegraad,alleen,werkloosheid,ZV00,-,3250,0.2040432507
equivalentiegraad,alleen,werkloosheid,ZV00,-,3500,0.2040432507
equivalentiegraad,alleen,werkloosheid,ZV00,-,3750,0.2040432507
equivalentiegraad,alleen,werkloosheid,ZV00,-,4000,0.2040432507
equivalentiegraad,alleen,werkloosheid,ZV00,-,4250,0.2040432507
equivalentiegraad,alleen,werkloosheid,ZV00,-,4500,0.2040432507
equivalentiegraad,alleen,werkloosheid,ZV00,-,4750,0.2040432507
equivalentiegraad,alleen,werkloosheid,ZV00,-,5000,0.2040432507
equivalentiegraad,alleen,werkloosheid,ZV00,-,5250,0.2040432507
equivalentiegraad,alleen,werkloosheid,ZV00,-,5500,0.2040432507
equivalentiegraad,alleen,werkloosheid,ZV00,-,5750,0.2040432507
equivalentiegraad,alleen,werkloosheid,ZV00,-,6000,0.2040432507
equivalentiegraad,alleen,werkloosheid,ZV00,-,6250,0.2040432507
equivalentiegraad,alleen,werkloosheid,ZV00,-,6500,0.2040432507
equivalentiegraad,alleen,werkloosheid,ZV00,-,6750,0.2040432507
equivalentiegraad,alleen,werkloosheid,ZV00,-,7000,0.2040432507
equivalentiegraad,alleen,werkloosheid,ZV00,-,7500,0.2040432507
equivalentiegraad,alleen,werkloosheid,ZV00,-,8000,0.2040432507
equivalentiegraad,alleen,werkloosheid,ZV00,-,8500,0.2040432507
equivalentiegraad,alleen,werkloosheid,ZV00,-,9000,0.2040432507
equivalentiegraad,alleen,werkloosheid,ZV00,-,9500,0.2040432507
equivalentiegraad,alleen,werkloosheid,ZV00,-,10000,0.2040432507
equivalentiegraad,alleen,werkloosheid,ZV00,-,11000,0.2040432507
equivalentiegraad,alleen,werkloosheid,ZV00,-,12000,0.2040432507
equivalentiegraad,alleen,werkloosheid,ZV00,-,13000,0.2040432507
equivalentiegraad,alleen,werkloosheid,ZV00,-,14000,0.2040432507
equivalentiegraad,alleen,werkloosheid,ZV00,-,15000,0.2040432507
equivalentiegraad,alleen,werkloosheid,ZE,-,1550,0.2177307773
equivalentiegraad,alleen,werkloosheid,ZE,-,1800,0.2752037752
equivalentiegraad,alleen,werkloosheid,ZE,-,2000,0.3247494631
equivalentiegraad,alleen,werkloosheid,ZE,-,2250,0.3881679435
equivalentiegraad,alleen,werkloosheid,ZE,-,2500,0.4535682515
equivalentiegraad,alleen,werkloosheid,ZE,-,2750,0.5169867319
equivalentiegraad,alleen,werkloosheid,ZE,-,3000,0.5883325224
equivalentiegraad,alleen,werkloosheid,ZE,-,3250,0.6596783129
equivalentiegraad,alleen,werkloosheid,ZE,-,3500,0.7310241034
equivalentiegraad,alleen,werkloosheid,ZE,-,3750,0.8023698939
equivalentiegraad,alleen,werkloosheid,ZE,-,4000,0.8591685913
equivalentiegraad,alleen,werkloosheid,ZE,-,4250,0.9083910023
equivalentiegraad,alleen,werkloosheid,ZE,-,4500,0.9605088492
equivalentiegraad,alleen,werkloosheid,ZE,-,4750,1.008283542
equivalentiegraad,alleen,werkloosheid,ZE,-,5000,1.057505953
equivalentiegraad,alleen,werkloosheid,ZE,-,5250,1.086860732
equivalentiegraad,alleen,werkloosheid,ZE,-,5500,1.086860732
equivalentiegraad,alleen,werkloosheid,ZE,-,5750,1.086860732
equivalentiegraad,alleen,werkloosheid,ZE,-,6000,1.086860732
equivalentiegraad,alleen,werkloosheid,ZE,-,6250,1.086860732
equivalentiegraad,alleen,werkloosheid,ZE,-,6500,1.086860732
equivalentiegraad,alleen,werkloosheid,ZE,-,6750,1.086860732
equivalentiegraad,alleen,werkloosheid,ZE,-,7000,1.086860732
equivalentiegraad,alleen,werkloosheid,ZE,-,7500,1.086860732
equivalentiegraad,alleen,werkloosheid,ZE,-,8000,1.086860732
equivalentiegraad,alleen,werkloosheid,ZE,-,8500,1.086860732
equivalentiegraad,alleen,werkloosheid,ZE,-,9000,1.086860732
equivalentiegraad,alleen,werkloosheid,ZE,-,9500,1.086860732
equivalentiegraad,alleen,werkloosheid,ZE,-,10000,1.086860732
equivalentiegraad,alleen,werkloosheid,ZE,-,11000,1.086860732
equivalentiegraad,alleen,werkloosheid,ZE,-,12000,1.086860732
equivalentiegraad,alleen,werkloosheid,ZE,-,13000,1.086860732
equivalentiegraad,alleen,werkloosheid,ZE,-,14000,1.086860732
equivalentiegraad,alleen,werkloosheid,ZE,-,15000,1.086860732
equivalentiegraad,alleen,werkloosheid,WN,1-3,1550,0
equivalentiegraad,alleen,werkloosheid,WN,1-3,1800,0
equivalentiegraad,alleen,werkloosheid,WN,1-3,2000,0.001068459225
equivalentiegraad,alleen,werkloosheid,WN,1-3,2250,0.1007693271
equivalentiegraad,alleen,werkloosheid,WN,1-3,2500,0.2773204384
equivalentiegraad,alleen,werkloosheid,WN,1-3,2750,0.3215748755
equivalentiegraad,alleen,werkloosheid,WN,1-3,3000,0.3671028974
equivalentiegraad,alleen,werkloosheid,WN,1-3,3250,0.4115467934
equivalentiegraad,alleen,werkloosheid,WN,1-3,3500,0.4594114748
equivalentiegraad,alleen,werkloosheid,WN,1-3,3750,0.5046237319
equivalentiegraad,alleen,werkloosheid,WN,1-3,4000,0.5455310622
equivalentiegraad,alleen,werkloosheid,WN,1-3,4250,0.5895855149
equivalentiegraad,alleen,werkloosheid,WN,1-3,4500,0.6336399677
equivalentiegraad,alleen,werkloosheid,WN,1-3,4750,0.674547298
equivalentiegraad,alleen,werkloosheid,WN,1-3,5000,0.7186017508
equivalentiegraad,alleen,werkloosheid,WN,1-3,5250,0.759509081
equivalentiegraad,alleen,werkloosheid,WN,1-3,5500,0.803558271
equivalentiegraad,alleen,werkloosheid,WN,1-3,5750,0.8444656013
equivalentiegraad,alleen,werkloosheid,WN,1-3,6000,0.8885200541
equivalentiegraad,alleen,werkloosheid,WN,1-3,6250,0.9294273843
equivalentiegraad,alleen,werkloosheid,WN,1-3,6500,0.9734818371
equivalentiegraad,alleen,werkloosheid,WN,1-3,6750,1.014389167
equivalentiegraad,alleen,werkloosheid,WN,1-3,7000,1.05844362
equivalentiegraad,alleen,werkloosheid,WN,1-3,7500,1.14340014
equivalentiegraad,alleen,werkloosheid,WN,1-3,8000,1.228361923
equivalentiegraad,alleen,werkloosheid,WN,1-3,8500,1.313323706
equivalentiegraad,alleen,werkloosheid,WN,1-3,9000,1.39828549
equivalentiegraad,alleen,werkloosheid,WN,1-3,9500,1.486389132
equivalentiegraad,alleen,werkloosheid,WN,1-3,10000,1.571350915
equivalentiegraad,alleen,werkloosheid,WN,1-3,11000,1.741274481
equivalentiegraad,alleen,werkloosheid,WN,1-3,12000,1.911192785
equivalentiegraad,alleen,werkloosheid,WN,1-3,13000,2.081116351
equivalentiegraad,alleen,werkloosheid,WN,1-3,14000,2.251034654
equivalentiegraad,alleen,werkloosheid,WN,1-3,15000,2.42095822
equivalentiegraad,alleen,werkloosheid,WN,4-6,1550,0
equivalentiegraad,alleen,werkloosheid,WN,4-6,1800,0
equivalentiegraad,alleen,werkloosheid,WN,4-6,2000,0.001068459225
equivalentiegraad,alleen,werkloosheid,WN,4-6,2250,0.1053265165
equivalentiegraad,alleen,werkloosheid,WN,4-6,2500,0.2906715426
equivalentiegraad,alleen,werkloosheid,WN,4-6,2750,0.3370565318
equivalentiegraad,alleen,werkloosheid,WN,4-6,3000,0.3847764201
equivalentiegraad,alleen,werkloosheid,WN,4-6,3250,0.4313599893
equivalentiegraad,alleen,werkloosheid,WN,4-6,3500,0.4815290315
equivalentiegraad,alleen,werkloosheid,WN,4-6,3750,0.5289179531
equivalentiegraad,alleen,werkloosheid,WN,4-6,4000,0.5717946947
equivalentiegraad,alleen,werkloosheid,WN,4-6,4250,0.6179700716
equivalentiegraad,alleen,werkloosheid,WN,4-6,4500,0.6641454484
equivalentiegraad,alleen,werkloosheid,WN,4-6,4750,0.7070221901
equivalentiegraad,alleen,werkloosheid,WN,4-6,5000,0.7531975669
equivalentiegraad,alleen,werkloosheid,WN,4-6,5250,0.7960743086
equivalentiegraad,alleen,werkloosheid,WN,4-6,5500,0.8422441693
equivalentiegraad,alleen,werkloosheid,WN,4-6,5750,0.885120911
equivalentiegraad,alleen,werkloosheid,WN,4-6,6000,0.9312962878
equivalentiegraad,alleen,werkloosheid,WN,4-6,6250,0.9741730295
equivalentiegraad,alleen,werkloosheid,WN,4-6,6500,1.020348406
equivalentiegraad,alleen,werkloosheid,WN,4-6,6750,1.063225148
equivalentiegraad,alleen,werkloosheid,WN,4-6,7000,1.109400525
equivalentiegraad,alleen,werkloosheid,WN,4-6,7500,1.198447127
equivalentiegraad,alleen,werkloosheid,WN,4-6,8000,1.287499246
equivalentiegraad,alleen,werkloosheid,WN,4-6,8500,1.376551364
equivalentiegraad,alleen,werkloosheid,WN,4-6,9000,1.465603483
equivalentiegraad,alleen,werkloosheid,WN,4-6,9500,1.55794872
equivalentiegraad,alleen,werkloosheid,WN,4-6,10000,1.647000839
equivalentiegraad,alleen,werkloosheid,WN,4-6,11000,1.825105076
equivalentiegraad,alleen,werkloosheid,WN,4-6,12000,2.003203797
equivalentiegraad,alleen,werkloosheid,WN,4-6,13000,2.181308034
equivalentiegraad,alleen,werkloosheid,WN,4-6,14000,2.359406755
equivalentiegraad,alleen,werkloosheid,WN,4-6,15000,2.537510992
equivalentiegraad,alleen,werkloosheid,WN,7-12,1550,0
equivalentiegraad,alleen,werkloosheid,WN,7-12,1800,0
equivalentiegraad,alleen,werkloosheid,WN,7-12,2000,0.001068459225
equivalentiegraad,alleen,werkloosheid,WN,7-12,2250,0.1053265165
equivalentiegraad,alleen,werkloosheid,WN,7-12,2500,0.3025588504
equivalentiegraad,alleen,werkloosheid,WN,7-12,2750,0.3508408007
equivalentiegraad,alleen,werkloosheid,WN,7-12,3000,0.4005122423
equivalentiegraad,alleen,werkloosheid,WN,7-12,3250,0.4490008938
equivalentiegraad,alleen,werkloosheid,WN,7-12,3500,0.5012216499
equivalentiegraad,alleen,werkloosheid,WN,7-12,3750,0.5505485895
equivalentiegraad,alleen,werkloosheid,WN,7-12,4000,0.595178819
equivalentiegraad,alleen,werkloosheid,WN,7-12,4250,0.6432425848
equivalentiegraad,alleen,werkloosheid,WN,7-12,4500,0.6913063505
equivalentiegraad,alleen,werkloosheid,WN,7-12,4750,0.73593658
equivalentiegraad,alleen,werkloosheid,WN,7-12,5000,0.7840003458
equivalentiegraad,alleen,werkloosheid,WN,7-12,5250,0.8286305753
equivalentiegraad,alleen,werkloosheid,WN,7-12,5500,0.8766885993
equivalentiegraad,alleen,werkloosheid,WN,7-12,5750,0.9213188289
equivalentiegraad,alleen,werkloosheid,WN,7-12,6000,0.9693825946
equivalentiegraad,alleen,werkloosheid,WN,7-12,6250,1.014012824
equivalentiegraad,alleen,werkloosheid,WN,7-12,6500,1.06207659
equivalentiegraad,alleen,werkloosheid,WN,7-12,6750,1.106706819
equivalentiegraad,alleen,werkloosheid,WN,7-12,7000,1.154770585
equivalentiegraad,alleen,werkloosheid,WN,7-12,7500,1.247458839
equivalentiegraad,alleen,werkloosheid,WN,7-12,8000,1.340152834
equivalentiegraad,alleen,werkloosheid,WN,7-12,8500,1.432846829
equivalentiegraad,alleen,werkloosheid,WN,7-12,9000,1.525540824
equivalentiegraad,alleen,werkloosheid,WN,7-12,9500,1.621662614
equivalentiegraad,alleen,werkloosheid,WN,7-12,10000,1.71435661
equivalentiegraad,alleen,werkloosheid,WN,7-12,11000,1.8997446
equivalentiegraad,alleen,werkloosheid,WN,7-12,12000,2.085126849
equivalentiegraad,alleen,werkloosheid,WN,7-12,13000,2.270514839
equivalentiegraad,alleen,werkloosheid,WN,7-12,14000,2.455897088
equivalentiegraad,alleen,werkloosheid,WN,7-12,15000,2.641285079
equivalentiegraad,koppel,ziekte,ZV100VAA,-,1550,0.3415949225
equivalentiegraad,koppel,ziekte,ZV100VAA,-,1800,0.411729239
equivalentiegraad,koppel,ziekte,ZV100VAA,-,2000,0.4736124594
equivalentiegraad,koppel,ziekte,ZV100VAA,-,2250,0.5492475065
equivalentiegraad,koppel,ziekte,ZV100VAA,-,2500,0.6317584671
equivalentiegraad,koppel,ziekte,ZV100VAA,-,2750,0.7142694276
equivalentiegraad,koppel,ziekte,ZV100VAA,-,3000,0.7967803881
equivalentiegraad,koppel,ziekte,ZV100VAA,-,3250,0.886167262
equivalentiegraad,koppel,ziekte,ZV100VAA,-,3500,0.975554136
equivalentiegraad,koppel,ziekte,ZV100VAA,-,3750,1.058065096
equivalentiegraad,koppel,ziekte,ZV100VAA,-,4000,1.133740176
equivalentiegraad,koppel,ziekte,ZV100VAA,-,4250,1.19401414
equivalentiegraad,koppel,ziekte,ZV100VAA,-,4500,1.254288104
equivalentiegraad,koppel,ziekte,ZV100VAA,-,4750,1.315006753
equivalentiegraad,koppel,ziekte,ZV100VAA,-,5000,1.38203282
equivalentiegraad,koppel,ziekte,ZV100VAA,-,5250,1.443903036
equivalentiegraad,koppel,ziekte,ZV100VAA,-,5500,1.445391436
equivalentiegraad,koppel,ziekte,ZV100VAA,-,5750,1.445391436
equivalentiegraad,koppel,ziekte,ZV100VAA,-,6000,1.445391436
equivalentiegraad,koppel,ziekte,ZV100VAA,-,6250,1.445391436
equivalentiegraad,koppel,ziekte,ZV100VAA,-,6500,1.445391436
equivalentiegraad,koppel,ziekte,ZV100VAA,-,6750,1.445391436
equivalentiegraad,koppel,ziekte,ZV100VAA,-,7000,1.445391436
equivalentiegraad,koppel,ziekte,ZV100VAA,-,7500,1.445391436
equivalentiegraad,koppel,ziekte,ZV100VAA,-,8000,1.445391436
equivalentiegraad,koppel,ziekte,ZV100VAA,-,8500,1.445391436
equivalentiegraad,koppel,ziekte,ZV100VAA,-,9000,1.445391436
equivalentiegraad,koppel,ziekte,ZV100VAA,-,9500,1.445391436
equivalentiegraad,koppel,ziekte,ZV100VAA,-,10000,1.445391436
equivalentiegraad,koppel,ziekte,ZV100VAA,-,11000,1.445391436
equivalentiegraad,koppel,ziekte,ZV100VAA,-,12000,1.445391436
equivalentiegraad,koppel,ziekte,ZV100VAA,-,13000,1.445391436
equivalentiegraad,koppel,ziekte,ZV100VAA,-,14000,1.445391436
equivalentiegraad,koppel,ziekte,ZV100VAA,-,15000,1.445391436
equivalentiegraad,koppel,ziekte,ZV100,-,1550,0.3396737923
equivalentiegraad,koppel,ziekte,ZV100,-,1800,0.4111832915
equivalentiegraad,koppel,ziekte,ZV100,-,2000,0.4730665119
equivalentiegraad,koppel,ziekte,ZV100,-,2250,0.5555774724
equivalentiegraad,koppel,ziekte,ZV100,-,2500,0.6312125195
equivalentiegraad,koppel,ziekte,ZV100,-,2750,0.7137234801
equivalentiegraad,koppel,ziekte,ZV100,-,3000,0.7962344406
equivalentiegraad,koppel,ziekte,ZV100,-,3250,0.8856213145
equivalentiegraad,koppel,ziekte,ZV100,-,3500,0.9750081884
equivalentiegraad,koppel,ziekte,ZV100,-,3750,1.057519149
equivalentiegraad,koppel,ziekte,ZV100,-,4000,1.133341363
equivalentiegraad,koppel,ziekte,ZV100,-,4250,1.193615328
equivalentiegraad,koppel,ziekte,ZV100,-,4500,1.253889292
equivalentiegraad,koppel,ziekte,ZV100,-,4750,1.314597378
equivalentiegraad,koppel,ziekte,ZV100,-,5000,1.381623445
equivalentiegraad,koppel,ziekte,ZV100,-,5250,1.443493661
equivalentiegraad,koppel,ziekte,ZV100,-,5500,1.445391436
equivalentiegraad,koppel,ziekte,ZV100,-,5750,1.445391436
equivalentiegraad,koppel,ziekte,ZV100,-,6000,1.445391436
equivalentiegraad,koppel,ziekte,ZV100,-,6250,1.445391436
equivalentiegraad,koppel,ziekte,ZV100,-,6500,1.445391436
equivalentiegraad,koppel,ziekte,ZV100,-,6750,1.445391436
equivalentiegraad,koppel,ziekte,ZV100,-,7000,1.445391436
equivalentiegraad,koppel,ziekte,ZV100,-,7500,1.445391436
equivalentiegraad,koppel,ziekte,ZV100,-,8000,1.445391436
equivalentiegraad,koppel,ziekte,ZV100,-,8500,1.445391436
equivalentiegraad,koppel,ziekte,ZV100,-,9000,1.445391436
equivalentiegraad,koppel,ziekte,ZV100,-,9500,1.445391436
equivalentiegraad,koppel,ziekte,ZV100,-,10000,1.445391436
equivalentiegraad,koppel,ziekte,ZV100,-,11000,1.445391436
equivalentiegraad,koppel,ziekte,ZV100,-,12000,1.445391436
equivalentiegraad,koppel,ziekte,ZV100,-,13000,1.445391436
equivalentiegraad,koppel,ziekte,ZV100,-,14000,1.445391436
equivalentiegraad,koppel,ziekte,ZV100,-,15000,1.445391436
equivalentiegraad,koppel,ziekte,ZV75,-,1550,0.2664465384
equivalentiegraad,koppel,ziekte,ZV75,-,1800,0.2805409373
equivalentiegraad,koppel,ziekte,ZV75,-,2000,0.3286723309
equivalentiegraad,koppel,ziekte,ZV75,-,2250,0.3768037246
equivalentiegraad,koppel,ziekte,ZV75,-,2500,0.4318110316
equivalentiegraad,koppel,ziekte,ZV75,-,2750,0.493694252
equivalentiegraad,koppel,ziekte,ZV75,-,3000,0.5555774724
equivalentiegraad,koppel,ziekte,ZV75,-,3250,0.6105847794
equivalentiegraad,koppel,ziekte,ZV75,-,3500,0.6724679998
equivalentiegraad,koppel,ziekte,ZV75,-,3750,0.7343512202
equivalentiegraad,koppel,ziekte,ZV75,-,4000,0.7962344406
equivalentiegraad,koppel,ziekte,ZV75,-,4250,0.8649935744
equivalentiegraad,koppel,ziekte,ZV75,-,4500,0.9268767948
equivalentiegraad,koppel,ziekte,ZV75,-,4750,0.9956359286
equivalentiegraad,koppel,ziekte,ZV75,-,5000,1.064395062
equivalentiegraad,koppel,ziekte,ZV75,-,5250,1.118272872
equivalentiegraad,koppel,ziekte,ZV75,-,5500,1.163478345
equivalentiegraad,koppel,ziekte,ZV75,-,5750,1.208683819
equivalentiegraad,koppel,ziekte,ZV75,-,6000,1.253889292
equivalentiegraad,koppel,ziekte,ZV75,-,6250,1.299129824
equivalentiegraad,koppel,ziekte,ZV75,-,6500,1.350688337
equivalentiegraad,koppel,ziekte,ZV75,-,6750,1.397090999
equivalentiegraad,koppel,ziekte,ZV75,-,7000,1.443493661
equivalentiegraad,koppel,ziekte,ZV75,-,7500,1.445391436
equivalentiegraad,koppel,ziekte,ZV75,-,8000,1.445391436
equivalentiegraad,koppel,ziekte,ZV75,-,8500,1.445391436
equivalentiegraad,koppel,ziekte,ZV75,-,9000,1.445391436
equivalentiegraad,koppel,ziekte,ZV75,-,9500,1.445391436
equivalentiegraad,koppel,ziekte,ZV75,-,10000,1.445391436
equivalentiegraad,koppel,ziekte,ZV75,-,11000,1.445391436
equivalentiegraad,koppel,ziekte,ZV75,-,12000,1.445391436
equivalentiegraad,koppel,ziekte,ZV75,-,13000,1.445391436
equivalentiegraad,koppel,ziekte,ZV75,-,14000,1.445391436
equivalentiegraad,koppel,ziekte,ZV75,-,15000,1.445391436
equivalentiegraad,koppel,ziekte,ZV50,-,1550,0.2664465384
equivalentiegraad,koppel,ziekte,ZV50,-,1800,0.2664465384
equivalentiegraad,koppel,ziekte,ZV50,-,2000,0.2664465384
equivalentiegraad,koppel,ziekte,ZV50,-,2250,0.2664465384
equivalentiegraad,koppel,ziekte,ZV50,-,2500,0.2664465384
equivalentiegraad,koppel,ziekte,ZV50,-,2750,0.290167216
equivalentiegraad,koppel,ziekte,ZV50,-,3000,0.3245467829
equivalentiegraad,koppel,ziekte,ZV50,-,3250,0.3616767151
equivalentiegraad,koppel,ziekte,ZV50,-,3500,0.3988066474
equivalentiegraad,koppel,ziekte,ZV50,-,3750,0.4345613969
equivalentiegraad,koppel,ziekte,ZV50,-,4000,0.4730665119
equivalentiegraad,koppel,ziekte,ZV50,-,4250,0.5143219921
equivalentiegraad,koppel,ziekte,ZV50,-,4500,0.5555774724
equivalentiegraad,koppel,ziekte,ZV50,-,4750,0.5899570393
equivalentiegraad,koppel,ziekte,ZV50,-,5000,0.6312125195
equivalentiegraad,koppel,ziekte,ZV50,-,5250,0.6724679998
equivalentiegraad,koppel,ziekte,ZV50,-,5500,0.7068475667
equivalentiegraad,koppel,ziekte,ZV50,-,5750,0.7549789603
equivalentiegraad,koppel,ziekte,ZV50,-,6000,0.7962344406
equivalentiegraad,koppel,ziekte,ZV50,-,6250,0.8443658343
equivalentiegraad,koppel,ziekte,ZV50,-,6500,0.8856213145
equivalentiegraad,koppel,ziekte,ZV50,-,6750,0.9268767948
equivalentiegraad,koppel,ziekte,ZV50,-,7000,0.9750081884
equivalentiegraad,koppel,ziekte,ZV50,-,7500,1.057519149
equivalentiegraad,koppel,ziekte,ZV50,-,8000,1.133341363
equivalentiegraad,koppel,ziekte,ZV50,-,8500,1.193615328
equivalentiegraad,koppel,ziekte,ZV50,-,9000,1.253889292
equivalentiegraad,koppel,ziekte,ZV50,-,9500,1.314597378
equivalentiegraad,koppel,ziekte,ZV50,-,10000,1.381623445
equivalentiegraad,koppel,ziekte,ZV50,-,11000,1.445391436
equivalentiegraad,koppel,ziekte,ZV50,-,12000,1.445391436
equivalentiegraad,koppel,ziekte,ZV50,-,13000,1.445391436
equivalentiegraad,koppel,ziekte,ZV50,-,14000,1.445391436
equivalentiegraad,koppel,ziekte,ZV50,-,15000,1.445391436
equivalentiegraad,koppel,ziekte,ZV00,-,1550,0.2664465384
equivalentiegraad,koppel,ziekte,ZV00,-,1800,0.2664465384
equivalentiegraad,koppel,ziekte,ZV00,-,2000,0.2664465384
equivalentiegraad,koppel,ziekte,ZV00,-,2250,0.2664465384
equivalentiegraad,koppel,ziekte,ZV00,-,2500,0.2664465384
equivalentiegraad,koppel,ziekte,ZV00,-,2750,0.2664465384
equivalentiegraad,koppel,ziekte,ZV00,-,3000,0.2664465384
equivalentiegraad,koppel,ziekte,ZV00,-,3250,0.2664465384
equivalentiegraad,koppel,ziekte,ZV00,-,3500,0.2664465384
equivalentiegraad,koppel,ziekte,ZV00,-,3750,0.2664465384
equivalentiegraad,koppel,ziekte,ZV00,-,4000,0.2664465384
equivalentiegraad,koppel,ziekte,ZV00,-,4250,0.2664465384
equivalentiegraad,koppel,ziekte,ZV00,-,4500,0.2664465384
equivalentiegraad,koppel,ziekte,ZV00,-,4750,0.2664465384
equivalentiegraad,koppel,ziekte,ZV00,-,5000,0.2664465384
equivalentiegraad,koppel,ziekte,ZV00,-,5250,0.2664465384
equivalentiegraad,koppel,ziekte,ZV00,-,5500,0.2664465384
equivalentiegraad,koppel,ziekte,ZV00,-,5750,0.2664465384
equivalentiegraad,koppel,ziekte,ZV00,-,6000,0.2664465384
equivalentiegraad,koppel,ziekte,ZV00,-,6250,0.2664465384
equivalentiegraad,koppel,ziekte,ZV00,-,6500,0.2664465384
equivalentiegraad,koppel,ziekte,ZV00,-,6750,0.2664465384
equivalentiegraad,koppel,ziekte,ZV00,-,7000,0.2664465384
equivalentiegraad,koppel,ziekte,ZV00,-,7500,0.2664465384
equivalentiegraad,koppel,ziekte,ZV00,-,8000,0.2664465384
equivalentiegraad,koppel,ziekte,ZV00,-,8500,0.2664465384
equivalentiegraad,koppel,ziekte,ZV00,-,9000,0.2664465384
equivalentiegraad,koppel,ziekte,ZV00,-,9500,0.2664465384
equivalentiegraad,koppel,ziekte,ZV00,-,10000,0.2664465384
equivalentiegraad,koppel,ziekte,ZV00,-,11000,0.2664465384
equivalentiegraad,koppel,ziekte,ZV00,-,12000,0.2664465384
equivalentiegraad,koppel,ziekte,ZV00,-,13000,0.2664465384
equivalentiegraad,koppel,ziekte,ZV00,-,14000,0.2664465384
equivalentiegraad,koppel,ziekte,ZV00,-,15000,0.2664465384
equivalentiegraad,koppel,ziekte,ZE,-,1550,0.284320171
equivalentiegraad,koppel,ziekte,ZE,-,1800,0.3593703444
equivalentiegraad,koppel,ziekte,ZE,-,2000,0.4240687697
equivalentiegraad,koppel,ziekte,ZE,-,2250,0.5068827541
equivalentiegraad,koppel,ziekte,ZE,-,2500,0.5922846756
equivalentiegraad,koppel,ziekte,ZE,-,2750,0.67509866
equivalentiegraad,koppel,ziekte,ZE,-,3000,0.7682643925
equivalentiegraad,koppel,ziekte,ZE,-,3250,0.861430125
equivalentiegraad,koppel,ziekte,ZE,-,3500,0.9545958575
equivalentiegraad,koppel,ziekte,ZE,-,3750,1.04776159
equivalentiegraad,koppel,ziekte,ZE,-,4000,1.121931239
equivalentiegraad,koppel,ziekte,ZE,-,4250,1.186207519
equivalentiegraad,koppel,ziekte,ZE,-,4500,1.254264756
equivalentiegraad,koppel,ziekte,ZE,-,4750,1.316650557
equivalentiegraad,koppel,ziekte,ZE,-,5000,1.380926836
equivalentiegraad,koppel,ziekte,ZE,-,5250,1.419259293
equivalentiegraad,koppel,ziekte,ZE,-,5500,1.419259293
equivalentiegraad,koppel,ziekte,ZE,-,5750,1.419259293
equivalentiegraad,koppel,ziekte,ZE,-,6000,1.419259293
equivalentiegraad,koppel,ziekte,ZE,-,6250,1.419259293
equivalentiegraad,koppel,ziekte,ZE,-,6500,1.419259293
equivalentiegraad,koppel,ziekte,ZE,-,6750,1.419259293
equivalentiegraad,koppel,ziekte,ZE,-,7000,1.419259293
equivalentiegraad,koppel,ziekte,ZE,-,7500,1.419259293
equivalentiegraad,koppel,ziekte,ZE,-,8000,1.419259293
equivalentiegraad,koppel,ziekte,ZE,-,8500,1.419259293
equivalentiegraad,koppel,ziekte,ZE,-,9000,1.419259293
equivalentiegraad,koppel,ziekte,ZE,-,9500,1.419259293
equivalentiegraad,koppel,ziekte,ZE,-,10000,1.419259293
equivalentiegraad,koppel,ziekte,ZE,-,11000,1.419259293
equivalentiegraad,koppel,ziekte,ZE,-,12000,1.419259293
equivalentiegraad,koppel,ziekte,ZE,-,13000,1.419259293
equivalentiegraad,koppel,ziekte,ZE,-,14000,1.419259293
equivalentiegraad,koppel,ziekte,ZE,-,15000,1.419259293
equivalentiegraad,koppel,ziekte,WN,2,1550,0
equivalentiegraad,koppel,ziekte,WN,2,1800,0
equivalentiegraad,koppel,ziekte,WN,2,2000,0.001222495867
equivalentiegraad,koppel,ziekte,WN,2,2250,0.1013468144
equivalentiegraad,koppel,ziekte,WN,2,2500,0.2610604285
equivalentiegraad,koppel,ziekte,WN,2,2750,0.2802197834
equivalentiegraad,koppel,ziekte,WN,2,3000,0.310203887
equivalentiegraad,koppel,ziekte,WN,2,3250,0.3477592139
equivalentiegraad,koppel,ziekte,WN,2,3500,0.3882051224
equivalentiegraad,koppel,ziekte,WN,2,3750,0.4264097184
equivalentiegraad,koppel,ziekte,WN,2,4000,0.4609766285
equivalentiegraad,koppel,ziekte,WN,2,4250,0.4982028738
equivalentiegraad,koppel,ziekte,WN,2,4500,0.535429119
equivalentiegraad,koppel,ziekte,WN,2,4750,0.5699960291
equivalentiegraad,koppel,ziekte,WN,2,5000,0.6072222744
equivalentiegraad,koppel,ziekte,WN,2,5250,0.6417891845
equivalentiegraad,koppel,ziekte,WN,2,5500,0.6790109827
equivalentiegraad,koppel,ziekte,WN,2,5750,0.7135778928
equivalentiegraad,koppel,ziekte,WN,2,6000,0.750804138
equivalentiegraad,koppel,ziekte,WN,2,6250,0.7853710481
equivalentiegraad,koppel,ziekte,WN,2,6500,0.8225972934
equivalentiegraad,koppel,ziekte,WN,2,6750,0.8571642035
equivalentiegraad,koppel,ziekte,WN,2,7000,0.8943904487
equivalentiegraad,koppel,ziekte,WN,2,7500,0.966179157
equivalentiegraad,koppel,ziekte,WN,2,8000,1.037972312
equivalentiegraad,koppel,ziekte,WN,2,8500,1.109765468
equivalentiegraad,koppel,ziekte,WN,2,9000,1.181558623
equivalentiegraad,koppel,ziekte,WN,2,9500,1.256006667
equivalentiegraad,koppel,ziekte,WN,2,10000,1.327799822
equivalentiegraad,koppel,ziekte,WN,2,11000,1.471386133
equivalentiegraad,koppel,ziekte,WN,2,12000,1.614967996
equivalentiegraad,koppel,ziekte,WN,2,13000,1.758554307
equivalentiegraad,koppel,ziekte,WN,2,14000,1.902136171
equivalentiegraad,koppel,ziekte,WN,2,15000,2.045722481
equivalentiegraad,koppel,ziekte,WN,3-6,1550,0
equivalentiegraad,koppel,ziekte,WN,3-6,1800,0
equivalentiegraad,koppel,ziekte,WN,3-6,2000,0.0009376879226
equivalentiegraad,koppel,ziekte,WN,3-6,2250,0.1013468144
equivalentiegraad,koppel,ziekte,WN,3-6,2500,0.2610604285
equivalentiegraad,koppel,ziekte,WN,3-6,2750,0.2802197834
equivalentiegraad,koppel,ziekte,WN,3-6,3000,0.3102094303
equivalentiegraad,koppel,ziekte,WN,3-6,3250,0.3477654283
equivalentiegraad,koppel,ziekte,WN,3-6,3500,0.3882120596
equivalentiegraad,koppel,ziekte,WN,3-6,3750,0.4264173383
equivalentiegraad,koppel,ziekte,WN,3-6,4000,0.4609848661
equivalentiegraad,koppel,ziekte,WN,3-6,4250,0.4982117766
equivalentiegraad,koppel,ziekte,WN,3-6,4500,0.5354386871
equivalentiegraad,koppel,ziekte,WN,3-6,4750,0.5700062149
equivalentiegraad,koppel,ziekte,WN,3-6,5000,0.6072331254
equivalentiegraad,koppel,ziekte,WN,3-6,5250,0.6418006532
equivalentiegraad,koppel,ziekte,WN,3-6,5500,0.6790231165
equivalentiegraad,koppel,ziekte,WN,3-6,5750,0.7135906443
equivalentiegraad,koppel,ziekte,WN,3-6,6000,0.7508175548
equivalentiegraad,koppel,ziekte,WN,3-6,6250,0.7853850826
equivalentiegraad,koppel,ziekte,WN,3-6,6500,0.8226119931
equivalentiegraad,koppel,ziekte,WN,3-6,6750,0.8571795209
equivalentiegraad,koppel,ziekte,WN,3-6,7000,0.8944064314
equivalentiegraad,koppel,ziekte,WN,3-6,7500,0.9661964226
equivalentiegraad,koppel,ziekte,WN,3-6,8000,1.037990861
equivalentiegraad,koppel,ziekte,WN,3-6,8500,1.109785299
equivalentiegraad,koppel,ziekte,WN,3-6,9000,1.181579737
equivalentiegraad,koppel,ziekte,WN,3-6,9500,1.256029111
equivalentiegraad,koppel,ziekte,WN,3-6,10000,1.32782355
equivalentiegraad,koppel,ziekte,WN,3-6,11000,1.471412426
equivalentiegraad,koppel,ziekte,WN,3-6,12000,1.614996856
equivalentiegraad,koppel,ziekte,WN,3-6,13000,1.758585732
equivalentiegraad,koppel,ziekte,WN,3-6,14000,1.902170162
equivalentiegraad,koppel,ziekte,WN,3-6,15000,2.045759038
equivalentiegraad,koppel,ziekte,WN,7-12,1550,0
equivalentiegraad,koppel,ziekte,WN,7-12,1800,0
equivalentiegraad,koppel,ziekte,WN,7-12,2000,0.001093467695
equivalentiegraad,koppel,ziekte,WN,7-12,2250,0.1013468144
equivalentiegraad,koppel,ziekte,WN,7-12,2500,0.2610604285
equivalentiegraad,koppel,ziekte,WN,7-12,2750,0.2802197834
equivalentiegraad,koppel,ziekte,WN,7-12,3000,0.3102094303
equivalentiegraad,koppel,ziekte,WN,7-12,3250,0.3477654283
equivalentiegraad,koppel,ziekte,WN,7-12,3500,0.3882120596
equivalentiegraad,koppel,ziekte,WN,7-12,3750,0.4264173383
equivalentiegraad,koppel,ziekte,WN,7-12,4000,0.4609848661
equivalentiegraad,koppel,ziekte,WN,7-12,4250,0.4982117766
equivalentiegraad,koppel,ziekte,WN,7-12,4500,0.5354386871
equivalentiegraad,koppel,ziekte,WN,7-12,4750,0.5700062149
equivalentiegraad,koppel,ziekte,WN,7-12,5000,0.6072331254
equivalentiegraad,koppel,ziekte,WN,7-12,5250,0.6418006532
equivalentiegraad,koppel,ziekte,WN,7-12,5500,0.6790231165
equivalentiegraad,koppel,ziekte,WN,7-12,5750,0.7135906443
equivalentiegraad,koppel,ziekte,WN,7-12,6000,0.7508175548
equivalentiegraad,koppel,ziekte,WN,7-12,6250,0.7853850826
equivalentiegraad,koppel,ziekte,WN,7-12,6500,0.8226119931
equivalentiegraad,koppel,ziekte,WN,7-12,6750,0.8571795209
equivalentiegraad,koppel,ziekte,WN,7-12,7000,0.8944064314
equivalentiegraad,koppel,ziekte,WN,7-12,7500,0.9661964226
equivalentiegraad,koppel,ziekte,WN,7-12,8000,1.037990861
equivalentiegraad,koppel,ziekte,WN,7-12,8500,1.109785299
equivalentiegraad,koppel,ziekte,WN,7-12,9000,1.181579737
equivalentiegraad,koppel,ziekte,WN,7-12,9500,1.256029111
equivalentiegraad,koppel,ziekte,WN,7-12,10000,1.32782355
equivalentiegraad,koppel,ziekte,WN,7-12,11000,1.471412426
equivalentiegraad,koppel,ziekte,WN,7-12,12000,1.614996856
equivalentiegraad,koppel,ziekte,WN,7-12,13000,1.758585732
equivalentiegraad,koppel,ziekte,WN,7-12,14000,1.902170162
equivalentiegraad,koppel,ziekte,WN,7-12,15000,2.045759038
equivalentiegraad,koppel,werkloosheid,ZV100VAA,-,1550,0.2615914578
equivalentiegraad,koppel,werkloosheid,ZV100VAA,-,1800,0.3152999203
equivalentiegraad,koppel,werkloosheid,ZV100VAA,-,2000,0.3626897402
equivalentiegraad,koppel,werkloosheid,ZV100VAA,-,2250,0.4206106311
equivalentiegraad,koppel,werkloosheid,ZV100VAA,-,2500,0.4837970575
equivalentiegraad,koppel,werkloosheid,ZV100VAA,-,2750,0.546983484
equivalentiegraad,koppel,werkloosheid,ZV100VAA,-,3000,0.6101699105
equivalentiegraad,koppel,werkloosheid,ZV100VAA,-,3250,0.6786218725
equivalentiegraad,koppel,werkloosheid,ZV100VAA,-,3500,0.7470738345
equivalentiegraad,koppel,werkloosheid,ZV100VAA,-,3750,0.8102602609
equivalentiegraad,koppel,werkloosheid,ZV100VAA,-,4000,0.8682118085
equivalentiegraad,koppel,werkloosheid,ZV100VAA,-,4250,0.914369269
equivalentiegraad,koppel,werkloosheid,ZV100VAA,-,4500,0.9605267295
equivalentiegraad,koppel,werkloosheid,ZV100VAA,-,4750,1.007024727
equivalentiegraad,koppel,werkloosheid,ZV100VAA,-,5000,1.058352909
equivalentiegraad,koppel,werkloosheid,ZV100VAA,-,5250,1.10573277
equivalentiegraad,koppel,werkloosheid,ZV100VAA,-,5500,1.106872579
equivalentiegraad,koppel,werkloosheid,ZV100VAA,-,5750,1.106872579
equivalentiegraad,koppel,werkloosheid,ZV100VAA,-,6000,1.106872579
equivalentiegraad,koppel,werkloosheid,ZV100VAA,-,6250,1.106872579
equivalentiegraad,koppel,werkloosheid,ZV100VAA,-,6500,1.106872579
equivalentiegraad,koppel,werkloosheid,ZV100VAA,-,6750,1.106872579
equivalentiegraad,koppel,werkloosheid,ZV100VAA,-,7000,1.106872579
equivalentiegraad,koppel,werkloosheid,ZV100VAA,-,7500,1.106872579
equivalentiegraad,koppel,werkloosheid,ZV100VAA,-,8000,1.106872579
equivalentiegraad,koppel,werkloosheid,ZV100VAA,-,8500,1.106872579
equivalentiegraad,koppel,werkloosheid,ZV100VAA,-,9000,1.106872579
equivalentiegraad,koppel,werkloosheid,ZV100VAA,-,9500,1.106872579
equivalentiegraad,koppel,werkloosheid,ZV100VAA,-,10000,1.106872579
equivalentiegraad,koppel,werkloosheid,ZV100VAA,-,11000,1.106872579
equivalentiegraad,koppel,werkloosheid,ZV100VAA,-,12000,1.106872579
equivalentiegraad,koppel,werkloosheid,ZV100VAA,-,13000,1.106872579
equivalentiegraad,koppel,werkloosheid,ZV100VAA,-,14000,1.106872579
equivalentiegraad,koppel,werkloosheid,ZV100VAA,-,15000,1.106872579
equivalentiegraad,koppel,werkloosheid,ZV100,-,1550,0.2601202672
equivalentiegraad,koppel,werkloosheid,ZV100,-,1800,0.3148818368
equivalentiegraad,koppel,werkloosheid,ZV100,-,2000,0.3622716566
equivalentiegraad,koppel,werkloosheid,ZV100,-,2250,0.4254580831
equivalentiegraad,koppel,werkloosheid,ZV100,-,2500,0.483378974
equivalentiegraad,koppel,werkloosheid,ZV100,-,2750,0.5465654005
equivalentiegraad,koppel,werkloosheid,ZV100,-,3000,0.6097518269
equivalentiegraad,koppel,werkloosheid,ZV100,-,3250,0.6782037889
equivalentiegraad,koppel,werkloosheid,ZV100,-,3500,0.7466557509
equivalentiegraad,koppel,werkloosheid,ZV100,-,3750,0.8098421774
equivalentiegraad,koppel,werkloosheid,ZV100,-,4000,0.8679064
equivalentiegraad,koppel,werkloosheid,ZV100,-,4250,0.9140638605
equivalentiegraad,koppel,werkloosheid,ZV100,-,4500,0.9602213209
equivalentiegraad,koppel,werkloosheid,ZV100,-,4750,1.00671123
equivalentiegraad,koppel,werkloosheid,ZV100,-,5000,1.058039413
equivalentiegraad,koppel,werkloosheid,ZV100,-,5250,1.105419274
equivalentiegraad,koppel,werkloosheid,ZV100,-,5500,1.106872579
equivalentiegraad,koppel,werkloosheid,ZV100,-,5750,1.106872579
equivalentiegraad,koppel,werkloosheid,ZV100,-,6000,1.106872579
equivalentiegraad,koppel,werkloosheid,ZV100,-,6250,1.106872579
equivalentiegraad,koppel,werkloosheid,ZV100,-,6500,1.106872579
equivalentiegraad,koppel,werkloosheid,ZV100,-,6750,1.106872579
equivalentiegraad,koppel,werkloosheid,ZV100,-,7000,1.106872579
equivalentiegraad,koppel,werkloosheid,ZV100,-,7500,1.106872579
equivalentiegraad,koppel,werkloosheid,ZV100,-,8000,1.106872579
equivalentiegraad,koppel,werkloosheid,ZV100,-,8500,1.106872579
equivalentiegraad,koppel,werkloosheid,ZV100,-,9000,1.106872579
equivalentiegraad,koppel,werkloosheid,ZV100,-,9500,1.106872579
equivalentiegraad,koppel,werkloosheid,ZV100,-,10000,1.106872579
equivalentiegraad,koppel,werkloosheid,ZV100,-,11000,1.106872579
equivalentiegraad,koppel,werkloosheid,ZV100,-,12000,1.106872579
equivalentiegraad,koppel,werkloosheid,ZV100,-,13000,1.106872579
equivalentiegraad,koppel,werkloosheid,ZV100,-,14000,1.106872579
equivalentiegraad,koppel,werkloosheid,ZV100,-,15000,1.106872579
equivalentiegraad,koppel,werkloosheid,ZV75,-,1550,0.2040432507
equivalentiegraad,koppel,werkloosheid,ZV75,-,1800,0.2148366616
equivalentiegraad,koppel,werkloosheid,ZV75,-,2000,0.2516954103
equivalentiegraad,koppel,werkloosheid,ZV75,-,2250,0.2885541591
equivalentiegraad,koppel,werkloosheid,ZV75,-,2500,0.3306784434
equivalentiegraad,koppel,werkloosheid,ZV75,-,2750,0.3780682632
equivalentiegraad,koppel,werkloosheid,ZV75,-,3000,0.4254580831
equivalentiegraad,koppel,werkloosheid,ZV75,-,3250,0.4675823674
equivalentiegraad,koppel,werkloosheid,ZV75,-,3500,0.5149721872
equivalentiegraad,koppel,werkloosheid,ZV75,-,3750,0.5623620071
equivalentiegraad,koppel,werkloosheid,ZV75,-,4000,0.6097518269
equivalentiegraad,koppel,werkloosheid,ZV75,-,4250,0.6624071823
equivalentiegraad,koppel,werkloosheid,ZV75,-,4500,0.7097970022
equivalentiegraad,koppel,werkloosheid,ZV75,-,4750,0.7624523576
equivalentiegraad,koppel,werkloosheid,ZV75,-,5000,0.8151077129
equivalentiegraad,koppel,werkloosheid,ZV75,-,5250,0.8563670349
equivalentiegraad,koppel,werkloosheid,ZV75,-,5500,0.8909851302
equivalentiegraad,koppel,werkloosheid,ZV75,-,5750,0.9256032256
equivalentiegraad,koppel,werkloosheid,ZV75,-,6000,0.9602213209
equivalentiegraad,koppel,werkloosheid,ZV75,-,6250,0.9948662649
equivalentiegraad,koppel,werkloosheid,ZV75,-,6500,1.034349482
equivalentiegraad,koppel,werkloosheid,ZV75,-,6750,1.069884378
equivalentiegraad,koppel,werkloosheid,ZV75,-,7000,1.105419274
equivalentiegraad,koppel,werkloosheid,ZV75,-,7500,1.106872579
equivalentiegraad,koppel,werkloosheid,ZV75,-,8000,1.106872579
equivalentiegraad,koppel,werkloosheid,ZV75,-,8500,1.106872579
equivalentiegraad,koppel,werkloosheid,ZV75,-,9000,1.106872579
equivalentiegraad,koppel,werkloosheid,ZV75,-,9500,1.106872579
equivalentiegraad,koppel,werkloosheid,ZV75,-,10000,1.106872579
equivalentiegraad,koppel,werkloosheid,ZV75,-,11000,1.106872579
equivalentiegraad,koppel,werkloosheid,ZV75,-,12000,1.106872579
equivalentiegraad,koppel,werkloosheid,ZV75,-,13000,1.106872579
equivalentiegraad,koppel,werkloosheid,ZV75,-,14000,1.106872579
equivalentiegraad,koppel,werkloosheid,ZV75,-,15000,1.106872579
equivalentiegraad,koppel,werkloosheid,ZV50,-,1550,0.2040432507
equivalentiegraad,koppel,werkloosheid,ZV50,-,1800,0.2040432507
equivalentiegraad,koppel,werkloosheid,ZV50,-,2000,0.2040432507
equivalentiegraad,koppel,werkloosheid,ZV50,-,2250,0.2040432507
equivalentiegraad,koppel,werkloosheid,ZV50,-,2500,0.2040432507
equivalentiegraad,koppel,werkloosheid,ZV50,-,2750,0.2222084113
equivalentiegraad,koppel,werkloosheid,ZV50,-,3000,0.248536089
equivalentiegraad,koppel,werkloosheid,ZV50,-,3250,0.2769699809
equivalentiegraad,koppel,werkloosheid,ZV50,-,3500,0.3054038728
equivalentiegraad,koppel,werkloosheid,ZV50,-,3750,0.3327846576
equivalentiegraad,koppel,werkloosheid,ZV50,-,4000,0.3622716566
equivalentiegraad,koppel,werkloosheid,ZV50,-,4250,0.3938648699
equivalentiegraad,koppel,werkloosheid,ZV50,-,4500,0.4254580831
equivalentiegraad,koppel,werkloosheid,ZV50,-,4750,0.4517857608
equivalentiegraad,koppel,werkloosheid,ZV50,-,5000,0.483378974
equivalentiegraad,koppel,werkloosheid,ZV50,-,5250,0.5149721872
equivalentiegraad,koppel,werkloosheid,ZV50,-,5500,0.5412998649
equivalentiegraad,koppel,werkloosheid,ZV50,-,5750,0.5781586137
equivalentiegraad,koppel,werkloosheid,ZV50,-,6000,0.6097518269
equivalentiegraad,koppel,werkloosheid,ZV50,-,6250,0.6466105757
equivalentiegraad,koppel,werkloosheid,ZV50,-,6500,0.6782037889
equivalentiegraad,koppel,werkloosheid,ZV50,-,6750,0.7097970022
equivalentiegraad,koppel,werkloosheid,ZV50,-,7000,0.7466557509
equivalentiegraad,koppel,werkloosheid,ZV50,-,7500,0.8098421774
equivalentiegraad,koppel,werkloosheid,ZV50,-,8000,0.8679064
equivalentiegraad,koppel,werkloosheid,ZV50,-,8500,0.9140638605
equivalentiegraad,koppel,werkloosheid,ZV50,-,9000,0.9602213209
equivalentiegraad,koppel,werkloosheid,ZV50,-,9500,1.00671123
equivalentiegraad,koppel,werkloosheid,ZV50,-,10000,1.058039413
equivalentiegraad,koppel,werkloosheid,ZV50,-,11000,1.106872579
equivalentiegraad,koppel,werkloosheid,ZV50,-,12000,1.106872579
equivalentiegraad,koppel,werkloosheid,ZV50,-,13000,1.106872579
equivalentiegraad,koppel,werkloosheid,ZV50,-,14000,1.106872579
equivalentiegraad,koppel,werkloosheid,ZV50,-,15000,1.106872579
equivalentiegraad,koppel,werkloosheid,ZV00,-,1550,0.2040432507
equivalentiegraad,koppel,werkloosheid,ZV00,-,1800,0.2040432507
equivalentiegraad,koppel,werkloosheid,ZV00,-,2000,0.2040432507
equivalentiegraad,koppel,werkloosheid,ZV00,-,2250,0.2040432507
equivalentiegraad,koppel,werkloosheid,ZV00,-,2500,0.2040432507
equivalentiegraad,koppel,werkloosheid,ZV00,-,2750,0.2040432507
equivalentiegraad,koppel,werkloosheid,ZV00,-,3000,0.2040432507
equivalentiegraad,koppel,werkloosheid,ZV00,-,3250,0.2040432507
equivalentiegraad,koppel,werkloosheid,ZV00,-,3500,0.2040432507
equivalentiegraad,koppel,werkloosheid,ZV00,-,3750,0.2040432507
equivalentiegraad,koppel,werkloosheid,ZV00,-,4000,0.2040432507
equivalentiegraad,koppel,werkloosheid,ZV00,-,4250,0.2040432507
equivalentiegraad,koppel,werkloosheid,ZV00,-,4500,0.2040432507
equivalentiegraad,koppel,werkloosheid,ZV00,-,4750,0.2040432507
equivalentiegraad,koppel,werkloosheid,ZV00,-,5000,0.2040432507
equivalentiegraad,koppel,werkloosheid,ZV00,-,5250,0.2040432507
equivalentiegraad,koppel,werkloosheid,ZV00,-,5500,0.2040432507
equivalentiegraad,koppel,werkloosheid,ZV00,-,5750,0.2040432507
equivalentiegraad,koppel,werkloosheid,ZV00,-,6000,0.2040432507
equivalentiegraad,koppel,werkloosheid,ZV00,-,6250,0.2040432507
equivalentiegraad,koppel,werkloosheid,ZV00,-,6500,0.2040432507
equivalentiegraad,koppel,werkloosheid,ZV00,-,6750,0.2040432507
equivalentiegraad,koppel,werkloosheid,ZV00,-,7000,0.2040432507
equivalentiegraad,koppel,werkloosheid,ZV00,-,7500,0.2040432507
equivalentiegraad,koppel,werkloosheid,ZV00,-,8000,0.2040432507
equivalentiegraad,koppel,werkloosheid,ZV00,-,8500,0.2040432507
equivalentiegraad,koppel,werkloosheid,ZV00,-,9000,0.2040432507
equivalentiegraad,koppel,werkloosheid,ZV00,-,9500,0.2040432507
equivalentiegraad,koppel,werkloosheid,ZV00,-,10000,0.2040432507
equivalentiegraad,koppel,werkloosheid,ZV00,-,11000,0.2040432507
equivalentiegraad,koppel,werkloosheid,ZV00,-,12000,0.2040432507
equivalentiegraad,koppel,werkloosheid,ZV00,-,13000,0.2040432507
equivalentiegraad,koppel,werkloosheid,ZV00,-,14000,0.2040432507
equivalentiegraad,koppel,werkloosheid,ZV00,-,15000,0.2040432507
equivalentiegraad,koppel,werkloosheid,ZE,-,1550,0.2177307773
equivalentiegraad,koppel,werkloosheid,ZE,-,1800,0.2752037752
equivalentiegraad,koppel,werkloosheid,ZE,-,2000,0.3247494631
equivalentiegraad,koppel,werkloosheid,ZE,-,2250,0.3881679435
equivalentiegraad,koppel,werkloosheid,ZE,-,2500,0.4535682515
equivalentiegraad,koppel,werkloosheid,ZE,-,2750,0.5169867319
equivalentiegraad,koppel,werkloosheid,ZE,-,3000,0.5883325224
equivalentiegraad,koppel,werkloosheid,ZE,-,3250,0.6596783129
equivalentiegraad,koppel,werkloosheid,ZE,-,3500,0.7310241034
equivalentiegraad,koppel,werkloosheid,ZE,-,3750,0.8023698939
equivalentiegraad,koppel,werkloosheid,ZE,-,4000,0.8591685913
equivalentiegraad,koppel,werkloosheid,ZE,-,4250,0.9083910023
equivalentiegraad,koppel,werkloosheid,ZE,-,4500,0.9605088492
equivalentiegraad,koppel,werkloosheid,ZE,-,4750,1.008283542
equivalentiegraad,koppel,werkloosheid,ZE,-,5000,1.057505953
equivalentiegraad,koppel,werkloosheid,ZE,-,5250,1.086860732
equivalentiegraad,koppel,werkloosheid,ZE,-,5500,1.086860732
equivalentiegraad,koppel,werkloosheid,ZE,-,5750,1.086860732
equivalentiegraad,koppel,werkloosheid,ZE,-,6000,1.086860732
equivalentiegraad,koppel,werkloosheid,ZE,-,6250,1.086860732
equivalentiegraad,koppel,werkloosheid,ZE,-,6500,1.086860732
equivalentiegraad,koppel,werkloosheid,ZE,-,6750,1.086860732
equivalentiegraad,koppel,werkloosheid,ZE,-,7000,1.086860732
equivalentiegraad,koppel,werkloosheid,ZE,-,7500,1.086860732
equivalentiegraad,koppel,werkloosheid,ZE,-,8000,1.086860732
equivalentiegraad,koppel,werkloosheid,ZE,-,8500,1.086860732
equivalentiegraad,koppel,werkloosheid,ZE,-,9000,1.086860732
equivalentiegraad,koppel,werkloosheid,ZE,-,9500,1.086860732
equivalentiegraad,koppel,werkloosheid,ZE,-,10000,1.086860732
equivalentiegraad,koppel,werkloosheid,ZE,-,11000,1.086860732
equivalentiegraad,koppel,werkloosheid,ZE,-,12000,1.086860732
equivalentiegraad,koppel,werkloosheid,ZE,-,13000,1.086860732
equivalentiegraad,koppel,werkloosheid,ZE,-,14000,1.086860732
equivalentiegraad,koppel,werkloosheid,ZE,-,15000,1.086860732
equivalentiegraad,koppel,werkloosheid,WN,1-3,1550,0
equivalentiegraad,koppel,werkloosheid,WN,1-3,1800,0
equivalentiegraad,koppel,werkloosheid,WN,1-3,2000,0.001110024809
equivalentiegraad,koppel,werkloosheid,WN,1-3,2250,0.1007693271
equivalentiegraad,koppel,werkloosheid,WN,1-3,2500,0.2773204384
equivalentiegraad,koppel,werkloosheid,WN,1-3,2750,0.3215748755
equivalentiegraad,koppel,werkloosheid,WN,1-3,3000,0.3671028974
equivalentiegraad,koppel,werkloosheid,WN,1-3,3250,0.4115467934
equivalentiegraad,koppel,werkloosheid,WN,1-3,3500,0.4594114748
equivalentiegraad,koppel,werkloosheid,WN,1-3,3750,0.5046237319
equivalentiegraad,koppel,werkloosheid,WN,1-3,4000,0.5455310622
equivalentiegraad,koppel,werkloosheid,WN,1-3,4250,0.5895855149
equivalentiegraad,koppel,werkloosheid,WN,1-3,4500,0.6336399677
equivalentiegraad,koppel,werkloosheid,WN,1-3,4750,0.674547298
equivalentiegraad,koppel,werkloosheid,WN,1-3,5000,0.7186017508
equivalentiegraad,koppel,werkloosheid,WN,1-3,5250,0.759509081
equivalentiegraad,koppel,werkloosheid,WN,1-3,5500,0.803558271
equivalentiegraad,koppel,werkloosheid,WN,1-3,5750,0.8444656013
equivalentiegraad,koppel,werkloosheid,WN,1-3,6000,0.8885200541
equivalentiegraad,koppel,werkloosheid,WN,1-3,6250,0.9294273843
equivalentiegraad,koppel,werkloosheid,WN,1-3,6500,0.9734818371
equivalentiegraad,koppel,werkloosheid,WN,1-3,6750,1.014389167
equivalentiegraad,koppel,werkloosheid,WN,1-3,7000,1.05844362
equivalentiegraad,koppel,werkloosheid,WN,1-3,7500,1.14340014
equivalentiegraad,koppel,werkloosheid,WN,1-3,8000,1.228361923
equivalentiegraad,koppel,werkloosheid,WN,1-3,8500,1.313323706
equivalentiegraad,koppel,werkloosheid,WN,1-3,9000,1.39828549
equivalentiegraad,koppel,werkloosheid,WN,1-3,9500,1.486389132
equivalentiegraad,koppel,werkloosheid,WN,1-3,10000,1.571350915
equivalentiegraad,koppel,werkloosheid,WN,1-3,11000,1.741274481
equivalentiegraad,koppel,werkloosheid,WN,1-3,12000,1.911192785
equivalentiegraad,koppel,werkloosheid,WN,1-3,13000,2.081116351
equivalentiegraad,koppel,werkloosheid,WN,1-3,14000,2.251034654
equivalentiegraad,koppel,werkloosheid,WN,1-3,15000,2.42095822
equivalentiegraad,koppel,werkloosheid,WN,4-6,1550,0
equivalentiegraad,koppel,werkloosheid,WN,4-6,1800,0
equivalentiegraad,koppel,werkloosheid,WN,4-6,2000,0.001178933075
equivalentiegraad,koppel,werkloosheid,WN,4-6,2250,0.1053265165
equivalentiegraad,koppel,werkloosheid,WN,4-6,2500,0.2906715426
equivalentiegraad,koppel,werkloosheid,WN,4-6,2750,0.3370565318
equivalentiegraad,koppel,werkloosheid,WN,4-6,3000,0.3847764201
equivalentiegraad,koppel,werkloosheid,WN,4-6,3250,0.4313599893
equivalentiegraad,koppel,werkloosheid,WN,4-6,3500,0.4815290315
equivalentiegraad,koppel,werkloosheid,WN,4-6,3750,0.5289179531
equivalentiegraad,koppel,werkloosheid,WN,4-6,4000,0.5717946947
equivalentiegraad,koppel,werkloosheid,WN,4-6,4250,0.6179700716
equivalentiegraad,koppel,werkloosheid,WN,4-6,4500,0.6641454484
equivalentiegraad,koppel,werkloosheid,WN,4-6,4750,0.7070221901
equivalentiegraad,koppel,werkloosheid,WN,4-6,5000,0.7531975669
equivalentiegraad,koppel,werkloosheid,WN,4-6,5250,0.7960743086
equivalentiegraad,koppel,werkloosheid,WN,4-6,5500,0.8422441693
equivalentiegraad,koppel,werkloosheid,WN,4-6,5750,0.885120911
equivalentiegraad,koppel,werkloosheid,WN,4-6,6000,0.9312962878
equivalentiegraad,koppel,werkloosheid,WN,4-6,6250,0.9741730295
equivalentiegraad,koppel,werkloosheid,WN,4-6,6500,1.020348406
equivalentiegraad,koppel,werkloosheid,WN,4-6,6750,1.063225148
equivalentiegraad,koppel,werkloosheid,WN,4-6,7000,1.109400525
equivalentiegraad,koppel,werkloosheid,WN,4-6,7500,1.198447127
equivalentiegraad,koppel,werkloosheid,WN,4-6,8000,1.287499246
equivalentiegraad,koppel,werkloosheid,WN,4-6,8500,1.376551364
equivalentiegraad,koppel,werkloosheid,WN,4-6,9000,1.465603483
equivalentiegraad,koppel,werkloosheid,WN,4-6,9500,1.55794872
equivalentiegraad,koppel,werkloosheid,WN,4-6,10000,1.647000839
equivalentiegraad,koppel,werkloosheid,WN,4-6,11000,1.825105076
equivalentiegraad,koppel,werkloosheid,WN,4-6,12000,2.003203797
equivalentiegraad,koppel,werkloosheid,WN,4-6,13000,2.181308034
equivalentiegraad,koppel,werkloosheid,WN,4-6,14000,2.359406755
equivalentiegraad,koppel,werkloosheid,WN,4-6,15000,2.537510992
equivalentiegraad,koppel,werkloosheid,WN,7-12,1550,0
equivalentiegraad,koppel,werkloosheid,WN,7-12,1800,0
equivalentiegraad,koppel,werkloosheid,WN,7-12,2000,0.001178933075
equivalentiegraad,koppel,werkloosheid,WN,7-12,2250,0.1053265165
equivalentiegraad,koppel,werkloosheid,WN,7-12,2500,0.3025588504
equivalentiegraad,koppel,werkloosheid,WN,7-12,2750,0.3508408007
equivalentiegraad,koppel,werkloosheid,WN,7-12,3000,0.4005122423
equivalentiegraad,koppel,werkloosheid,WN,7-12,3250,0.4490008938
equivalentiegraad,koppel,werkloosheid,WN,7-12,3500,0.5012216499
equivalentiegraad,koppel,werkloosheid,WN,7-12,3750,0.5505485895
equivalentiegraad,koppel,werkloosheid,WN,7-12,4000,0.595178819
equivalentiegraad,koppel,werkloosheid,WN,7-12,4250,0.6432425848
equivalentiegraad,koppel,werkloosheid,WN,7-12,4500,0.6913063505
equivalentiegraad,koppel,werkloosheid,WN,7-12,4750,0.73593658
equivalentiegraad,koppel,werkloosheid,WN,7-12,5000,0.7840003458
equivalentiegraad,koppel,werkloosheid,WN,7-12,5250,0.8286305753
equivalentiegraad,koppel,werkloosheid,WN,7-12,5500,0.8766885993
equivalentiegraad,koppel,werkloosheid,WN,7-12,5750,0.9213188289
equivalentiegraad,koppel,werkloosheid,WN,7-12,6000,0.9693825946
equivalentiegraad,koppel,werkloosheid,WN,7-12,6250,1.014012824
equivalentiegraad,koppel,werkloosheid,WN,7-12,6500,1.06207659
equivalentiegraad,koppel,werkloosheid,WN,7-12,6750,1.106706819
equivalentiegraad,koppel,werkloosheid,WN,7-12,7000,1.154770585
equivalentiegraad,koppel,werkloosheid,WN,7-12,7500,1.247458839
equivalentiegraad,koppel,werkloosheid,WN,7-12,8000,1.340152834
equivalentiegraad,koppel,werkloosheid,WN,7-12,8500,1.432846829
equivalentiegraad,koppel,werkloosheid,WN,7-12,9000,1.525540824
equivalentiegraad,koppel,werkloosheid,WN,7-12,9500,1.621662614
equivalentiegraad,koppel,werkloosheid,WN,7-12,10000,1.71435661
equivalentiegraad,koppel,werkloosheid,WN,7-12,11000,1.8997446
equivalentiegraad,koppel,werkloosheid,WN,7-12,12000,2.085126849
equivalentiegraad,koppel,werkloosheid,WN,7-12,13000,2.270514839
equivalentiegraad,koppel,werkloosheid,WN,7-12,14000,2.455897088
equivalentiegraad,koppel,werkloosheid,WN,7-12,15000,2.641285079
equivalentiegraad,-,pensioen,ZV100,-,1550,0.2493155652
equivalentiegraad,-,pensioen,ZV100,-,1800,0.3018024853
equivalentiegraad,-,pensioen,ZV100,-,2000,0.3472238585
equivalentiegraad,-,pensioen,ZV100,-,2250,0.3974386664
equivalentiegraad,-,pensioen,ZV100,-,2500,0.4272135047
equivalentiegraad,-,pensioen,ZV100,-,2750,0.4476127904
equivalentiegraad,-,pensioen,ZV100,-,3000,0.4686270047
equivalentiegraad,-,pensioen,ZV100,-,3250,0.4886557389
equivalentiegraad,-,pensioen,ZV100,-,3500,0.5112937045
equivalentiegraad,-,pensioen,ZV100,-,3750,0.5279387672
equivalentiegraad,-,pensioen,ZV100,-,4000,0.5484248603
equivalentiegraad,-,pensioen,ZV100,-,4250,0.5775914833
equivalentiegraad,-,pensioen,ZV100,-,4500,0.6067581064
equivalentiegraad,-,pensioen,ZV100,-,4750,0.6361348018
equivalentiegraad,-,pensioen,ZV100,-,5000,0.6685687732
equivalentiegraad,-,pensioen,ZV100,-,5250,0.6985078237
equivalentiegraad,-,pensioen,ZV100,-,5500,0.6994261585
equivalentiegraad,-,pensioen,ZV100,-,5750,0.6994261585
equivalentiegraad,-,pensioen,ZV100,-,6000,0.6994261585
equivalentiegraad,-,pensioen,ZV100,-,6250,0.6994261585
equivalentiegraad,-,pensioen,ZV100,-,6500,0.6994261585
equivalentiegraad,-,pensioen,ZV100,-,6750,0.6994261585
equivalentiegraad,-,pensioen,ZV100,-,7000,0.6994261585
equivalentiegraad,-,pensioen,ZV100,-,7500,0.6994261585
equivalentiegraad,-,pensioen,ZV100,-,8000,0.6994261585
equivalentiegraad,-,pensioen,ZV100,-,8500,0.6994261585
equivalentiegraad,-,pensioen,ZV100,-,9000,0.6994261585
equivalentiegraad,-,pensioen,ZV100,-,9500,0.6994261585
equivalentiegraad,-,pensioen,ZV100,-,10000,0.6994261585
equivalentiegraad,-,pensioen,ZV100,-,11000,0.6994261585
equivalentiegraad,-,pensioen,ZV100,-,12000,0.6994261585
equivalentiegraad,-,pensioen,ZV100,-,13000,0.6994261585
equivalentiegraad,-,pensioen,ZV100,-,14000,0.6994261585
equivalentiegraad,-,pensioen,ZV100,-,15000,0.6994261585
equivalentiegraad,-,pensioen,ZV75,-,1550,0.1955678384
equivalentiegraad,-,pensioen,ZV75,-,1800,0.2059129198
equivalentiegraad,-,pensioen,ZV75,-,2000,0.2412406545
equivalentiegraad,-,pensioen,ZV75,-,2250,0.2765683891
equivalentiegraad,-,pensioen,ZV75,-,2500,0.3169429431
equivalentiegraad,-,pensioen,ZV75,-,2750,0.3623643162
equivalentiegraad,-,pensioen,ZV75,-,3000,0.3974386664
equivalentiegraad,-,pensioen,ZV75,-,3250,0.421598354
equivalentiegraad,-,pensioen,ZV75,-,3500,0.4378023147
equivalentiegraad,-,pensioen,ZV75,-,3750,0.4531205605
equivalentiegraad,-,pensioen,ZV75,-,4000,0.4686270047
equivalentiegraad,-,pensioen,ZV75,-,4250,0.4842591738
equivalentiegraad,-,pensioen,ZV75,-,4500,0.5001136465
equivalentiegraad,-,pensioen,ZV75,-,4750,0.5151584684
equivalentiegraad,-,pensioen,ZV75,-,5000,0.5291171532
equivalentiegraad,-,pensioen,ZV75,-,5250,0.5411332045
equivalentiegraad,-,pensioen,ZV75,-,5500,0.5630081718
equivalentiegraad,-,pensioen,ZV75,-,5750,0.5848831391
equivalentiegraad,-,pensioen,ZV75,-,6000,0.6067581064
equivalentiegraad,-,pensioen,ZV75,-,6250,0.6286500391
equivalentiegraad,-,pensioen,ZV75,-,6500,0.6535992479
equivalentiegraad,-,pensioen,ZV75,-,6750,0.6760535358
equivalentiegraad,-,pensioen,ZV75,-,7000,0.6985078237
equivalentiegraad,-,pensioen,ZV75,-,7500,0.6994261585
equivalentiegraad,-,pensioen,ZV75,-,8000,0.6994261585
equivalentiegraad,-,pensioen,ZV75,-,8500,0.6994261585
equivalentiegraad,-,pensioen,ZV75,-,9000,0.6994261585
equivalentiegraad,-,pensioen,ZV75,-,9500,0.6994261585
equivalentiegraad,-,pensioen,ZV75,-,10000,0.6994261585
equivalentiegraad,-,pensioen,ZV75,-,11000,0.6994261585
equivalentiegraad,-,pensioen,ZV75,-,12000,0.6994261585
equivalentiegraad,-,pensioen,ZV75,-,13000,0.6994261585
equivalentiegraad,-,pensioen,ZV75,-,14000,0.6994261585
equivalentiegraad,-,pensioen,ZV75,-,15000,0.6994261585
equivalentiegraad,-,pensioen,ZV50,-,1550,0.1955678384
equivalentiegraad,-,pensioen,ZV50,-,1800,0.1955678384
equivalentiegraad,-,pensioen,ZV50,-,2000,0.1955678384
equivalentiegraad,-,pensioen,ZV50,-,2250,0.1955678384
equivalentiegraad,-,pensioen,ZV50,-,2500,0.1955678384
equivalentiegraad,-,pensioen,ZV50,-,2750,0.2129784667
equivalentiegraad,-,pensioen,ZV50,-,3000,0.2382125629
equivalentiegraad,-,pensioen,ZV50,-,3250,0.2654653868
equivalentiegraad,-,pensioen,ZV50,-,3500,0.2927182107
equivalentiegraad,-,pensioen,ZV50,-,3750,0.3189616708
equivalentiegraad,-,pensioen,ZV50,-,4000,0.3472238585
equivalentiegraad,-,pensioen,ZV50,-,4250,0.3775047739
equivalentiegraad,-,pensioen,ZV50,-,4500,0.3974386664
equivalentiegraad,-,pensioen,ZV50,-,4750,0.4096839816
equivalentiegraad,-,pensioen,ZV50,-,5000,0.4272135047
equivalentiegraad,-,pensioen,ZV50,-,5250,0.4378023147
equivalentiegraad,-,pensioen,ZV50,-,5500,0.4460293583
equivalentiegraad,-,pensioen,ZV50,-,5750,0.4584534884
equivalentiegraad,-,pensioen,ZV50,-,6000,0.4686270047
equivalentiegraad,-,pensioen,ZV50,-,6250,0.4797319818
equivalentiegraad,-,pensioen,ZV50,-,6500,0.4886557389
equivalentiegraad,-,pensioen,ZV50,-,6750,0.5001136465
equivalentiegraad,-,pensioen,ZV50,-,7000,0.5112937045
equivalentiegraad,-,pensioen,ZV50,-,7500,0.5279387672
equivalentiegraad,-,pensioen,ZV50,-,8000,0.5484248603
equivalentiegraad,-,pensioen,ZV50,-,8500,0.5775914833
equivalentiegraad,-,pensioen,ZV50,-,9000,0.6067581064
equivalentiegraad,-,pensioen,ZV50,-,9500,0.6361348018
equivalentiegraad,-,pensioen,ZV50,-,10000,0.6685687732
equivalentiegraad,-,pensioen,ZV50,-,11000,0.6994261585
equivalentiegraad,-,pensioen,ZV50,-,12000,0.6994261585
equivalentiegraad,-,pensioen,ZV50,-,13000,0.6994261585
equivalentiegraad,-,pensioen,ZV50,-,14000,0.6994261585
equivalentiegraad,-,pensioen,ZV50,-,15000,0.6994261585
equivalentiegraad,-,pensioen,ZV00,-,1550,0.1955678384
equivalentiegraad,-,pensioen,ZV00,-,1800,0.1955678384
equivalentiegraad,-,pensioen,ZV00,-,2000,0.1955678384
equivalentiegraad,-,pensioen,ZV00,-,2250,0.1955678384
equivalentiegraad,-,pensioen,ZV00,-,2500,0.1955678384
equivalentiegraad,-,pensioen,ZV00,-,2750,0.1955678384
equivalentiegraad,-,pensioen,ZV00,-,3000,0.1955678384
equivalentiegraad,-,pensioen,ZV00,-,3250,0.1955678384
equivalentiegraad,-,pensioen,ZV00,-,3500,0.1955678384
equivalentiegraad,-,pensioen,ZV00,-,3750,0.1955678384
equivalentiegraad,-,pensioen,ZV00,-,4000,0.1955678384
equivalentiegraad,-,pensioen,ZV00,-,4250,0.1955678384
equivalentiegraad,-,pensioen,ZV00,-,4500,0.1955678384
equivalentiegraad,-,pensioen,ZV00,-,4750,0.1955678384
equivalentiegraad,-,pensioen,ZV00,-,5000,0.1955678384
equivalentiegraad,-,pensioen,ZV00,-,5250,0.1955678384
equivalentiegraad,-,pensioen,ZV00,-,5500,0.1955678384
equivalentiegraad,-,pensioen,ZV00,-,5750,0.1955678384
equivalentiegraad,-,pensioen,ZV00,-,6000,0.1955678384
equivalentiegraad,-,pensioen,ZV00,-,6250,0.1955678384
equivalentiegraad,-,pensioen,ZV00,-,6500,0.1955678384
equivalentiegraad,-,pensioen,ZV00,-,6750,0.1955678384
equivalentiegraad,-,pensioen,ZV00,-,7000,0.1955678384
equivalentiegraad,-,pensioen,ZV00,-,7500,0.1955678384
equivalentiegraad,-,pensioen,ZV00,-,8000,0.1955678384
equivalentiegraad,-,pensioen,ZV00,-,8500,0.1955678384
equivalentiegraad,-,pensioen,ZV00,-,9000,0.1955678384
equivalentiegraad,-,pensioen,ZV00,-,9500,0.1955678384
equivalentiegraad,-,pensioen,ZV00,-,10000,0.1955678384
equivalentiegraad,-,pensioen,ZV00,-,11000,0.1955678384
equivalentiegraad,-,pensioen,ZV00,-,12000,0.1955678384
equivalentiegraad,-,pensioen,ZV00,-,13000,0.1955678384
equivalentiegraad,-,pensioen,ZV00,-,14000,0.1955678384
equivalentiegraad,-,pensioen,ZV00,-,15000,0.1955678384
equivalentiegraad,-,pensioen,ZE,-,1550,0.2086868217
equivalentiegraad,-,pensioen,ZE,-,1800,0.2637725446
equivalentiegraad,-,pensioen,ZE,-,2000,0.3112602368
equivalentiegraad,-,pensioen,ZE,-,2250,0.3714174948
equivalentiegraad,-,pensioen,ZE,-,2500,0.4058506134
equivalentiegraad,-,pensioen,ZE,-,2750,0.4281469141
equivalentiegraad,-,pensioen,ZE,-,3000,0.4527857007
equivalentiegraad,-,pensioen,ZE,-,3250,0.4746635317
equivalentiegraad,-,pensioen,ZE,-,3500,0.4987230702
equivalentiegraad,-,pensioen,ZE,-,3750,0.5178140528
equivalentiegraad,-,pensioen,ZE,-,4000,0.5429034912
equivalentiegraad,-,pensioen,ZE,-,4250,0.5740068382
equivalentiegraad,-,pensioen,ZE,-,4500,0.6069397938
equivalentiegraad,-,pensioen,ZE,-,4750,0.6371283364
equivalentiegraad,-,pensioen,ZE,-,5000,0.6682316834
equivalentiegraad,-,pensioen,ZE,-,5250,0.6867807924
equivalentiegraad,-,pensioen,ZE,-,5500,0.6867807924
equivalentiegraad,-,pensioen,ZE,-,5750,0.6867807924
equivalentiegraad,-,pensioen,ZE,-,6000,0.6867807924
equivalentiegraad,-,pensioen,ZE,-,6250,0.6867807924
equivalentiegraad,-,pensioen,ZE,-,6500,0.6867807924
equivalentiegraad,-,pensioen,ZE,-,6750,0.6867807924
equivalentiegraad,-,pensioen,ZE,-,7000,0.6867807924
equivalentiegraad,-,pensioen,ZE,-,7500,0.6867807924
equivalentiegraad,-,pensioen,ZE,-,8000,0.6867807924
equivalentiegraad,-,pensioen,ZE,-,8500,0.6867807924
equivalentiegraad,-,pensioen,ZE,-,9000,0.6867807924
equivalentiegraad,-,pensioen,ZE,-,9500,0.6867807924
equivalentiegraad,-,pensioen,ZE,-,10000,0.6867807924
equivalentiegraad,-,pensioen,ZE,-,11000,0.6867807924
equivalentiegraad,-,pensioen,ZE,-,12000,0.6867807924
equivalentiegraad,-,pensioen,ZE,-,13000,0.6867807924
equivalentiegraad,-,pensioen,ZE,-,14000,0.6867807924
equivalentiegraad,-,pensioen,ZE,-,15000,0.6867807924
equivalentiegraad,-,pensioen,WN,-,1550,0
equivalentiegraad,-,pensioen,WN,-,1800,0
equivalentiegraad,-,pensioen,WN,-,2000,0.0008972804655
equivalentiegraad,-,pensioen,WN,-,2250,0.1047322398
equivalentiegraad,-,pensioen,WN,-,2500,0.2750330179
equivalentiegraad,-,pensioen,WN,-,2750,0.2953918681
equivalentiegraad,-,pensioen,WN,-,3000,0.3131197769
equivalentiegraad,-,pensioen,WN,-,3250,0.3308399002
equivalentiegraad,-,pensioen,WN,-,3500,0.3458878353
equivalentiegraad,-,pensioen,WN,-,3750,0.3616925963
equivalentiegraad,-,pensioen,WN,-,4000,0.3910132119
equivalentiegraad,-,pensioen,WN,-,4250,0.4225895497
equivalentiegraad,-,pensioen,WN,-,4500,0.4541658875
equivalentiegraad,-,pensioen,WN,-,4750,0.4834865031
equivalentiegraad,-,pensioen,WN,-,5000,0.5150628409
equivalentiegraad,-,pensioen,WN,-,5250,0.5443834565
equivalentiegraad,-,pensioen,WN,-,5500,0.5759560222
equivalentiegraad,-,pensioen,WN,-,5750,0.6052766378
equivalentiegraad,-,pensioen,WN,-,6000,0.6368529756
equivalentiegraad,-,pensioen,WN,-,6250,0.6661735912
equivalentiegraad,-,pensioen,WN,-,6500,0.697749929
equivalentiegraad,-,pensioen,WN,-,6750,0.7270705446
equivalentiegraad,-,pensioen,WN,-,7000,0.7586468824
equivalentiegraad,-,pensioen,WN,-,7500,0.8195400637
equivalentiegraad,-,pensioen,WN,-,8000,0.8804370171
equivalentiegraad,-,pensioen,WN,-,8500,0.9413339705
equivalentiegraad,-,pensioen,WN,-,9000,1.002230924
equivalentiegraad,-,pensioen,WN,-,9500,1.065379827
equivalentiegraad,-,pensioen,WN,-,10000,1.126276781
equivalentiegraad,-,pensioen,WN,-,11000,1.248070688
equivalentiegraad,-,pensioen,WN,-,12000,1.369860822
equivalentiegraad,-,pensioen,WN,-,13000,1.491654729
equivalentiegraad,-,pensioen,WN,-,14000,1.613444864
equivalentiegraad,-,pensioen,WN,-,15000,1.735238771
garantiegraad,alleen,ziekte,ZS,-,1550,1.046724361
garantiegraad,alleen,ziekte,ZS,-,1800,1.046724361
garantiegraad,alleen,ziekte,ZS,-,2000,1.046724361
garantiegraad,alleen,ziekte,ZS,-,2250,1.046724361
garantiegraad,alleen,ziekte,ZS,-,2500,1.046724361
garantiegraad,alleen,ziekte,ZS,-,2750,1.046724361
garantiegraad,alleen,ziekte,ZS,-,3000,1.046724361
garantiegraad,alleen,ziekte,ZS,-,3250,1.046724361
garantiegraad,alleen,ziekte,ZS,-,3500,1.046724361
garantiegraad,alleen,ziekte,ZS,-,3750,1.046724361
garantiegraad,alleen,ziekte,ZS,-,4000,1.046724361
garantiegraad,alleen,ziekte,ZS,-,4250,1.046724361
garantiegraad,alleen,ziekte,ZS,-,4500,1.046724361
garantiegraad,alleen,ziekte,ZS,-,4750,1.046724361
garantiegraad,alleen,ziekte,ZS,-,5000,1.046724361
garantiegraad,alleen,ziekte,ZS,-,5250,1.046724361
garantiegraad,alleen,ziekte,ZS,-,5500,1.046724361
garantiegraad,alleen,ziekte,ZS,-,5750,1.046724361
garantiegraad,alleen,ziekte,ZS,-,6000,1.046724361
garantiegraad,alleen,ziekte,ZS,-,6250,1.046724361
garantiegraad,alleen,ziekte,ZS,-,6500,1.046724361
garantiegraad,alleen,ziekte,ZS,-,6750,1.046724361
garantiegraad,alleen,ziekte,ZS,-,7000,1.046724361
garantiegraad,alleen,ziekte,ZS,-,7500,1.046724361
garantiegraad,alleen,ziekte,ZS,-,8000,1.046724361
garantiegraad,alleen,ziekte,ZS,-,8500,1.046724361
garantiegraad,alleen,ziekte,ZS,-,9000,1.046724361
garantiegraad,alleen,ziekte,ZS,-,9500,1.046724361
garantiegraad,alleen,ziekte,ZS,-,10000,1.046724361
garantiegraad,alleen,ziekte,ZS,-,11000,1.046724361
garantiegraad,alleen,ziekte,ZS,-,12000,1.046724361
garantiegraad,alleen,ziekte,ZS,-,13000,1.046724361
garantiegraad,alleen,ziekte,ZS,-,14000,1.046724361
garantiegraad,alleen,ziekte,ZS,-,15000,1.046724361
garantiegraad,alleen,ziekte,WN,2,1550,0.8510413529
garantiegraad,alleen,ziekte,WN,2,1800,0.8510413529
garantiegraad,alleen,ziekte,WN,2,2000,0.8510413529
garantiegraad,alleen,ziekte,WN,2,2250,1.130401514
garantiegraad,alleen,ziekte,WN,2,2500,1.312024876
garantiegraad,alleen,ziekte,WN,2,2750,1.417374304
garantiegraad,alleen,ziekte,WN,2,3000,1.461644695
garantiegraad,alleen,ziekte,WN,2,3250,1.461644695
garantiegraad,alleen,ziekte,WN,2,3500,1.461644695
garantiegraad,alleen,ziekte,WN,2,3750,1.461644695
garantiegraad,alleen,ziekte,WN,2,4000,1.461644695
garantiegraad,alleen,ziekte,WN,2,4250,1.461644695
garantiegraad,alleen,ziekte,WN,2,4500,1.461644695
garantiegraad,alleen,ziekte,WN,2,4750,1.461644695
garantiegraad,alleen,ziekte,WN,2,5000,1.461644695
garantiegraad,alleen,ziekte,WN,2,5250,1.461644695
garantiegraad,alleen,ziekte,WN,2,5500,1.461644695
garantiegraad,alleen,ziekte,WN,2,5750,1.461644695
garantiegraad,alleen,ziekte,WN,2,6000,1.461644695
garantiegraad,alleen,ziekte,WN,2,6250,1.461644695
garantiegraad,alleen,ziekte,WN,2,6500,1.461644695
garantiegraad,alleen,ziekte,WN,2,6750,1.461644695
garantiegraad,alleen,ziekte,WN,2,7000,1.461644695
garantiegraad,alleen,ziekte,WN,2,7500,1.461644695
garantiegraad,alleen,ziekte,WN,2,8000,1.461644695
garantiegraad,alleen,ziekte,WN,2,8500,1.461644695
garantiegraad,alleen,ziekte,WN,2,9000,1.461644695
garantiegraad,alleen,ziekte,WN,2,9500,1.461644695
garantiegraad,alleen,ziekte,WN,2,10000,1.461644695
garantiegraad,alleen,ziekte,WN,2,11000,1.461644695
garantiegraad,alleen,ziekte,WN,2,12000,1.461644695
garantiegraad,alleen,ziekte,WN,2,13000,1.461644695
garantiegraad,alleen,ziekte,WN,2,14000,1.461644695
garantiegraad,alleen,ziekte,WN,2,15000,1.461644695
garantiegraad,alleen,ziekte,WN,3-6,1550,0.910000734
garantiegraad,alleen,ziekte,WN,3-6,1800,1.046724361
garantiegraad,alleen,ziekte,WN,3-6,2000,1.046724361
garantiegraad,alleen,ziekte,WN,3-6,2250,1.130401514
garantiegraad,alleen,ziekte,WN,3-6,2500,1.312024876
garantiegraad,alleen,ziekte,WN,3-6,2750,1.417374304
garantiegraad,alleen,ziekte,WN,3-6,3000,1.461618576
garantiegraad,alleen,ziekte,WN,3-6,3250,1.461618576
garantiegraad,alleen,ziekte,WN,3-6,3500,1.461618576
garantiegraad,alleen,ziekte,WN,3-6,3750,1.461618576
garantiegraad,alleen,ziekte,WN,3-6,4000,1.461618576
garantiegraad,alleen,ziekte,WN,3-6,4250,1.461618576
garantiegraad,alleen,ziekte,WN,3-6,4500,1.461618576
garantiegraad,alleen,ziekte,WN,3-6,4750,1.461618576
garantiegraad,alleen,ziekte,WN,3-6,5000,1.461618576
garantiegraad,alleen,ziekte,WN,3-6,5250,1.461618576
garantiegraad,alleen,ziekte,WN,3-6,5500,1.461618576
garantiegraad,alleen,ziekte,WN,3-6,5750,1.461618576
garantiegraad,alleen,ziekte,WN,3-6,6000,1.461618576
garantiegraad,alleen,ziekte,WN,3-6,6250,1.461618576
garantiegraad,alleen,ziekte,WN,3-6,6500,1.461618576
garantiegraad,alleen,ziekte,WN,3-6,6750,1.461618576
garantiegraad,alleen,ziekte,WN,3-6,7000,1.461618576
garantiegraad,alleen,ziekte,WN,3-6,7500,1.461618576
garantiegraad,alleen,ziekte,WN,3-6,8000,1.461618576
garantiegraad,alleen,ziekte,WN,3-6,8500,1.461618576
garantiegraad,alleen,ziekte,WN,3-6,9000,1.461618576
garantiegraad,alleen,ziekte,WN,3-6,9500,1.461618576
garantiegraad,alleen,ziekte,WN,3-6,10000,1.461618576
garantiegraad,alleen,ziekte,WN,3-6,11000,1.461618576
garantiegraad,alleen,ziekte,WN,3-6,12000,1.461618576
garantiegraad,alleen,ziekte,WN,3-6,13000,1.461618576
garantiegraad,alleen,ziekte,WN,3-6,14000,1.461618576
garantiegraad,alleen,ziekte,WN,3-6,15000,1.461618576
garantiegraad,alleen,ziekte,WN,7-12,1550,1.046724361
garantiegraad,alleen,ziekte,WN,7-12,1800,1.046724361
garantiegraad,alleen,ziekte,WN,7-12,2000,1.046724361
garantiegraad,alleen,ziekte,WN,7-12,2250,1.130401514
garantiegraad,alleen,ziekte,WN,7-12,2500,1.312024876
garantiegraad,alleen,ziekte,WN,7-12,2750,1.417374304
garantiegraad,alleen,ziekte,WN,7-12,3000,1.461618576
garantiegraad,alleen,ziekte,WN,7-12,3250,1.461618576
garantiegraad,alleen,ziekte,WN,7-12,3500,1.461618576
garantiegraad,alleen,ziekte,WN,7-12,3750,1.461618576
garantiegraad,alleen,ziekte,WN,7-12,4000,1.461618576
garantiegraad,alleen,ziekte,WN,7-12,4250,1.461618576
garantiegraad,alleen,ziekte,WN,7-12,4500,1.461618576
garantiegraad,alleen,ziekte,WN,7-12,4750,1.461618576
garantiegraad,alleen,ziekte,WN,7-12,5000,1.461618576
garantiegraad,alleen,ziekte,WN,7-12,5250,1.461618576
garantiegraad,alleen,ziekte,WN,7-12,5500,1.461618576
garantiegraad,alleen,ziekte,WN,7-12,5750,1.461618576
garantiegraad,alleen,ziekte,WN,7-12,6000,1.461618576
garantiegraad,alleen,ziekte,WN,7-12,6250,1.461618576
garantiegraad,alleen,ziekte,WN,7-12,6500,1.461618576
garantiegraad,alleen,ziekte,WN,7-12,6750,1.461618576
garantiegraad,alleen,ziekte,WN,7-12,7000,1.461618576
garantiegraad,alleen,ziekte,WN,7-12,7500,1.461618576
garantiegraad,alleen,ziekte,WN,7-12,8000,1.461618576
garantiegraad,alleen,ziekte,WN,7-12,8500,1.461618576
garantiegraad,alleen,ziekte,WN,7-12,9000,1.461618576
garantiegraad,alleen,ziekte,WN,7-12,9500,1.461618576
garantiegraad,alleen,ziekte,WN,7-12,10000,1.461618576
garantiegraad,alleen,ziekte,WN,7-12,11000,1.461618576
garantiegraad,alleen,ziekte,WN,7-12,12000,1.461618576
garantiegraad,alleen,ziekte,WN,7-12,13000,1.461618576
garantiegraad,alleen,ziekte,WN,7-12,14000,1.461618576
garantiegraad,alleen,ziekte,WN,7-12,15000,1.461618576
garantiegraad,alleen,werkloosheid,ZS,-,1550,1.048425663
garantiegraad,alleen,werkloosheid,ZS,-,1800,1.048425663
garantiegraad,alleen,werkloosheid,ZS,-,2000,1.048425663
garantiegraad,alleen,werkloosheid,ZS,-,2250,1.048425663
garantiegraad,alleen,werkloosheid,ZS,-,2500,1.048425663
garantiegraad,alleen,werkloosheid,ZS,-,2750,1.048425663
garantiegraad,alleen,werkloosheid,ZS,-,3000,1.048425663
garantiegraad,alleen,werkloosheid,ZS,-,3250,1.048425663
garantiegraad,alleen,werkloosheid,ZS,-,3500,1.048425663
garantiegraad,alleen,werkloosheid,ZS,-,3750,1.048425663
garantiegraad,alleen,werkloosheid,ZS,-,4000,1.048425663
garantiegraad,alleen,werkloosheid,ZS,-,4250,1.048425663
garantiegraad,alleen,werkloosheid,ZS,-,4500,1.048425663
garantiegraad,alleen,werkloosheid,ZS,-,4750,1.048425663
garantiegraad,alleen,werkloosheid,ZS,-,5000,1.048425663
garantiegraad,alleen,werkloosheid,ZS,-,5250,1.048425663
garantiegraad,alleen,werkloosheid,ZS,-,5500,1.048425663
garantiegraad,alleen,werkloosheid,ZS,-,5750,1.048425663
garantiegraad,alleen,werkloosheid,ZS,-,6000,1.048425663
garantiegraad,alleen,werkloosheid,ZS,-,6250,1.048425663
garantiegraad,alleen,werkloosheid,ZS,-,6500,1.048425663
garantiegraad,alleen,werkloosheid,ZS,-,6750,1.048425663
garantiegraad,alleen,werkloosheid,ZS,-,7000,1.048425663
garantiegraad,alleen,werkloosheid,ZS,-,7500,1.048425663
garantiegraad,alleen,werkloosheid,ZS,-,8000,1.048425663
garantiegraad,alleen,werkloosheid,ZS,-,8500,1.048425663
garantiegraad,alleen,werkloosheid,ZS,-,9000,1.048425663
garantiegraad,alleen,werkloosheid,ZS,-,9500,1.048425663
garantiegraad,alleen,werkloosheid,ZS,-,10000,1.048425663
garantiegraad,alleen,werkloosheid,ZS,-,11000,1.048425663
garantiegraad,alleen,werkloosheid,ZS,-,12000,1.048425663
garantiegraad,alleen,werkloosheid,ZS,-,13000,1.048425663
garantiegraad,alleen,werkloosheid,ZS,-,14000,1.048425663
garantiegraad,alleen,werkloosheid,ZS,-,15000,1.048425663
garantiegraad,alleen,werkloosheid,WN,1-3,1550,0.918613241
garantiegraad,alleen,werkloosheid,WN,1-3,1800,0.918613241
garantiegraad,alleen,werkloosheid,WN,1-3,2000,0.918613241
garantiegraad,alleen,werkloosheid,WN,1-3,2250,1.136879601
garantiegraad,alleen,werkloosheid,WN,1-3,2500,1.235097486
garantiegraad,alleen,werkloosheid,WN,1-3,2750,1.235097486
garantiegraad,alleen,werkloosheid,WN,1-3,3000,1.235097486
garantiegraad,alleen,werkloosheid,WN,1-3,3250,1.235097486
garantiegraad,alleen,werkloosheid,WN,1-3,3500,1.235097486
garantiegraad,alleen,werkloosheid,WN,1-3,3750,1.235097486
garantiegraad,alleen,werkloosheid,WN,1-3,4000,1.235097486
garantiegraad,alleen,werkloosheid,WN,1-3,4250,1.235097486
garantiegraad,alleen,werkloosheid,WN,1-3,4500,1.235097486
garantiegraad,alleen,werkloosheid,WN,1-3,4750,1.235097486
garantiegraad,alleen,werkloosheid,WN,1-3,5000,1.235097486
garantiegraad,alleen,werkloosheid,WN,1-3,5250,1.235097486
garantiegraad,alleen,werkloosheid,WN,1-3,5500,1.235097486
garantiegraad,alleen,werkloosheid,WN,1-3,5750,1.235097486
garantiegraad,alleen,werkloosheid,WN,1-3,6000,1.235097486
garantiegraad,alleen,werkloosheid,WN,1-3,6250,1.235097486
garantiegraad,alleen,werkloosheid,WN,1-3,6500,1.235097486
garantiegraad,alleen,werkloosheid,WN,1-3,6750,1.235097486
garantiegraad,alleen,werkloosheid,WN,1-3,7000,1.235097486
garantiegraad,alleen,werkloosheid,WN,1-3,7500,1.235097486
garantiegraad,alleen,werkloosheid,WN,1-3,8000,1.235097486
garantiegraad,alleen,werkloosheid,WN,1-3,8500,1.235097486
garantiegraad,alleen,werkloosheid,WN,1-3,9000,1.235097486
garantiegraad,alleen,werkloosheid,WN,1-3,9500,1.235097486
garantiegraad,alleen,werkloosheid,WN,1-3,10000,1.235097486
garantiegraad,alleen,werkloosheid,WN,1-3,11000,1.235097486
garantiegraad,alleen,werkloosheid,WN,1-3,12000,1.235097486
garantiegraad,alleen,werkloosheid,WN,1-3,13000,1.235097486
garantiegraad,alleen,werkloosheid,WN,1-3,14000,1.235097486
garantiegraad,alleen,werkloosheid,WN,1-3,15000,1.235097486
garantiegraad,alleen,werkloosheid,WN,4-6,1550,0.918613241
garantiegraad,alleen,werkloosheid,WN,4-6,1800,0.918613241
garantiegraad,alleen,werkloosheid,WN,4-6,2000,0.918613241
garantiegraad,alleen,werkloosheid,WN,4-6,2250,1.08768994
garantiegraad,alleen,werkloosheid,WN,4-6,2500,1.178367078
garantiegraad,alleen,werkloosheid,WN,4-6,2750,1.178367078
garantiegraad,alleen,werkloosheid,WN,4-6,3000,1.178367078
garantiegraad,alleen,werkloosheid,WN,4-6,3250,1.178367078
garantiegraad,alleen,werkloosheid,WN,4-6,3500,1.178367078
garantiegraad,alleen,werkloosheid,WN,4-6,3750,1.178367078
garantiegraad,alleen,werkloosheid,WN,4-6,4000,1.178367078
garantiegraad,alleen,werkloosheid,WN,4-6,4250,1.178367078
garantiegraad,alleen,werkloosheid,WN,4-6,4500,1.178367078
garantiegraad,alleen,werkloosheid,WN,4-6,4750,1.178367078
garantiegraad,alleen,werkloosheid,WN,4-6,5000,1.178367078
garantiegraad,alleen,werkloosheid,WN,4-6,5250,1.178367078
garantiegraad,alleen,werkloosheid,WN,4-6,5500,1.178367078
garantiegraad,alleen,werkloosheid,WN,4-6,5750,1.178367078
garantiegraad,alleen,werkloosheid,WN,4-6,6000,1.178367078
garantiegraad,alleen,werkloosheid,WN,4-6,6250,1.178367078
garantiegraad,alleen,werkloosheid,WN,4-6,6500,1.178367078
garantiegraad,alleen,werkloosheid,WN,4-6,6750,1.178367078
garantiegraad,alleen,werkloosheid,WN,4-6,7000,1.178367078
garantiegraad,alleen,werkloosheid,WN,4-6,7500,1.178367078
garantiegraad,alleen,werkloosheid,WN,4-6,8000,1.178367078
garantiegraad,alleen,werkloosheid,WN,4-6,8500,1.178367078
garantiegraad,alleen,werkloosheid,WN,4-6,9000,1.178367078
garantiegraad,alleen,werkloosheid,WN,4-6,9500,1.178367078
garantiegraad,alleen,werkloosheid,WN,4-6,10000,1.178367078
garantiegraad,alleen,werkloosheid,WN,4-6,11000,1.178367078
garantiegraad,alleen,werkloosheid,WN,4-6,12000,1.178367078
garantiegraad,alleen,werkloosheid,WN,4-6,13000,1.178367078
garantiegraad,alleen,werkloosheid,WN,4-6,14000,1.178367078
garantiegraad,alleen,werkloosheid,WN,4-6,15000,1.178367078
garantiegraad,alleen,werkloosheid,WN,7-12,1550,0.918613241
garantiegraad,alleen,werkloosheid,WN,7-12,1800,0.918613241
garantiegraad,alleen,werkloosheid,WN,7-12,2000,0.918613241
garantiegraad,alleen,werkloosheid,WN,7-12,2250,1.08768994
garantiegraad,alleen,werkloosheid,WN,7-12,2500,1.132069929
garantiegraad,alleen,werkloosheid,WN,7-12,2750,1.132069929
garantiegraad,alleen,werkloosheid,WN,7-12,3000,1.132069929
garantiegraad,alleen,werkloosheid,WN,7-12,3250,1.132069929
garantiegraad,alleen,werkloosheid,WN,7-12,3500,1.132069929
garantiegraad,alleen,werkloosheid,WN,7-12,3750,1.132069929
garantiegraad,alleen,werkloosheid,WN,7-12,4000,1.132069929
garantiegraad,alleen,werkloosheid,WN,7-12,4250,1.132069929
garantiegraad,alleen,werkloosheid,WN,7-12,4500,1.132069929
garantiegraad,alleen,werkloosheid,WN,7-12,4750,1.132069929
garantiegraad,alleen,werkloosheid,WN,7-12,5000,1.132069929
garantiegraad,alleen,werkloosheid,WN,7-12,5250,1.132069929
garantiegraad,alleen,werkloosheid,WN,7-12,5500,1.132069929
garantiegraad,alleen,werkloosheid,WN,7-12,5750,1.132069929
garantiegraad,alleen,werkloosheid,WN,7-12,6000,1.132069929
garantiegraad,alleen,werkloosheid,WN,7-12,6250,1.132069929
garantiegraad,alleen,werkloosheid,WN,7-12,6500,1.132069929
garantiegraad,alleen,werkloosheid,WN,7-12,6750,1.132069929
garantiegraad,alleen,werkloosheid,WN,7-12,7000,1.132069929
garantiegraad,alleen,werkloosheid,WN,7-12,7500,1.132069929
garantiegraad,alleen,werkloosheid,WN,7-12,8000,1.132069929
garantiegraad,alleen,werkloosheid,WN,7-12,8500,1.132069929
garantiegraad,alleen,werkloosheid,WN,7-12,9000,1.132069929
garantiegraad,alleen,werkloosheid,WN,7-12,9500,1.132069929
garantiegraad,alleen,werkloosheid,WN,7-12,10000,1.132069929
garantiegraad,alleen,werkloosheid,WN,7-12,11000,1.132069929
garantiegraad,alleen,werkloosheid,WN,7-12,12000,1.132069929
garantiegraad,alleen,werkloosheid,WN,7-12,13000,1.132069929
garantiegraad,alleen,werkloosheid,WN,7-12,14000,1.132069929
garantiegraad,alleen,werkloosheid,WN,7-12,15000,1.132069929
garantiegraad,-,pensioen,ZV100,-,1550,1.093861763
garantiegraad,-,pensioen,ZV100,-,1800,1.093861763
garantiegraad,-,pensioen,ZV100,-,2000,1.093861763
garantiegraad,-,pensioen,ZV100,-,2250,1.122339648
garantiegraad,-,pensioen,ZV100,-,2500,1.186261473
garantiegraad,-,pensioen,ZV100,-,2750,1.280198432
garantiegraad,-,pensioen,ZV100,-,3000,1.36415413
garantiegraad,-,pensioen,ZV100,-,3250,1.455106736
garantiegraad,-,pensioen,ZV100,-,3500,1.53104379
garantiegraad,-,pensioen,ZV100,-,3750,1.608253409
garantiegraad,-,pensioen,ZV100,-,4000,1.659179605
garantiegraad,-,pensioen,ZV100,-,4250,1.659179605
garantiegraad,-,pensioen,ZV100,-,4500,1.659179605
garantiegraad,-,pensioen,ZV100,-,4750,1.659179605
garantiegraad,-,pensioen,ZV100,-,5000,1.659179605
garantiegraad,-,pensioen,ZV100,-,5250,1.659179605
garantiegraad,-,pensioen,ZV100,-,5500,1.659179605
garantiegraad,-,pensioen,ZV100,-,5750,1.659179605
garantiegraad,-,pensioen,ZV100,-,6000,1.659179605
garantiegraad,-,pensioen,ZV100,-,6250,1.659179605
garantiegraad,-,pensioen,ZV100,-,6500,1.659179605
garantiegraad,-,pensioen,ZV100,-,6750,1.659179605
garantiegraad,-,pensioen,ZV100,-,7000,1.659179605
garantiegraad,-,pensioen,ZV100,-,7500,1.659179605
garantiegraad,-,pensioen,ZV100,-,8000,1.659179605
garantiegraad,-,pensioen,ZV100,-,8500,1.659179605
garantiegraad,-,pensioen,ZV100,-,9000,1.659179605
garantiegraad,-,pensioen,ZV100,-,9500,1.659179605
garantiegraad,-,pensioen,ZV100,-,10000,1.659179605
garantiegraad,-,pensioen,ZV100,-,11000,1.659179605
garantiegraad,-,pensioen,ZV100,-,12000,1.659179605
garantiegraad,-,pensioen,ZV100,-,13000,1.659179605
garantiegraad,-,pensioen,ZV100,-,14000,1.659179605
garantiegraad,-,pensioen,ZV100,-,15000,1.659179605
garantiegraad,-,pensioen,ZV75,-,1550,1.093861763
garantiegraad,-,pensioen,ZV75,-,1800,1.093861763
garantiegraad,-,pensioen,ZV75,-,2000,1.093861763
garantiegraad,-,pensioen,ZV75,-,2250,1.093861763
garantiegraad,-,pensioen,ZV75,-,2500,1.093861763
garantiegraad,-,pensioen,ZV75,-,2750,1.093861763
garantiegraad,-,pensioen,ZV75,-,3000,1.122339648
garantiegraad,-,pensioen,ZV75,-,3250,1.162778149
garantiegraad,-,pensioen,ZV75,-,3500,1.233227964
garantiegraad,-,pensioen,ZV75,-,3750,1.301187392
garantiegraad,-,pensioen,ZV75,-,4000,1.36415413
garantiegraad,-,pensioen,ZV75,-,4250,1.434117776
garantiegraad,-,pensioen,ZV75,-,4500,1.488000574
garantiegraad,-,pensioen,ZV75,-,4750,1.551706257
garantiegraad,-,pensioen,ZV75,-,5000,1.615105161
garantiegraad,-,pensioen,ZV75,-,5250,1.659179605
garantiegraad,-,pensioen,ZV75,-,5500,1.659179605
garantiegraad,-,pensioen,ZV75,-,5750,1.659179605
garantiegraad,-,pensioen,ZV75,-,6000,1.659179605
garantiegraad,-,pensioen,ZV75,-,6250,1.659179605
garantiegraad,-,pensioen,ZV75,-,6500,1.659179605
garantiegraad,-,pensioen,ZV75,-,6750,1.659179605
garantiegraad,-,pensioen,ZV75,-,7000,1.659179605
garantiegraad,-,pensioen,ZV75,-,7500,1.659179605
garantiegraad,-,pensioen,ZV75,-,8000,1.659179605
garantiegraad,-,pensioen,ZV75,-,8500,1.659179605
garantiegraad,-,pensioen,ZV75,-,9000,1.659179605
garantiegraad,-,pensioen,ZV75,-,9500,1.659179605
garantiegraad,-,pensioen,ZV75,-,10000,1.659179605
garantiegraad,-,pensioen,ZV75,-,11000,1.659179605
garantiegraad,-,pensioen,ZV75,-,12000,1.659179605
garantiegraad,-,pensioen,ZV75,-,13000,1.659179605
garantiegraad,-,pensioen,ZV75,-,14000,1.659179605
garantiegraad,-,pensioen,ZV75,-,15000,1.659179605
garantiegraad,-,pensioen,ZV50,-,1550,1.093861763
garantiegraad,-,pensioen,ZV50,-,1800,1.093861763
garantiegraad,-,pensioen,ZV50,-,2000,1.093861763
garantiegraad,-,pensioen,ZV50,-,2250,1.093861763
garantiegraad,-,pensioen,ZV50,-,2500,1.093861763
garantiegraad,-,pensioen,ZV50,-,2750,1.093861763
garantiegraad,-,pensioen,ZV50,-,3000,1.093861763
garantiegraad,-,pensioen,ZV50,-,3250,1.093861763
garantiegraad,-,pensioen,ZV50,-,3500,1.093861763
garantiegraad,-,pensioen,ZV50,-,3750,1.093861763
garantiegraad,-,pensioen,ZV50,-,4000,1.093861763
garantiegraad,-,pensioen,ZV50,-,4250,1.093861763
garantiegraad,-,pensioen,ZV50,-,4500,1.122339648
garantiegraad,-,pensioen,ZV50,-,4750,1.156168675
garantiegraad,-,pensioen,ZV50,-,5000,1.186261473
garantiegraad,-,pensioen,ZV50,-,5250,1.233227964
garantiegraad,-,pensioen,ZV50,-,5500,1.272366178
garantiegraad,-,pensioen,ZV50,-,5750,1.322176281
garantiegraad,-,pensioen,ZV50,-,6000,1.36415413
garantiegraad,-,pensioen,ZV50,-,6250,1.413128888
garantiegraad,-,pensioen,ZV50,-,6500,1.455106736
garantiegraad,-,pensioen,ZV50,-,6750,1.488000574
garantiegraad,-,pensioen,ZV50,-,7000,1.53104379
garantiegraad,-,pensioen,ZV50,-,7500,1.608253409
garantiegraad,-,pensioen,ZV50,-,8000,1.659179605
garantiegraad,-,pensioen,ZV50,-,8500,1.659179605
garantiegraad,-,pensioen,ZV50,-,9000,1.659179605
garantiegraad,-,pensioen,ZV50,-,9500,1.659179605
garantiegraad,-,pensioen,ZV50,-,10000,1.659179605
garantiegraad,-,pensioen,ZV50,-,11000,1.659179605
garantiegraad,-,pensioen,ZV50,-,12000,1.659179605
garantiegraad,-,pensioen,ZV50,-,13000,1.659179605
garantiegraad,-,pensioen,ZV50,-,14000,1.659179605
garantiegraad,-,pensioen,ZV50,-,15000,1.659179605
garantiegraad,-,pensioen,ZV00,-,1550,1.093861763
garantiegraad,-,pensioen,ZV00,-,1800,1.093861763
garantiegraad,-,pensioen,ZV00,-,2000,1.093861763
garantiegraad,-,pensioen,ZV00,-,2250,1.093861763
garantiegraad,-,pensioen,ZV00,-,2500,1.093861763
garantiegraad,-,pensioen,ZV00,-,2750,1.093861763
garantiegraad,-,pensioen,ZV00,-,3000,1.093861763
garantiegraad,-,pensioen,ZV00,-,3250,1.093861763
garantiegraad,-,pensioen,ZV00,-,3500,1.093861763
garantiegraad,-,pensioen,ZV00,-,3750,1.093861763
garantiegraad,-,pensioen,ZV00,-,4000,1.093861763
garantiegraad,-,pensioen,ZV00,-,4250,1.093861763
garantiegraad,-,pensioen,ZV00,-,4500,1.093861763
garantiegraad,-,pensioen,ZV00,-,4750,1.093861763
garantiegraad,-,pensioen,ZV00,-,5000,1.093861763
garantiegraad,-,pensioen,ZV00,-,5250,1.093861763
garantiegraad,-,pensioen,ZV00,-,5500,1.093861763
garantiegraad,-,pensioen,ZV00,-,5750,1.093861763
garantiegraad,-,pensioen,ZV00,-,6000,1.093861763
garantiegraad,-,pensioen,ZV00,-,6250,1.093861763
garantiegraad,-,pensioen,ZV00,-,6500,1.093861763
garantiegraad,-,pensioen,ZV00,-,6750,1.093861763
garantiegraad,-,pensioen,ZV00,-,7000,1.093861763
garantiegraad,-,pensioen,ZV00,-,7500,1.093861763
garantiegraad,-,pensioen,ZV00,-,8000,1.093861763
garantiegraad,-,pensioen,ZV00,-,8500,1.093861763
garantiegraad,-,pensioen,ZV00,-,9000,1.093861763
garantiegraad,-,pensioen,ZV00,-,9500,1.093861763
garantiegraad,-,pensioen,ZV00,-,10000,1.093861763
garantiegraad,-,pensioen,ZV00,-,11000,1.093861763
garantiegraad,-,pensioen,ZV00,-,12000,1.093861763
garantiegraad,-,pensioen,ZV00,-,13000,1.093861763
garantiegraad,-,pensioen,ZV00,-,14000,1.093861763
garantiegraad,-,pensioen,ZV00,-,15000,1.093861763
garantiegraad,-,pensioen,ZE,-,1550,1.093861763
garantiegraad,-,pensioen,ZE,-,1800,1.093861763
garantiegraad,-,pensioen,ZE,-,2000,1.093861763
garantiegraad,-,pensioen,ZE,-,2250,1.095708305
garantiegraad,-,pensioen,ZE,-,2500,1.171693671
garantiegraad,-,pensioen,ZE,-,2750,1.265972356
garantiegraad,-,pensioen,ZE,-,3000,1.362284441
garantiegraad,-,pensioen,ZE,-,3250,1.457081968
garantiegraad,-,pensioen,ZE,-,3500,1.536773565
garantiegraad,-,pensioen,ZE,-,3750,1.624570024
garantiegraad,-,pensioen,ZE,-,4000,1.659179605
garantiegraad,-,pensioen,ZE,-,4250,1.659179605
garantiegraad,-,pensioen,ZE,-,4500,1.659179605
garantiegraad,-,pensioen,ZE,-,4750,1.659179605
garantiegraad,-,pensioen,ZE,-,5000,1.659179605
garantiegraad,-,pensioen,ZE,-,5250,1.659179605
garantiegraad,-,pensioen,ZE,-,5500,1.659179605
garantiegraad,-,pensioen,ZE,-,5750,1.659179605
garantiegraad,-,pensioen,ZE,-,6000,1.659179605
garantiegraad,-,pensioen,ZE,-,6250,1.659179605
garantiegraad,-,pensioen,ZE,-,6500,1.659179605
garantiegraad,-,pensioen,ZE,-,6750,1.659179605
garantiegraad,-,pensioen,ZE,-,7000,1.659179605
garantiegraad,-,pensioen,ZE,-,7500,1.659179605
garantiegraad,-,pensioen,ZE,-,8000,1.659179605
garantiegraad,-,pensioen,ZE,-,8500,1.659179605
garantiegraad,-,pensioen,ZE,-,9000,1.659179605
garantiegraad,-,pensioen,ZE,-,9500,1.659179605
garantiegraad,-,pensioen,ZE,-,10000,1.659179605
garantiegraad,-,pensioen,ZE,-,11000,1.659179605
garantiegraad,-,pensioen,ZE,-,12000,1.659179605
garantiegraad,-,pensioen,ZE,-,13000,1.659179605
garantiegraad,-,pensioen,ZE,-,14000,1.659179605
garantiegraad,-,pensioen,ZE,-,15000,1.659179605
garantiegraad,-,pensioen,WN,-,1550,1.093861763
garantiegraad,-,pensioen,WN,-,1800,1.093861763
garantiegraad,-,pensioen,WN,-,2000,1.093861763
garantiegraad,-,pensioen,WN,-,2250,1.093861763
garantiegraad,-,pensioen,WN,-,2500,1.245369661
garantiegraad,-,pensioen,WN,-,2750,1.34457432
garantiegraad,-,pensioen,WN,-,3000,1.448033306
garantiegraad,-,pensioen,WN,-,3250,1.536393917
garantiegraad,-,pensioen,WN,-,3500,1.640468093
garantiegraad,-,pensioen,WN,-,3750,1.723174622
garantiegraad,-,pensioen,WN,-,4000,1.723174622
garantiegraad,-,pensioen,WN,-,4250,1.723174622
garantiegraad,-,pensioen,WN,-,4500,1.723174622
garantiegraad,-,pensioen,WN,-,4750,1.723174622
garantiegraad,-,pensioen,WN,-,5000,1.723174622
garantiegraad,-,pensioen,WN,-,5250,1.723174622
garantiegraad,-,pensioen,WN,-,5500,1.723174622
garantiegraad,-,pensioen,WN,-,5750,1.723174622
garantiegraad,-,pensioen,WN,-,6000,1.723174622
garantiegraad,-,pensioen,WN,-,6250,1.723174622
garantiegraad,-,pensioen,WN,-,6500,1.723174622
garantiegraad,-,pensioen,WN,-,6750,1.723174622
garantiegraad,-,pensioen,WN,-,7000,1.723174622
garantiegraad,-,pensioen,WN,-,7500,1.723174622
garantiegraad,-,pensioen,WN,-,8000,1.723174622
garantiegraad,-,pensioen,WN,-,8500,1.723174622
garantiegraad,-,pensioen,WN,-,9000,1.723174622
garantiegraad,-,pensioen,WN,-,9500,1.723174622
garantiegraad,-,pensioen,WN,-,10000,1.723174622
garantiegraad,-,pensioen,WN,-,11000,1.723174622
garantiegraad,-,pensioen,WN,-,12000,1.723174622
garantiegraad,-,pensioen,WN,-,13000,1.723174622
garantiegraad,-,pensioen,WN,-,14000,1.723174622
garantiegraad,-,pensioen,WN,-,15000,1.723174622
garantiegraad,koppel_laag,ziekte,ZV100VAA,-,1550,1.463484151
garantiegraad,koppel_laag,ziekte,ZV100VAA,-,1800,1.463484151
garantiegraad,koppel_laag,ziekte,ZV100VAA,-,2000,1.463484151
garantiegraad,koppel_laag,ziekte,ZV100VAA,-,2250,1.463484151
garantiegraad,koppel_laag,ziekte,ZV100VAA,-,2500,1.463484151
garantiegraad,koppel_laag,ziekte,ZV100VAA,-,2750,1.463484151
garantiegraad,koppel_laag,ziekte,ZV100VAA,-,3000,1.463484151
garantiegraad,koppel_laag,ziekte,ZV100VAA,-,3250,1.463484151
garantiegraad,koppel_laag,ziekte,ZV100VAA,-,3500,1.463484151
garantiegraad,koppel_laag,ziekte,ZV100VAA,-,3750,1.463484151
garantiegraad,koppel_laag,ziekte,ZV100VAA,-,4000,1.463484151
garantiegraad,koppel_laag,ziekte,ZV100VAA,-,4250,1.463484151
garantiegraad,koppel_laag,ziekte,ZV100VAA,-,4500,1.463484151
garantiegraad,koppel_laag,ziekte,ZV100VAA,-,4750,1.463484151
garantiegraad,koppel_laag,ziekte,ZV100VAA,-,5000,1.463484151
garantiegraad,koppel_laag,ziekte,ZV100VAA,-,5250,1.463484151
garantiegraad,koppel_laag,ziekte,ZV100VAA,-,5500,1.463484151
garantiegraad,koppel_laag,ziekte,ZV100VAA,-,5750,1.463484151
garantiegraad,koppel_laag,ziekte,ZV100VAA,-,6000,1.463484151
garantiegraad,koppel_laag,ziekte,ZV100VAA,-,6250,1.463484151
garantiegraad,koppel_laag,ziekte,ZV100VAA,-,6500,1.463484151
garantiegraad,koppel_laag,ziekte,ZV100VAA,-,6750,1.463484151
garantiegraad,koppel_laag,ziekte,ZV100VAA,-,7000,1.463484151
garantiegraad,koppel_laag,ziekte,ZV100VAA,-,7500,1.463484151
garantiegraad,koppel_laag,ziekte,ZV100VAA,-,8000,1.463484151
garantiegraad,koppel_laag,ziekte,ZV100VAA,-,8500,1.463484151
garantiegraad,koppel_laag,ziekte,ZV100VAA,-,9000,1.463484151
garantiegraad,koppel_laag,ziekte,ZV100VAA,-,9500,1.463484151
garantiegraad,koppel_laag,ziekte,ZV100VAA,-,10000,1.463484151
garantiegraad,koppel_laag,ziekte,ZV100VAA,-,11000,1.463484151
garantiegraad,koppel_laag,ziekte,ZV100VAA,-,12000,1.463484151
garantiegraad,koppel_laag,ziekte,ZV100VAA,-,13000,1.463484151
garantiegraad,koppel_laag,ziekte,ZV100VAA,-,14000,1.463484151
garantiegraad,koppel_laag,ziekte,ZV100VAA,-,15000,1.463484151
garantiegraad,koppel_laag,ziekte,ZV100,-,1550,1.463484151
garantiegraad,koppel_laag,ziekte,ZV100,-,1800,1.463484151
garantiegraad,koppel_laag,ziekte,ZV100,-,2000,1.463484151
garantiegraad,koppel_laag,ziekte,ZV100,-,2250,1.463484151
garantiegraad,koppel_laag,ziekte,ZV100,-,2500,1.463484151
garantiegraad,koppel_laag,ziekte,ZV100,-,2750,1.463484151
garantiegraad,koppel_laag,ziekte,ZV100,-,3000,1.463484151
garantiegraad,koppel_laag,ziekte,ZV100,-,3250,1.463484151
garantiegraad,koppel_laag,ziekte,ZV100,-,3500,1.463484151
garantiegraad,koppel_laag,ziekte,ZV100,-,3750,1.463484151
garantiegraad,koppel_laag,ziekte,ZV100,-,4000,1.463484151
garantiegraad,koppel_laag,ziekte,ZV100,-,4250,1.463484151
garantiegraad,koppel_laag,ziekte,ZV100,-,4500,1.463484151
garantiegraad,koppel_laag,ziekte,ZV100,-,4750,1.463484151
garantiegraad,koppel_laag,ziekte,ZV100,-,5000,1.463484151
garantiegraad,koppel_laag,ziekte,ZV100,-,5250,1.463484151
garantiegraad,koppel_laag,ziekte,ZV100,-,5500,1.463484151
garantiegraad,koppel_laag,ziekte,ZV100,-,5750,1.463484151
garantiegraad,koppel_laag,ziekte,ZV100,-,6000,1.463484151
garantiegraad,koppel_laag,ziekte,ZV100,-,6250,1.463484151
garantiegraad,koppel_laag,ziekte,ZV100,-,6500,1.463484151
garantiegraad,koppel_laag,ziekte,ZV100,-,6750,1.463484151
garantiegraad,koppel_laag,ziekte,ZV100,-,7000,1.463484151
garantiegraad,koppel_laag,ziekte,ZV100,-,7500,1.463484151
garantiegraad,koppel_laag,ziekte,ZV100,-,8000,1.463484151
garantiegraad,koppel_laag,ziekte,ZV100,-,8500,1.463484151
garantiegraad,koppel_laag,ziekte,ZV100,-,9000,1.463484151
garantiegraad,koppel_laag,ziekte,ZV100,-,9500,1.463484151
garantiegraad,koppel_laag,ziekte,ZV100,-,10000,1.463484151
garantiegraad,koppel_laag,ziekte,ZV100,-,11000,1.463484151
garantiegraad,koppel_laag,ziekte,ZV100,-,12000,1.463484151
garantiegraad,koppel_laag,ziekte,ZV100,-,13000,1.463484151
garantiegraad,koppel_laag,ziekte,ZV100,-,14000,1.463484151
garantiegraad,koppel_laag,ziekte,ZV100,-,15000,1.463484151
garantiegraad,koppel_laag,ziekte,ZV75,-,1550,1.470324267
garantiegraad,koppel_laag,ziekte,ZV75,-,1800,1.463484151
garantiegraad,koppel_laag,ziekte,ZV75,-,2000,1.463484151
garantiegraad,koppel_laag,ziekte,ZV75,-,2250,1.463484151
garantiegraad,koppel_laag,ziekte,ZV75,-,2500,1.463484151
garantiegraad,koppel_laag,ziekte,ZV75,-,2750,1.463484151
garantiegraad,koppel_laag,ziekte,ZV75,-,3000,1.463484151
garantiegraad,koppel_laag,ziekte,ZV75,-,3250,1.463484151
garantiegraad,koppel_laag,ziekte,ZV75,-,3500,1.463484151
garantiegraad,koppel_laag,ziekte,ZV75,-,3750,1.463484151
garantiegraad,koppel_laag,ziekte,ZV75,-,4000,1.463484151
garantiegraad,koppel_laag,ziekte,ZV75,-,4250,1.463484151
garantiegraad,koppel_laag,ziekte,ZV75,-,4500,1.463484151
garantiegraad,koppel_laag,ziekte,ZV75,-,4750,1.463484151
garantiegraad,koppel_laag,ziekte,ZV75,-,5000,1.463484151
garantiegraad,koppel_laag,ziekte,ZV75,-,5250,1.463484151
garantiegraad,koppel_laag,ziekte,ZV75,-,5500,1.463484151
garantiegraad,koppel_laag,ziekte,ZV75,-,5750,1.463484151
garantiegraad,koppel_laag,ziekte,ZV75,-,6000,1.463484151
garantiegraad,koppel_laag,ziekte,ZV75,-,6250,1.463484151
garantiegraad,koppel_laag,ziekte,ZV75,-,6500,1.463484151
garantiegraad,koppel_laag,ziekte,ZV75,-,6750,1.463484151
garantiegraad,koppel_laag,ziekte,ZV75,-,7000,1.463484151
garantiegraad,koppel_laag,ziekte,ZV75,-,7500,1.463484151
garantiegraad,koppel_laag,ziekte,ZV75,-,8000,1.463484151
garantiegraad,koppel_laag,ziekte,ZV75,-,8500,1.463484151
garantiegraad,koppel_laag,ziekte,ZV75,-,9000,1.463484151
garantiegraad,koppel_laag,ziekte,ZV75,-,9500,1.463484151
garantiegraad,koppel_laag,ziekte,ZV75,-,10000,1.463484151
garantiegraad,koppel_laag,ziekte,ZV75,-,11000,1.463484151
garantiegraad,koppel_laag,ziekte,ZV75,-,12000,1.463484151
garantiegraad,koppel_laag,ziekte,ZV75,-,13000,1.463484151
garantiegraad,koppel_laag,ziekte,ZV75,-,14000,1.463484151
garantiegraad,koppel_laag,ziekte,ZV75,-,15000,1.463484151
garantiegraad,koppel_laag,ziekte,ZV50,-,1550,1.470324267
garantiegraad,koppel_laag,ziekte,ZV50,-,1800,1.470324267
garantiegraad,koppel_laag,ziekte,ZV50,-,2000,1.470324267
garantiegraad,koppel_laag,ziekte,ZV50,-,2250,1.470324267
garantiegraad,koppel_laag,ziekte,ZV50,-,2500,1.463484151
garantiegraad,koppel_laag,ziekte,ZV50,-,2750,1.463484151
garantiegraad,koppel_laag,ziekte,ZV50,-,3000,1.463484151
garantiegraad,koppel_laag,ziekte,ZV50,-,3250,1.463484151
garantiegraad,koppel_laag,ziekte,ZV50,-,3500,1.463484151
garantiegraad,koppel_laag,ziekte,ZV50,-,3750,1.463484151
garantiegraad,koppel_laag,ziekte,ZV50,-,4000,1.463484151
garantiegraad,koppel_laag,ziekte,ZV50,-,4250,1.463484151
garantiegraad,koppel_laag,ziekte,ZV50,-,4500,1.463484151
garantiegraad,koppel_laag,ziekte,ZV50,-,4750,1.463484151
garantiegraad,koppel_laag,ziekte,ZV50,-,5000,1.463484151
garantiegraad,koppel_laag,ziekte,ZV50,-,5250,1.463484151
garantiegraad,koppel_laag,ziekte,ZV50,-,5500,1.463484151
garantiegraad,koppel_laag,ziekte,ZV50,-,5750,1.463484151
garantiegraad,koppel_laag,ziekte,ZV50,-,6000,1.463484151
garantiegraad,koppel_laag,ziekte,ZV50,-,6250,1.463484151
garantiegraad,koppel_laag,ziekte,ZV50,-,6500,1.463484151
garantiegraad,koppel_laag,ziekte,ZV50,-,6750,1.463484151
garantiegraad,koppel_laag,ziekte,ZV50,-,7000,1.463484151
garantiegraad,koppel_laag,ziekte,ZV50,-,7500,1.463484151
garantiegraad,koppel_laag,ziekte,ZV50,-,8000,1.463484151
garantiegraad,koppel_laag,ziekte,ZV50,-,8500,1.463484151
garantiegraad,koppel_laag,ziekte,ZV50,-,9000,1.463484151
garantiegraad,koppel_laag,ziekte,ZV50,-,9500,1.463484151
garantiegraad,koppel_laag,ziekte,ZV50,-,10000,1.463484151
garantiegraad,koppel_laag,ziekte,ZV50,-,11000,1.463484151
garantiegraad,koppel_laag,ziekte,ZV50,-,12000,1.463484151
garantiegraad,koppel_laag,ziekte,ZV50,-,13000,1.463484151
garantiegraad,koppel_laag,ziekte,ZV50,-,14000,1.463484151
garantiegraad,koppel_laag,ziekte,ZV50,-,15000,1.463484151
garantiegraad,koppel_laag,ziekte,ZV00,-,1550,1.521457415
garantiegraad,koppel_laag,ziekte,ZV00,-,1800,1.521457415
garantiegraad,koppel_laag,ziekte,ZV00,-,2000,1.521457415
garantiegraad,koppel_laag,ziekte,ZV00,-,2250,1.521457415
garantiegraad,koppel_laag,ziekte,ZV00,-,2500,1.521457415
garantiegraad,koppel_laag,ziekte,ZV00,-,2750,1.521457415
garantiegraad,koppel_laag,ziekte,ZV00,-,3000,1.521457415
garantiegraad,koppel_laag,ziekte,ZV00,-,3250,1.521457415
garantiegraad,koppel_laag,ziekte,ZV00,-,3500,1.521457415
garantiegraad,koppel_laag,ziekte,ZV00,-,3750,1.521457415
garantiegraad,koppel_laag,ziekte,ZV00,-,4000,1.521457415
garantiegraad,koppel_laag,ziekte,ZV00,-,4250,1.521457415
garantiegraad,koppel_laag,ziekte,ZV00,-,4500,1.521457415
garantiegraad,koppel_laag,ziekte,ZV00,-,4750,1.521457415
garantiegraad,koppel_laag,ziekte,ZV00,-,5000,1.521457415
garantiegraad,koppel_laag,ziekte,ZV00,-,5250,1.521457415
garantiegraad,koppel_laag,ziekte,ZV00,-,5500,1.521457415
garantiegraad,koppel_laag,ziekte,ZV00,-,5750,1.521457415
garantiegraad,koppel_laag,ziekte,ZV00,-,6000,1.521457415
garantiegraad,koppel_laag,ziekte,ZV00,-,6250,1.521457415
garantiegraad,koppel_laag,ziekte,ZV00,-,6500,1.521457415
garantiegraad,koppel_laag,ziekte,ZV00,-,6750,1.521457415
garantiegraad,koppel_laag,ziekte,ZV00,-,7000,1.521457415
garantiegraad,koppel_laag,ziekte,ZV00,-,7500,1.521457415
garantiegraad,koppel_laag,ziekte,ZV00,-,8000,1.521457415
garantiegraad,koppel_laag,ziekte,ZV00,-,8500,1.521457415
garantiegraad,koppel_laag,ziekte,ZV00,-,9000,1.521457415
garantiegraad,koppel_laag,ziekte,ZV00,-,9500,1.521457415
garantiegraad,koppel_laag,ziekte,ZV00,-,10000,1.521457415
garantiegraad,koppel_laag,ziekte,ZV00,-,11000,1.521457415
garantiegraad,koppel_laag,ziekte,ZV00,-,12000,1.521457415
garantiegraad,koppel_laag,ziekte,ZV00,-,13000,1.521457415
garantiegraad,koppel_laag,ziekte,ZV00,-,14000,1.521457415
garantiegraad,koppel_laag,ziekte,ZV00,-,15000,1.521457415
garantiegraad,koppel_laag,ziekte,ZE,-,1550,1.463484151
garantiegraad,koppel_laag,ziekte,ZE,-,1800,1.463484151
garantiegraad,koppel_laag,ziekte,ZE,-,2000,1.463484151
garantiegraad,koppel_laag,ziekte,ZE,-,2250,1.463484151
garantiegraad,koppel_laag,ziekte,ZE,-,2500,1.463484151
garantiegraad,koppel_laag,ziekte,ZE,-,2750,1.463484151
garantiegraad,koppel_laag,ziekte,ZE,-,3000,1.463484151
garantiegraad,koppel_laag,ziekte,ZE,-,3250,1.463484151
garantiegraad,koppel_laag,ziekte,ZE,-,3500,1.463484151
garantiegraad,koppel_laag,ziekte,ZE,-,3750,1.463484151
garantiegraad,koppel_laag,ziekte,ZE,-,4000,1.463484151
garantiegraad,koppel_laag,ziekte,ZE,-,4250,1.463484151
garantiegraad,koppel_laag,ziekte,ZE,-,4500,1.463484151
garantiegraad,koppel_laag,ziekte,ZE,-,4750,1.463484151
garantiegraad,koppel_laag,ziekte,ZE,-,5000,1.463484151
garantiegraad,koppel_laag,ziekte,ZE,-,5250,1.463484151
garantiegraad,koppel_laag,ziekte,ZE,-,5500,1.463484151
garantiegraad,koppel_laag,ziekte,ZE,-,5750,1.463484151
garantiegraad,koppel_laag,ziekte,ZE,-,6000,1.463484151
garantiegraad,koppel_laag,ziekte,ZE,-,6250,1.463484151
garantiegraad,koppel_laag,ziekte,ZE,-,6500,1.463484151
garantiegraad,koppel_laag,ziekte,ZE,-,6750,1.463484151
garantiegraad,koppel_laag,ziekte,ZE,-,7000,1.463484151
garantiegraad,koppel_laag,ziekte,ZE,-,7500,1.463484151
garantiegraad,koppel_laag,ziekte,ZE,-,8000,1.463484151
garantiegraad,koppel_laag,ziekte,ZE,-,8500,1.463484151
garantiegraad,koppel_laag,ziekte,ZE,-,9000,1.463484151
garantiegraad,koppel_laag,ziekte,ZE,-,9500,1.463484151
garantiegraad,koppel_laag,ziekte,ZE,-,10000,1.463484151
garantiegraad,koppel_laag,ziekte,ZE,-,11000,1.463484151
garantiegraad,koppel_laag,ziekte,ZE,-,12000,1.463484151
garantiegraad,koppel_laag,ziekte,ZE,-,13000,1.463484151
garantiegraad,koppel_laag,ziekte,ZE,-,14000,1.463484151
garantiegraad,koppel_laag,ziekte,ZE,-,15000,1.463484151
garantiegraad,koppel_laag,ziekte,WN,2,1550,1.330960293
garantiegraad,koppel_laag,ziekte,WN,2,1800,1.393798943
garantiegraad,koppel_laag,ziekte,WN,2,2000,1.463477104
garantiegraad,koppel_laag,ziekte,WN,2,2250,1.646214589
garantiegraad,koppel_laag,ziekte,WN,2,2500,1.747545376
garantiegraad,koppel_laag,ziekte,WN,2,2750,1.806321628
garantiegraad,koppel_laag,ziekte,WN,2,3000,1.831020839
garantiegraad,koppel_laag,ziekte,WN,2,3250,1.831020839
garantiegraad,koppel_laag,ziekte,WN,2,3500,1.831020839
garantiegraad,koppel_laag,ziekte,WN,2,3750,1.831020839
garantiegraad,koppel_laag,ziekte,WN,2,4000,1.831020839
garantiegraad,koppel_laag,ziekte,WN,2,4250,1.831020839
garantiegraad,koppel_laag,ziekte,WN,2,4500,1.831020839
garantiegraad,koppel_laag,ziekte,WN,2,4750,1.831020839
garantiegraad,koppel_laag,ziekte,WN,2,5000,1.831020839
garantiegraad,koppel_laag,ziekte,WN,2,5250,1.831020839
garantiegraad,koppel_laag,ziekte,WN,2,5500,1.831020839
garantiegraad,koppel_laag,ziekte,WN,2,5750,1.831020839
garantiegraad,koppel_laag,ziekte,WN,2,6000,1.831020839
garantiegraad,koppel_laag,ziekte,WN,2,6250,1.831020839
garantiegraad,koppel_laag,ziekte,WN,2,6500,1.831020839
garantiegraad,koppel_laag,ziekte,WN,2,6750,1.831020839
garantiegraad,koppel_laag,ziekte,WN,2,7000,1.831020839
garantiegraad,koppel_laag,ziekte,WN,2,7500,1.831020839
garantiegraad,koppel_laag,ziekte,WN,2,8000,1.831020839
garantiegraad,koppel_laag,ziekte,WN,2,8500,1.831020839
garantiegraad,koppel_laag,ziekte,WN,2,9000,1.831020839
garantiegraad,koppel_laag,ziekte,WN,2,9500,1.831020839
garantiegraad,koppel_laag,ziekte,WN,2,10000,1.831020839
garantiegraad,koppel_laag,ziekte,WN,2,11000,1.831020839
garantiegraad,koppel_laag,ziekte,WN,2,12000,1.831020839
garantiegraad,koppel_laag,ziekte,WN,2,13000,1.831020839
garantiegraad,koppel_laag,ziekte,WN,2,14000,1.831020839
garantiegraad,koppel_laag,ziekte,WN,2,15000,1.831020839
garantiegraad,koppel_laag,ziekte,WN,3-6,1550,1.530088727
garantiegraad,koppel_laag,ziekte,WN,3-6,1800,1.59952967
garantiegraad,koppel_laag,ziekte,WN,3-6,2000,1.59952967
garantiegraad,koppel_laag,ziekte,WN,3-6,2250,1.646214589
garantiegraad,koppel_laag,ziekte,WN,3-6,2500,1.747545376
garantiegraad,koppel_laag,ziekte,WN,3-6,2750,1.806321628
garantiegraad,koppel_laag,ziekte,WN,3-6,3000,1.831006266
garantiegraad,koppel_laag,ziekte,WN,3-6,3250,1.831006266
garantiegraad,koppel_laag,ziekte,WN,3-6,3500,1.831006266
garantiegraad,koppel_laag,ziekte,WN,3-6,3750,1.831006266
garantiegraad,koppel_laag,ziekte,WN,3-6,4000,1.831006266
garantiegraad,koppel_laag,ziekte,WN,3-6,4250,1.831006266
garantiegraad,koppel_laag,ziekte,WN,3-6,4500,1.831006266
garantiegraad,koppel_laag,ziekte,WN,3-6,4750,1.831006266
garantiegraad,koppel_laag,ziekte,WN,3-6,5000,1.831006266
garantiegraad,koppel_laag,ziekte,WN,3-6,5250,1.831006266
garantiegraad,koppel_laag,ziekte,WN,3-6,5500,1.831006266
garantiegraad,koppel_laag,ziekte,WN,3-6,5750,1.831006266
garantiegraad,koppel_laag,ziekte,WN,3-6,6000,1.831006266
garantiegraad,koppel_laag,ziekte,WN,3-6,6250,1.831006266
garantiegraad,koppel_laag,ziekte,WN,3-6,6500,1.831006266
garantiegraad,koppel_laag,ziekte,WN,3-6,6750,1.831006266
garantiegraad,koppel_laag,ziekte,WN,3-6,7000,1.831006266
garantiegraad,koppel_laag,ziekte,WN,3-6,7500,1.831006266
garantiegraad,koppel_laag,ziekte,WN,3-6,8000,1.831006266
garantiegraad,koppel_laag,ziekte,WN,3-6,8500,1.831006266
garantiegraad,koppel_laag,ziekte,WN,3-6,9000,1.831006266
garantiegraad,koppel_laag,ziekte,WN,3-6,9500,1.831006266
garantiegraad,koppel_laag,ziekte,WN,3-6,10000,1.831006266
garantiegraad,koppel_laag,ziekte,WN,3-6,11000,1.831006266
garantiegraad,koppel_laag,ziekte,WN,3-6,12000,1.831006266
garantiegraad,koppel_laag,ziekte,WN,3-6,13000,1.831006266
garantiegraad,koppel_laag,ziekte,WN,3-6,14000,1.831006266
garantiegraad,koppel_laag,ziekte,WN,3-6,15000,1.831006266
garantiegraad,koppel_laag,ziekte,WN,7-12,1550,1.523172281
garantiegraad,koppel_laag,ziekte,WN,7-12,1800,1.51633277
garantiegraad,koppel_laag,ziekte,WN,7-12,2000,1.51633277
garantiegraad,koppel_laag,ziekte,WN,7-12,2250,1.646214589
garantiegraad,koppel_laag,ziekte,WN,7-12,2500,1.747545376
garantiegraad,koppel_laag,ziekte,WN,7-12,2750,1.806321628
garantiegraad,koppel_laag,ziekte,WN,7-12,3000,1.831006266
garantiegraad,koppel_laag,ziekte,WN,7-12,3250,1.831006266
garantiegraad,koppel_laag,ziekte,WN,7-12,3500,1.831006266
garantiegraad,koppel_laag,ziekte,WN,7-12,3750,1.831006266
garantiegraad,koppel_laag,ziekte,WN,7-12,4000,1.831006266
garantiegraad,koppel_laag,ziekte,WN,7-12,4250,1.831006266
garantiegraad,koppel_laag,ziekte,WN,7-12,4500,1.831006266
garantiegraad,koppel_laag,ziekte,WN,7-12,4750,1.831006266
garantiegraad,koppel_laag,ziekte,WN,7-12,5000,1.831006266
garantiegraad,koppel_laag,ziekte,WN,7-12,5250,1.831006266
garantiegraad,koppel_laag,ziekte,WN,7-12,5500,1.831006266
garantiegraad,koppel_laag,ziekte,WN,7-12,5750,1.831006266
garantiegraad,koppel_laag,ziekte,WN,7-12,6000,1.831006266
garantiegraad,koppel_laag,ziekte,WN,7-12,6250,1.831006266
garantiegraad,koppel_laag,ziekte,WN,7-12,6500,1.831006266
garantiegraad,koppel_laag,ziekte,WN,7-12,6750,1.831006266
garantiegraad,koppel_laag,ziekte,WN,7-12,7000,1.831006266
garantiegraad,koppel_laag,ziekte,WN,7-12,7500,1.831006266
garantiegraad,koppel_laag,ziekte,WN,7-12,8000,1.831006266
garantiegraad,koppel_laag,ziekte,WN,7-12,8500,1.831006266
garantiegraad,koppel_laag,ziekte,WN,7-12,9000,1.831006266
garantiegraad,koppel_laag,ziekte,WN,7-12,9500,1.831006266
garantiegraad,koppel_laag,ziekte,WN,7-12,10000,1.831006266
garantiegraad,koppel_laag,ziekte,WN,7-12,11000,1.831006266
garantiegraad,koppel_laag,ziekte,WN,7-12,12000,1.831006266
garantiegraad,koppel_laag,ziekte,WN,7-12,13000,1.831006266
garantiegraad,koppel_laag,ziekte,WN,7-12,14000,1.831006266
garantiegraad,koppel_laag,ziekte,WN,7-12,15000,1.831006266
garantiegraad,koppel_laag,werkloosheid,ZV100VAA,-,1550,1.600479158
garantiegraad,koppel_laag,werkloosheid,ZV100VAA,-,1800,1.600479158
garantiegraad,koppel_laag,werkloosheid,ZV100VAA,-,2000,1.600479158
garantiegraad,koppel_laag,werkloosheid,ZV100VAA,-,2250,1.600479158
garantiegraad,koppel_laag,werkloosheid,ZV100VAA,-,2500,1.600479158
garantiegraad,koppel_laag,werkloosheid,ZV100VAA,-,2750,1.600479158
garantiegraad,koppel_laag,werkloosheid,ZV100VAA,-,3000,1.600479158
garantiegraad,koppel_laag,werkloosheid,ZV100VAA,-,3250,1.600479158
garantiegraad,koppel_laag,werkloosheid,ZV100VAA,-,3500,1.600479158
garantiegraad,koppel_laag,werkloosheid,ZV100VAA,-,3750,1.600479158
garantiegraad,koppel_laag,werkloosheid,ZV100VAA,-,4000,1.600479158
garantiegraad,koppel_laag,werkloosheid,ZV100VAA,-,4250,1.600479158
garantiegraad,koppel_laag,werkloosheid,ZV100VAA,-,4500,1.600479158
garantiegraad,koppel_laag,werkloosheid,ZV100VAA,-,4750,1.600479158
garantiegraad,koppel_laag,werkloosheid,ZV100VAA,-,5000,1.600479158
garantiegraad,koppel_laag,werkloosheid,ZV100VAA,-,5250,1.600479158
garantiegraad,koppel_laag,werkloosheid,ZV100VAA,-,5500,1.600479158
garantiegraad,koppel_laag,werkloosheid,ZV100VAA,-,5750,1.600479158
garantiegraad,koppel_laag,werkloosheid,ZV100VAA,-,6000,1.600479158
garantiegraad,koppel_laag,werkloosheid,ZV100VAA,-,6250,1.600479158
garantiegraad,koppel_laag,werkloosheid,ZV100VAA,-,6500,1.600479158
garantiegraad,koppel_laag,werkloosheid,ZV100VAA,-,6750,1.600479158
garantiegraad,koppel_laag,werkloosheid,ZV100VAA,-,7000,1.600479158
garantiegraad,koppel_laag,werkloosheid,ZV100VAA,-,7500,1.600479158
garantiegraad,koppel_laag,werkloosheid,ZV100VAA,-,8000,1.600479158
garantiegraad,koppel_laag,werkloosheid,ZV100VAA,-,8500,1.600479158
garantiegraad,koppel_laag,werkloosheid,ZV100VAA,-,9000,1.600479158
garantiegraad,koppel_laag,werkloosheid,ZV100VAA,-,9500,1.600479158
garantiegraad,koppel_laag,werkloosheid,ZV100VAA,-,10000,1.600479158
garantiegraad,koppel_laag,werkloosheid,ZV100VAA,-,11000,1.600479158
garantiegraad,koppel_laag,werkloosheid,ZV100VAA,-,12000,1.600479158
garantiegraad,koppel_laag,werkloosheid,ZV100VAA,-,13000,1.600479158
garantiegraad,koppel_laag,werkloosheid,ZV100VAA,-,14000,1.600479158
garantiegraad,koppel_laag,werkloosheid,ZV100VAA,-,15000,1.600479158
garantiegraad,koppel_laag,werkloosheid,ZV100,-,1550,1.600479158
garantiegraad,koppel_laag,werkloosheid,ZV100,-,1800,1.600479158
garantiegraad,koppel_laag,werkloosheid,ZV100,-,2000,1.600479158
garantiegraad,koppel_laag,werkloosheid,ZV100,-,2250,1.600479158
garantiegraad,koppel_laag,werkloosheid,ZV100,-,2500,1.600479158
garantiegraad,koppel_laag,werkloosheid,ZV100,-,2750,1.600479158
garantiegraad,koppel_laag,werkloosheid,ZV100,-,3000,1.600479158
garantiegraad,koppel_laag,werkloosheid,ZV100,-,3250,1.600479158
garantiegraad,koppel_laag,werkloosheid,ZV100,-,3500,1.600479158
garantiegraad,koppel_laag,werkloosheid,ZV100,-,3750,1.600479158
garantiegraad,koppel_laag,werkloosheid,ZV100,-,4000,1.600479158
garantiegraad,koppel_laag,werkloosheid,ZV100,-,4250,1.600479158
garantiegraad,koppel_laag,werkloosheid,ZV100,-,4500,1.600479158
garantiegraad,koppel_laag,werkloosheid,ZV100,-,4750,1.600479158
garantiegraad,koppel_laag,werkloosheid,ZV100,-,5000,1.600479158
garantiegraad,koppel_laag,werkloosheid,ZV100,-,5250,1.600479158
garantiegraad,koppel_laag,werkloosheid,ZV100,-,5500,1.600479158
garantiegraad,koppel_laag,werkloosheid,ZV100,-,5750,1.600479158
garantiegraad,koppel_laag,werkloosheid,ZV100,-,6000,1.600479158
garantiegraad,koppel_laag,werkloosheid,ZV100,-,6250,1.600479158
garantiegraad,koppel_laag,werkloosheid,ZV100,-,6500,1.600479158
garantiegraad,koppel_laag,werkloosheid,ZV100,-,6750,1.600479158
garantiegraad,koppel_laag,werkloosheid,ZV100,-,7000,1.600479158
garantiegraad,koppel_laag,werkloosheid,ZV100,-,7500,1.600479158
garantiegraad,koppel_laag,werkloosheid,ZV100,-,8000,1.600479158
garantiegraad,koppel_laag,werkloosheid,ZV100,-,8500,1.600479158
garantiegraad,koppel_laag,werkloosheid,ZV100,-,9000,1.600479158
garantiegraad,koppel_laag,werkloosheid,ZV100,-,9500,1.600479158
garantiegraad,koppel_laag,werkloosheid,ZV100,-,10000,1.600479158
garantiegraad,koppel_laag,werkloosheid,ZV100,-,11000,1.600479158
garantiegraad,koppel_laag,werkloosheid,ZV100,-,12000,1.600479158
garantiegraad,koppel_laag,werkloosheid,ZV100,-,13000,1.600479158
garantiegraad,koppel_laag,werkloosheid,ZV100,-,14000,1.600479158
garantiegraad,koppel_laag,werkloosheid,ZV100,-,15000,1.600479158
garantiegraad,koppel_laag,werkloosheid,ZV75,-,1550,1.607319275
garantiegraad,koppel_laag,werkloosheid,ZV75,-,1800,1.600479158
garantiegraad,koppel_laag,werkloosheid,ZV75,-,2000,1.600479158
garantiegraad,koppel_laag,werkloosheid,ZV75,-,2250,1.600479158
garantiegraad,koppel_laag,werkloosheid,ZV75,-,2500,1.600479158
garantiegraad,koppel_laag,werkloosheid,ZV75,-,2750,1.600479158
garantiegraad,koppel_laag,werkloosheid,ZV75,-,3000,1.600479158
garantiegraad,koppel_laag,werkloosheid,ZV75,-,3250,1.600479158
garantiegraad,koppel_laag,werkloosheid,ZV75,-,3500,1.600479158
garantiegraad,koppel_laag,werkloosheid,ZV75,-,3750,1.600479158
garantiegraad,koppel_laag,werkloosheid,ZV75,-,4000,1.600479158
garantiegraad,koppel_laag,werkloosheid,ZV75,-,4250,1.600479158
garantiegraad,koppel_laag,werkloosheid,ZV75,-,4500,1.600479158
garantiegraad,koppel_laag,werkloosheid,ZV75,-,4750,1.600479158
garantiegraad,koppel_laag,werkloosheid,ZV75,-,5000,1.600479158
garantiegraad,koppel_laag,werkloosheid,ZV75,-,5250,1.600479158
garantiegraad,koppel_laag,werkloosheid,ZV75,-,5500,1.600479158
garantiegraad,koppel_laag,werkloosheid,ZV75,-,5750,1.600479158
garantiegraad,koppel_laag,werkloosheid,ZV75,-,6000,1.600479158
garantiegraad,koppel_laag,werkloosheid,ZV75,-,6250,1.600479158
garantiegraad,koppel_laag,werkloosheid,ZV75,-,6500,1.600479158
garantiegraad,koppel_laag,werkloosheid,ZV75,-,6750,1.600479158
garantiegraad,koppel_laag,werkloosheid,ZV75,-,7000,1.600479158
garantiegraad,koppel_laag,werkloosheid,ZV75,-,7500,1.600479158
garantiegraad,koppel_laag,werkloosheid,ZV75,-,8000,1.600479158
garantiegraad,koppel_laag,werkloosheid,ZV75,-,8500,1.600479158
garantiegraad,koppel_laag,werkloosheid,ZV75,-,9000,1.600479158
garantiegraad,koppel_laag,werkloosheid,ZV75,-,9500,1.600479158
garantiegraad,koppel_laag,werkloosheid,ZV75,-,10000,1.600479158
garantiegraad,koppel_laag,werkloosheid,ZV75,-,11000,1.600479158
garantiegraad,koppel_laag,werkloosheid,ZV75,-,12000,1.600479158
garantiegraad,koppel_laag,werkloosheid,ZV75,-,13000,1.600479158
garantiegraad,koppel_laag,werkloosheid,ZV75,-,14000,1.600479158
garantiegraad,koppel_laag,werkloosheid,ZV75,-,15000,1.600479158
garantiegraad,koppel_laag,werkloosheid,ZV50,-,1550,1.607319275
garantiegraad,koppel_laag,werkloosheid,ZV50,-,1800,1.607319275
garantiegraad,koppel_laag,werkloosheid,ZV50,-,2000,1.607319275
garantiegraad,koppel_laag,werkloosheid,ZV50,-,2250,1.607319275
garantiegraad,koppel_laag,werkloosheid,ZV50,-,2500,1.600479158
garantiegraad,koppel_laag,werkloosheid,ZV50,-,2750,1.600479158
garantiegraad,koppel_laag,werkloosheid,ZV50,-,3000,1.600479158
garantiegraad,koppel_laag,werkloosheid,ZV50,-,3250,1.600479158
garantiegraad,koppel_laag,werkloosheid,ZV50,-,3500,1.600479158
garantiegraad,koppel_laag,werkloosheid,ZV50,-,3750,1.600479158
garantiegraad,koppel_laag,werkloosheid,ZV50,-,4000,1.600479158
garantiegraad,koppel_laag,werkloosheid,ZV50,-,4250,1.600479158
garantiegraad,koppel_laag,werkloosheid,ZV50,-,4500,1.600479158
garantiegraad,koppel_laag,werkloosheid,ZV50,-,4750,1.600479158
garantiegraad,koppel_laag,werkloosheid,ZV50,-,5000,1.600479158
garantiegraad,koppel_laag,werkloosheid,ZV50,-,5250,1.600479158
garantiegraad,koppel_laag,werkloosheid,ZV50,-,5500,1.600479158
garantiegraad,koppel_laag,werkloosheid,ZV50,-,5750,1.600479158
garantiegraad,koppel_laag,werkloosheid,ZV50,-,6000,1.600479158
garantiegraad,koppel_laag,werkloosheid,ZV50,-,6250,1.600479158
garantiegraad,koppel_laag,werkloosheid,ZV50,-,6500,1.600479158
garantiegraad,koppel_laag,werkloosheid,ZV50,-,6750,1.600479158
garantiegraad,koppel_laag,werkloosheid,ZV50,-,7000,1.600479158
garantiegraad,koppel_laag,werkloosheid,ZV50,-,7500,1.600479158
garantiegraad,koppel_laag,werkloosheid,ZV50,-,8000,1.600479158
garantiegraad,koppel_laag,werkloosheid,ZV50,-,8500,1.600479158
garantiegraad,koppel_laag,werkloosheid,ZV50,-,9000,1.600479158
garantiegraad,koppel_laag,werkloosheid,ZV50,-,9500,1.600479158
garantiegraad,koppel_laag,werkloosheid,ZV50,-,10000,1.600479158
garantiegraad,koppel_laag,werkloosheid,ZV50,-,11000,1.600479158
garantiegraad,koppel_laag,werkloosheid,ZV50,-,12000,1.600479158
garantiegraad,koppel_laag,werkloosheid,ZV50,-,13000,1.600479158
garantiegraad,koppel_laag,werkloosheid,ZV50,-,14000,1.600479158
garantiegraad,koppel_laag,werkloosheid,ZV50,-,15000,1.600479158
garantiegraad,koppel_laag,werkloosheid,ZV00,-,1550,1.658452422
garantiegraad,koppel_laag,werkloosheid,ZV00,-,1800,1.658452422
garantiegraad,koppel_laag,werkloosheid,ZV00,-,2000,1.658452422
garantiegraad,koppel_laag,werkloosheid,ZV00,-,2250,1.658452422
garantiegraad,koppel_laag,werkloosheid,ZV00,-,2500,1.658452422
garantiegraad,koppel_laag,werkloosheid,ZV00,-,2750,1.658452422
garantiegraad,koppel_laag,werkloosheid,ZV00,-,3000,1.658452422
garantiegraad,koppel_laag,werkloosheid,ZV00,-,3250,1.658452422
garantiegraad,koppel_laag,werkloosheid,ZV00,-,3500,1.658452422
garantiegraad,koppel_laag,werkloosheid,ZV00,-,3750,1.658452422
garantiegraad,koppel_laag,werkloosheid,ZV00,-,4000,1.658452422
garantiegraad,koppel_laag,werkloosheid,ZV00,-,4250,1.658452422
garantiegraad,koppel_laag,werkloosheid,ZV00,-,4500,1.658452422
garantiegraad,koppel_laag,werkloosheid,ZV00,-,4750,1.658452422
garantiegraad,koppel_laag,werkloosheid,ZV00,-,5000,1.658452422
garantiegraad,koppel_laag,werkloosheid,ZV00,-,5250,1.658452422
garantiegraad,koppel_laag,werkloosheid,ZV00,-,5500,1.658452422
garantiegraad,koppel_laag,werkloosheid,ZV00,-,5750,1.658452422
garantiegraad,koppel_laag,werkloosheid,ZV00,-,6000,1.658452422
garantiegraad,koppel_laag,werkloosheid,ZV00,-,6250,1.658452422
garantiegraad,koppel_laag,werkloosheid,ZV00,-,6500,1.658452422
garantiegraad,koppel_laag,werkloosheid,ZV00,-,6750,1.658452422
garantiegraad,koppel_laag,werkloosheid,ZV00,-,7000,1.658452422
garantiegraad,koppel_laag,werkloosheid,ZV00,-,7500,1.658452422
garantiegraad,koppel_laag,werkloosheid,ZV00,-,8000,1.658452422
garantiegraad,koppel_laag,werkloosheid,ZV00,-,8500,1.658452422
garantiegraad,koppel_laag,werkloosheid,ZV00,-,9000,1.658452422
garantiegraad,koppel_laag,werkloosheid,ZV00,-,9500,1.658452422
garantiegraad,koppel_laag,werkloosheid,ZV00,-,10000,1.658452422
garantiegraad,koppel_laag,werkloosheid,ZV00,-,11000,1.658452422
garantiegraad,koppel_laag,werkloosheid,ZV00,-,12000,1.658452422
garantiegraad,koppel_laag,werkloosheid,ZV00,-,13000,1.658452422
garantiegraad,koppel_laag,werkloosheid,ZV00,-,14000,1.658452422
garantiegraad,koppel_laag,werkloosheid,ZV00,-,15000,1.658452422
garantiegraad,koppel_laag,werkloosheid,ZE,-,1550,1.600479158
garantiegraad,koppel_laag,werkloosheid,ZE,-,1800,1.600479158
garantiegraad,koppel_laag,werkloosheid,ZE,-,2000,1.600479158
garantiegraad,koppel_laag,werkloosheid,ZE,-,2250,1.600479158
garantiegraad,koppel_laag,werkloosheid,ZE,-,2500,1.600479158
garantiegraad,koppel_laag,werkloosheid,ZE,-,2750,1.600479158
garantiegraad,koppel_laag,werkloosheid,ZE,-,3000,1.600479158
garantiegraad,koppel_laag,werkloosheid,ZE,-,3250,1.600479158
garantiegraad,koppel_laag,werkloosheid,ZE,-,3500,1.600479158
garantiegraad,koppel_laag,werkloosheid,ZE,-,3750,1.600479158
garantiegraad,koppel_laag,werkloosheid,ZE,-,4000,1.600479158
garantiegraad,koppel_laag,werkloosheid,ZE,-,4250,1.600479158
garantiegraad,koppel_laag,werkloosheid,ZE,-,4500,1.600479158
garantiegraad,koppel_laag,werkloosheid,ZE,-,4750,1.600479158
garantiegraad,koppel_laag,werkloosheid,ZE,-,5000,1.600479158
garantiegraad,koppel_laag,werkloosheid,ZE,-,5250,1.600479158
garantiegraad,koppel_laag,werkloosheid,ZE,-,5500,1.600479158
garantiegraad,koppel_laag,werkloosheid,ZE,-,5750,1.600479158
garantiegraad,koppel_laag,werkloosheid,ZE,-,6000,1.600479158
garantiegraad,koppel_laag,werkloosheid,ZE,-,6250,1.600479158
garantiegraad,koppel_laag,werkloosheid,ZE,-,6500,1.600479158
garantiegraad,koppel_laag,werkloosheid,ZE,-,6750,1.600479158
garantiegraad,koppel_laag,werkloosheid,ZE,-,7000,1.600479158
garantiegraad,koppel_laag,werkloosheid,ZE,-,7500,1.600479158
garantiegraad,koppel_laag,werkloosheid,ZE,-,8000,1.600479158
garantiegraad,koppel_laag,werkloosheid,ZE,-,8500,1.600479158
garantiegraad,koppel_laag,werkloosheid,ZE,-,9000,1.600479158
garantiegraad,koppel_laag,werkloosheid,ZE,-,9500,1.600479158
garantiegraad,koppel_laag,werkloosheid,ZE,-,10000,1.600479158
garantiegraad,koppel_laag,werkloosheid,ZE,-,11000,1.600479158
garantiegraad,koppel_laag,werkloosheid,ZE,-,12000,1.600479158
garantiegraad,koppel_laag,werkloosheid,ZE,-,13000,1.600479158
garantiegraad,koppel_laag,werkloosheid,ZE,-,14000,1.600479158
garantiegraad,koppel_laag,werkloosheid,ZE,-,15000,1.600479158
garantiegraad,koppel_laag,werkloosheid,WN,1-3,1550,1.515702526
garantiegraad,koppel_laag,werkloosheid,WN,1-3,1800,1.508863015
garantiegraad,koppel_laag,werkloosheid,WN,1-3,2000,1.508863015
garantiegraad,koppel_laag,werkloosheid,WN,1-3,2250,1.649828824
garantiegraad,koppel_laag,werkloosheid,WN,1-3,2500,1.704626267
garantiegraad,koppel_laag,werkloosheid,WN,1-3,2750,1.704626267
garantiegraad,koppel_laag,werkloosheid,WN,1-3,3000,1.704626267
garantiegraad,koppel_laag,werkloosheid,WN,1-3,3250,1.704626267
garantiegraad,koppel_laag,werkloosheid,WN,1-3,3500,1.704626267
garantiegraad,koppel_laag,werkloosheid,WN,1-3,3750,1.704626267
garantiegraad,koppel_laag,werkloosheid,WN,1-3,4000,1.704626267
garantiegraad,koppel_laag,werkloosheid,WN,1-3,4250,1.704626267
garantiegraad,koppel_laag,werkloosheid,WN,1-3,4500,1.704626267
garantiegraad,koppel_laag,werkloosheid,WN,1-3,4750,1.704626267
garantiegraad,koppel_laag,werkloosheid,WN,1-3,5000,1.704626267
garantiegraad,koppel_laag,werkloosheid,WN,1-3,5250,1.704626267
garantiegraad,koppel_laag,werkloosheid,WN,1-3,5500,1.704626267
garantiegraad,koppel_laag,werkloosheid,WN,1-3,5750,1.704626267
garantiegraad,koppel_laag,werkloosheid,WN,1-3,6000,1.704626267
garantiegraad,koppel_laag,werkloosheid,WN,1-3,6250,1.704626267
garantiegraad,koppel_laag,werkloosheid,WN,1-3,6500,1.704626267
garantiegraad,koppel_laag,werkloosheid,WN,1-3,6750,1.704626267
garantiegraad,koppel_laag,werkloosheid,WN,1-3,7000,1.704626267
garantiegraad,koppel_laag,werkloosheid,WN,1-3,7500,1.704626267
garantiegraad,koppel_laag,werkloosheid,WN,1-3,8000,1.704626267
garantiegraad,koppel_laag,werkloosheid,WN,1-3,8500,1.704626267
garantiegraad,koppel_laag,werkloosheid,WN,1-3,9000,1.704626267
garantiegraad,koppel_laag,werkloosheid,WN,1-3,9500,1.704626267
garantiegraad,koppel_laag,werkloosheid,WN,1-3,10000,1.704626267
garantiegraad,koppel_laag,werkloosheid,WN,1-3,11000,1.704626267
garantiegraad,koppel_laag,werkloosheid,WN,1-3,12000,1.704626267
garantiegraad,koppel_laag,werkloosheid,WN,1-3,13000,1.704626267
garantiegraad,koppel_laag,werkloosheid,WN,1-3,14000,1.704626267
garantiegraad,koppel_laag,werkloosheid,WN,1-3,15000,1.704626267
garantiegraad,koppel_laag,werkloosheid,WN,4-6,1550,1.486868198
garantiegraad,koppel_laag,werkloosheid,WN,4-6,1800,1.480028686
garantiegraad,koppel_laag,werkloosheid,WN,4-6,2000,1.480028686
garantiegraad,koppel_laag,werkloosheid,WN,4-6,2250,1.622385069
garantiegraad,koppel_laag,werkloosheid,WN,4-6,2500,1.672975399
garantiegraad,koppel_laag,werkloosheid,WN,4-6,2750,1.672975399
garantiegraad,koppel_laag,werkloosheid,WN,4-6,3000,1.672975399
garantiegraad,koppel_laag,werkloosheid,WN,4-6,3250,1.672975399
garantiegraad,koppel_laag,werkloosheid,WN,4-6,3500,1.672975399
garantiegraad,koppel_laag,werkloosheid,WN,4-6,3750,1.672975399
garantiegraad,koppel_laag,werkloosheid,WN,4-6,4000,1.672975399
garantiegraad,koppel_laag,werkloosheid,WN,4-6,4250,1.672975399
garantiegraad,koppel_laag,werkloosheid,WN,4-6,4500,1.672975399
garantiegraad,koppel_laag,werkloosheid,WN,4-6,4750,1.672975399
garantiegraad,koppel_laag,werkloosheid,WN,4-6,5000,1.672975399
garantiegraad,koppel_laag,werkloosheid,WN,4-6,5250,1.672975399
garantiegraad,koppel_laag,werkloosheid,WN,4-6,5500,1.672975399
garantiegraad,koppel_laag,werkloosheid,WN,4-6,5750,1.672975399
garantiegraad,koppel_laag,werkloosheid,WN,4-6,6000,1.672975399
garantiegraad,koppel_laag,werkloosheid,WN,4-6,6250,1.672975399
garantiegraad,koppel_laag,werkloosheid,WN,4-6,6500,1.672975399
garantiegraad,koppel_laag,werkloosheid,WN,4-6,6750,1.672975399
garantiegraad,koppel_laag,werkloosheid,WN,4-6,7000,1.672975399
garantiegraad,koppel_laag,werkloosheid,WN,4-6,7500,1.672975399
garantiegraad,koppel_laag,werkloosheid,WN,4-6,8000,1.672975399
garantiegraad,koppel_laag,werkloosheid,WN,4-6,8500,1.672975399
garantiegraad,koppel_laag,werkloosheid,WN,4-6,9000,1.672975399
garantiegraad,koppel_laag,werkloosheid,WN,4-6,9500,1.672975399
garantiegraad,koppel_laag,werkloosheid,WN,4-6,10000,1.672975399
garantiegraad,koppel_laag,werkloosheid,WN,4-6,11000,1.672975399
garantiegraad,koppel_laag,werkloosheid,WN,4-6,12000,1.672975399
garantiegraad,koppel_laag,werkloosheid,WN,4-6,13000,1.672975399
garantiegraad,koppel_laag,werkloosheid,WN,4-6,14000,1.672975399
garantiegraad,koppel_laag,werkloosheid,WN,4-6,15000,1.672975399
garantiegraad,koppel_laag,werkloosheid,WN,7-12,1550,1.486868198
garantiegraad,koppel_laag,werkloosheid,WN,7-12,1800,1.480028686
garantiegraad,koppel_laag,werkloosheid,WN,7-12,2000,1.480028686
garantiegraad,koppel_laag,werkloosheid,WN,7-12,2250,1.622385069
garantiegraad,koppel_laag,werkloosheid,WN,7-12,2500,1.647145426
garantiegraad,koppel_laag,werkloosheid,WN,7-12,2750,1.647145426
garantiegraad,koppel_laag,werkloosheid,WN,7-12,3000,1.647145426
garantiegraad,koppel_laag,werkloosheid,WN,7-12,3250,1.647145426
garantiegraad,koppel_laag,werkloosheid,WN,7-12,3500,1.647145426
garantiegraad,koppel_laag,werkloosheid,WN,7-12,3750,1.647145426
garantiegraad,koppel_laag,werkloosheid,WN,7-12,4000,1.647145426
garantiegraad,koppel_laag,werkloosheid,WN,7-12,4250,1.647145426
garantiegraad,koppel_laag,werkloosheid,WN,7-12,4500,1.647145426
garantiegraad,koppel_laag,werkloosheid,WN,7-12,4750,1.647145426
garantiegraad,koppel_laag,werkloosheid,WN,7-12,5000,1.647145426
garantiegraad,koppel_laag,werkloosheid,WN,7-12,5250,1.647145426
garantiegraad,koppel_laag,werkloosheid,WN,7-12,5500,1.647145426
garantiegraad,koppel_laag,werkloosheid,WN,7-12,5750,1.647145426
garantiegraad,koppel_laag,werkloosheid,WN,7-12,6000,1.647145426
garantiegraad,koppel_laag,werkloosheid,WN,7-12,6250,1.647145426
garantiegraad,koppel_laag,werkloosheid,WN,7-12,6500,1.647145426
garantiegraad,koppel_laag,werkloosheid,WN,7-12,6750,1.647145426
garantiegraad,koppel_laag,werkloosheid,WN,7-12,7000,1.647145426
garantiegraad,koppel_laag,werkloosheid,WN,7-12,7500,1.647145426
garantiegraad,koppel_laag,werkloosheid,WN,7-12,8000,1.647145426
garantiegraad,koppel_laag,werkloosheid,WN,7-12,8500,1.647145426
garantiegraad,koppel_laag,werkloosheid,WN,7-12,9000,1.647145426
garantiegraad,koppel_laag,werkloosheid,WN,7-12,9500,1.647145426
garantiegraad,koppel_laag,werkloosheid,WN,7-12,10000,1.647145426
garantiegraad,koppel_laag,werkloosheid,WN,7-12,11000,1.647145426
garantiegraad,koppel_laag,werkloosheid,WN,7-12,12000,1.647145426
garantiegraad,koppel_laag,werkloosheid,WN,7-12,13000,1.647145426
garantiegraad,koppel_laag,werkloosheid,WN,7-12,14000,1.647145426
garantiegraad,koppel_laag,werkloosheid,WN,7-12,15000,1.647145426
garantiegraad,koppel_gem,ziekte,ZV100VAA,-,1550,1.703403781
garantiegraad,koppel_gem,ziekte,ZV100VAA,-,1800,1.703403781
garantiegraad,koppel_gem,ziekte,ZV100VAA,-,2000,1.703403781
garantiegraad,koppel_gem,ziekte,ZV100VAA,-,2250,1.703403781
garantiegraad,koppel_gem,ziekte,ZV100VAA,-,2500,1.703403781
garantiegraad,koppel_gem,ziekte,ZV100VAA,-,2750,1.703403781
garantiegraad,koppel_gem,ziekte,ZV100VAA,-,3000,1.703403781
garantiegraad,koppel_gem,ziekte,ZV100VAA,-,3250,1.703403781
garantiegraad,koppel_gem,ziekte,ZV100VAA,-,3500,1.703403781
garantiegraad,koppel_gem,ziekte,ZV100VAA,-,3750,1.703403781
garantiegraad,koppel_gem,ziekte,ZV100VAA,-,4000,1.703403781
garantiegraad,koppel_gem,ziekte,ZV100VAA,-,4250,1.703403781
garantiegraad,koppel_gem,ziekte,ZV100VAA,-,4500,1.703403781
garantiegraad,koppel_gem,ziekte,ZV100VAA,-,4750,1.703403781
garantiegraad,koppel_gem,ziekte,ZV100VAA,-,5000,1.703403781
garantiegraad,koppel_gem,ziekte,ZV100VAA,-,5250,1.703403781
garantiegraad,koppel_gem,ziekte,ZV100VAA,-,5500,1.703403781
garantiegraad,koppel_gem,ziekte,ZV100VAA,-,5750,1.703403781
garantiegraad,koppel_gem,ziekte,ZV100VAA,-,6000,1.703403781
garantiegraad,koppel_gem,ziekte,ZV100VAA,-,6250,1.703403781
garantiegraad,koppel_gem,ziekte,ZV100VAA,-,6500,1.703403781
garantiegraad,koppel_gem,ziekte,ZV100VAA,-,6750,1.703403781
garantiegraad,koppel_gem,ziekte,ZV100VAA,-,7000,1.703403781
garantiegraad,koppel_gem,ziekte,ZV100VAA,-,7500,1.703403781
garantiegraad,koppel_gem,ziekte,ZV100VAA,-,8000,1.703403781
garantiegraad,koppel_gem,ziekte,ZV100VAA,-,8500,1.703403781
garantiegraad,koppel_gem,ziekte,ZV100VAA,-,9000,1.703403781
garantiegraad,koppel_gem,ziekte,ZV100VAA,-,9500,1.703403781
garantiegraad,koppel_gem,ziekte,ZV100VAA,-,10000,1.703403781
garantiegraad,koppel_gem,ziekte,ZV100VAA,-,11000,1.703403781
garantiegraad,koppel_gem,ziekte,ZV100VAA,-,12000,1.703403781
garantiegraad,koppel_gem,ziekte,ZV100VAA,-,13000,1.703403781
garantiegraad,koppel_gem,ziekte,ZV100VAA,-,14000,1.703403781
garantiegraad,koppel_gem,ziekte,ZV100VAA,-,15000,1.703403781
garantiegraad,koppel_gem,ziekte,ZV100,-,1550,1.703403781
garantiegraad,koppel_gem,ziekte,ZV100,-,1800,1.703403781
garantiegraad,koppel_gem,ziekte,ZV100,-,2000,1.703403781
garantiegraad,koppel_gem,ziekte,ZV100,-,2250,1.703403781
garantiegraad,koppel_gem,ziekte,ZV100,-,2500,1.703403781
garantiegraad,koppel_gem,ziekte,ZV100,-,2750,1.703403781
garantiegraad,koppel_gem,ziekte,ZV100,-,3000,1.703403781
garantiegraad,koppel_gem,ziekte,ZV100,-,3250,1.703403781
garantiegraad,koppel_gem,ziekte,ZV100,-,3500,1.703403781
garantiegraad,koppel_gem,ziekte,ZV100,-,3750,1.703403781
garantiegraad,koppel_gem,ziekte,ZV100,-,4000,1.703403781
garantiegraad,koppel_gem,ziekte,ZV100,-,4250,1.703403781
garantiegraad,koppel_gem,ziekte,ZV100,-,4500,1.703403781
garantiegraad,koppel_gem,ziekte,ZV100,-,4750,1.703403781
garantiegraad,koppel_gem,ziekte,ZV100,-,5000,1.703403781
garantiegraad,koppel_gem,ziekte,ZV100,-,5250,1.703403781
garantiegraad,koppel_gem,ziekte,ZV100,-,5500,1.703403781
garantiegraad,koppel_gem,ziekte,ZV100,-,5750,1.703403781
garantiegraad,koppel_gem,ziekte,ZV100,-,6000,1.703403781
garantiegraad,koppel_gem,ziekte,ZV100,-,6250,1.703403781
garantiegraad,koppel_gem,ziekte,ZV100,-,6500,1.703403781
garantiegraad,koppel_gem,ziekte,ZV100,-,6750,1.703403781
garantiegraad,koppel_gem,ziekte,ZV100,-,7000,1.703403781
garantiegraad,koppel_gem,ziekte,ZV100,-,7500,1.703403781
garantiegraad,koppel_gem,ziekte,ZV100,-,8000,1.703403781
garantiegraad,koppel_gem,ziekte,ZV100,-,8500,1.703403781
garantiegraad,koppel_gem,ziekte,ZV100,-,9000,1.703403781
garantiegraad,koppel_gem,ziekte,ZV100,-,9500,1.703403781
garantiegraad,koppel_gem,ziekte,ZV100,-,10000,1.703403781
garantiegraad,koppel_gem,ziekte,ZV100,-,11000,1.703403781
garantiegraad,koppel_gem,ziekte,ZV100,-,12000,1.703403781
garantiegraad,koppel_gem,ziekte,ZV100,-,13000,1.703403781
garantiegraad,koppel_gem,ziekte,ZV100,-,14000,1.703403781
garantiegraad,koppel_gem,ziekte,ZV100,-,15000,1.703403781
garantiegraad,koppel_gem,ziekte,ZV75,-,1550,1.703403781
garantiegraad,koppel_gem,ziekte,ZV75,-,1800,1.703403781
garantiegraad,koppel_gem,ziekte,ZV75,-,2000,1.703403781
garantiegraad,koppel_gem,ziekte,ZV75,-,2250,1.703403781
garantiegraad,koppel_gem,ziekte,ZV75,-,2500,1.703403781
garantiegraad,koppel_gem,ziekte,ZV75,-,2750,1.703403781
garantiegraad,koppel_gem,ziekte,ZV75,-,3000,1.703403781
garantiegraad,koppel_gem,ziekte,ZV75,-,3250,1.703403781
garantiegraad,koppel_gem,ziekte,ZV75,-,3500,1.703403781
garantiegraad,koppel_gem,ziekte,ZV75,-,3750,1.703403781
garantiegraad,koppel_gem,ziekte,ZV75,-,4000,1.703403781
garantiegraad,koppel_gem,ziekte,ZV75,-,4250,1.703403781
garantiegraad,koppel_gem,ziekte,ZV75,-,4500,1.703403781
garantiegraad,koppel_gem,ziekte,ZV75,-,4750,1.703403781
garantiegraad,koppel_gem,ziekte,ZV75,-,5000,1.703403781
garantiegraad,koppel_gem,ziekte,ZV75,-,5250,1.703403781
garantiegraad,koppel_gem,ziekte,ZV75,-,5500,1.703403781
garantiegraad,koppel_gem,ziekte,ZV75,-,5750,1.703403781
garantiegraad,koppel_gem,ziekte,ZV75,-,6000,1.703403781
garantiegraad,koppel_gem,ziekte,ZV75,-,6250,1.703403781
garantiegraad,koppel_gem,ziekte,ZV75,-,6500,1.703403781
garantiegraad,koppel_gem,ziekte,ZV75,-,6750,1.703403781
garantiegraad,koppel_gem,ziekte,ZV75,-,7000,1.703403781
garantiegraad,koppel_gem,ziekte,ZV75,-,7500,1.703403781
garantiegraad,koppel_gem,ziekte,ZV75,-,8000,1.703403781
garantiegraad,koppel_gem,ziekte,ZV75,-,8500,1.703403781
garantiegraad,koppel_gem,ziekte,ZV75,-,9000,1.703403781
garantiegraad,koppel_gem,ziekte,ZV75,-,9500,1.703403781
garantiegraad,koppel_gem,ziekte,ZV75,-,10000,1.703403781
garantiegraad,koppel_gem,ziekte,ZV75,-,11000,1.703403781
garantiegraad,koppel_gem,ziekte,ZV75,-,12000,1.703403781
garantiegraad,koppel_gem,ziekte,ZV75,-,13000,1.703403781
garantiegraad,koppel_gem,ziekte,ZV75,-,14000,1.703403781
garantiegraad,koppel_gem,ziekte,ZV75,-,15000,1.703403781
garantiegraad,koppel_gem,ziekte,ZV50,-,1550,1.703403781
garantiegraad,koppel_gem,ziekte,ZV50,-,1800,1.703403781
garantiegraad,koppel_gem,ziekte,ZV50,-,2000,1.703403781
garantiegraad,koppel_gem,ziekte,ZV50,-,2250,1.703403781
garantiegraad,koppel_gem,ziekte,ZV50,-,2500,1.703403781
garantiegraad,koppel_gem,ziekte,ZV50,-,2750,1.703403781
garantiegraad,koppel_gem,ziekte,ZV50,-,3000,1.703403781
garantiegraad,koppel_gem,ziekte,ZV50,-,3250,1.703403781
garantiegraad,koppel_gem,ziekte,ZV50,-,3500,1.703403781
garantiegraad,koppel_gem,ziekte,ZV50,-,3750,1.703403781
garantiegraad,koppel_gem,ziekte,ZV50,-,4000,1.703403781
garantiegraad,koppel_gem,ziekte,ZV50,-,4250,1.703403781
garantiegraad,koppel_gem,ziekte,ZV50,-,4500,1.703403781
garantiegraad,koppel_gem,ziekte,ZV50,-,4750,1.703403781
garantiegraad,koppel_gem,ziekte,ZV50,-,5000,1.703403781
garantiegraad,koppel_gem,ziekte,ZV50,-,5250,1.703403781
garantiegraad,koppel_gem,ziekte,ZV50,-,5500,1.703403781
garantiegraad,koppel_gem,ziekte,ZV50,-,5750,1.703403781
garantiegraad,koppel_gem,ziekte,ZV50,-,6000,1.703403781
garantiegraad,koppel_gem,ziekte,ZV50,-,6250,1.703403781
garantiegraad,koppel_gem,ziekte,ZV50,-,6500,1.703403781
garantiegraad,koppel_gem,ziekte,ZV50,-,6750,1.703403781
garantiegraad,koppel_gem,ziekte,ZV50,-,7000,1.703403781
garantiegraad,koppel_gem,ziekte,ZV50,-,7500,1.703403781
garantiegraad,koppel_gem,ziekte,ZV50,-,8000,1.703403781
garantiegraad,koppel_gem,ziekte,ZV50,-,8500,1.703403781
garantiegraad,koppel_gem,ziekte,ZV50,-,9000,1.703403781
garantiegraad,koppel_gem,ziekte,ZV50,-,9500,1.703403781
garantiegraad,koppel_gem,ziekte,ZV50,-,10000,1.703403781
garantiegraad,koppel_gem,ziekte,ZV50,-,11000,1.703403781
garantiegraad,koppel_gem,ziekte,ZV50,-,12000,1.703403781
garantiegraad,koppel_gem,ziekte,ZV50,-,13000,1.703403781
garantiegraad,koppel_gem,ziekte,ZV50,-,14000,1.703403781
garantiegraad,koppel_gem,ziekte,ZV50,-,15000,1.703403781
garantiegraad,koppel_gem,ziekte,ZV00,-,1550,1.710243897
garantiegraad,koppel_gem,ziekte,ZV00,-,1800,1.710243897
garantiegraad,koppel_gem,ziekte,ZV00,-,2000,1.710243897
garantiegraad,koppel_gem,ziekte,ZV00,-,2250,1.710243897
garantiegraad,koppel_gem,ziekte,ZV00,-,2500,1.710243897
garantiegraad,koppel_gem,ziekte,ZV00,-,2750,1.710243897
garantiegraad,koppel_gem,ziekte,ZV00,-,3000,1.710243897
garantiegraad,koppel_gem,ziekte,ZV00,-,3250,1.710243897
garantiegraad,koppel_gem,ziekte,ZV00,-,3500,1.710243897
garantiegraad,koppel_gem,ziekte,ZV00,-,3750,1.710243897
garantiegraad,koppel_gem,ziekte,ZV00,-,4000,1.710243897
garantiegraad,koppel_gem,ziekte,ZV00,-,4250,1.710243897
garantiegraad,koppel_gem,ziekte,ZV00,-,4500,1.710243897
garantiegraad,koppel_gem,ziekte,ZV00,-,4750,1.710243897
garantiegraad,koppel_gem,ziekte,ZV00,-,5000,1.710243897
garantiegraad,koppel_gem,ziekte,ZV00,-,5250,1.710243897
garantiegraad,koppel_gem,ziekte,ZV00,-,5500,1.710243897
garantiegraad,koppel_gem,ziekte,ZV00,-,5750,1.710243897
garantiegraad,koppel_gem,ziekte,ZV00,-,6000,1.710243897
garantiegraad,koppel_gem,ziekte,ZV00,-,6250,1.710243897
garantiegraad,koppel_gem,ziekte,ZV00,-,6500,1.710243897
garantiegraad,koppel_gem,ziekte,ZV00,-,6750,1.710243897
garantiegraad,koppel_gem,ziekte,ZV00,-,7000,1.710243897
garantiegraad,koppel_gem,ziekte,ZV00,-,7500,1.710243897
garantiegraad,koppel_gem,ziekte,ZV00,-,8000,1.710243897
garantiegraad,koppel_gem,ziekte,ZV00,-,8500,1.710243897
garantiegraad,koppel_gem,ziekte,ZV00,-,9000,1.710243897
garantiegraad,koppel_gem,ziekte,ZV00,-,9500,1.710243897
garantiegraad,koppel_gem,ziekte,ZV00,-,10000,1.710243897
garantiegraad,koppel_gem,ziekte,ZV00,-,11000,1.710243897
garantiegraad,koppel_gem,ziekte,ZV00,-,12000,1.710243897
garantiegraad,koppel_gem,ziekte,ZV00,-,13000,1.710243897
garantiegraad,koppel_gem,ziekte,ZV00,-,14000,1.710243897
garantiegraad,koppel_gem,ziekte,ZV00,-,15000,1.710243897
garantiegraad,koppel_gem,ziekte,ZE,-,1550,1.703403781
garantiegraad,koppel_gem,ziekte,ZE,-,1800,1.703403781
garantiegraad,koppel_gem,ziekte,ZE,-,2000,1.703403781
garantiegraad,koppel_gem,ziekte,ZE,-,2250,1.703403781
garantiegraad,koppel_gem,ziekte,ZE,-,2500,1.703403781
garantiegraad,koppel_gem,ziekte,ZE,-,2750,1.703403781
garantiegraad,koppel_gem,ziekte,ZE,-,3000,1.703403781
garantiegraad,koppel_gem,ziekte,ZE,-,3250,1.703403781
garantiegraad,koppel_gem,ziekte,ZE,-,3500,1.703403781
garantiegraad,koppel_gem,ziekte,ZE,-,3750,1.703403781
garantiegraad,koppel_gem,ziekte,ZE,-,4000,1.703403781
garantiegraad,koppel_gem,ziekte,ZE,-,4250,1.703403781
garantiegraad,koppel_gem,ziekte,ZE,-,4500,1.703403781
garantiegraad,koppel_gem,ziekte,ZE,-,4750,1.703403781
garantiegraad,koppel_gem,ziekte,ZE,-,5000,1.703403781
garantiegraad,koppel_gem,ziekte,ZE,-,5250,1.703403781
garantiegraad,koppel_gem,ziekte,ZE,-,5500,1.703403781
garantiegraad,koppel_gem,ziekte,ZE,-,5750,1.703403781
garantiegraad,koppel_gem,ziekte,ZE,-,6000,1.703403781
garantiegraad,koppel_gem,ziekte,ZE,-,6250,1.703403781
garantiegraad,koppel_gem,ziekte,ZE,-,6500,1.703403781
garantiegraad,koppel_gem,ziekte,ZE,-,6750,1.703403781
garantiegraad,koppel_gem,ziekte,ZE,-,7000,1.703403781
garantiegraad,koppel_gem,ziekte,ZE,-,7500,1.703403781
garantiegraad,koppel_gem,ziekte,ZE,-,8000,1.703403781
garantiegraad,koppel_gem,ziekte,ZE,-,8500,1.703403781
garantiegraad,koppel_gem,ziekte,ZE,-,9000,1.703403781
garantiegraad,koppel_gem,ziekte,ZE,-,9500,1.703403781
garantiegraad,koppel_gem,ziekte,ZE,-,10000,1.703403781
garantiegraad,koppel_gem,ziekte,ZE,-,11000,1.703403781
garantiegraad,koppel_gem,ziekte,ZE,-,12000,1.703403781
garantiegraad,koppel_gem,ziekte,ZE,-,13000,1.703403781
garantiegraad,koppel_gem,ziekte,ZE,-,14000,1.703403781
garantiegraad,koppel_gem,ziekte,ZE,-,15000,1.703403781
garantiegraad,koppel_gem,ziekte,WN,2,1550,1.564040411
garantiegraad,koppel_gem,ziekte,WN,2,1800,1.633718572
garantiegraad,koppel_gem,ziekte,WN,2,2000,1.703396734
garantiegraad,koppel_gem,ziekte,WN,2,2250,1.886134218
garantiegraad,koppel_gem,ziekte,WN,2,2500,1.987465006
garantiegraad,koppel_gem,ziekte,WN,2,2750,2.046241258
garantiegraad,koppel_gem,ziekte,WN,2,3000,2.070940468
garantiegraad,koppel_gem,ziekte,WN,2,3250,2.070940468
garantiegraad,koppel_gem,ziekte,WN,2,3500,2.070940468
garantiegraad,koppel_gem,ziekte,WN,2,3750,2.070940468
garantiegraad,koppel_gem,ziekte,WN,2,4000,2.070940468
garantiegraad,koppel_gem,ziekte,WN,2,4250,2.070940468
garantiegraad,koppel_gem,ziekte,WN,2,4500,2.070940468
garantiegraad,koppel_gem,ziekte,WN,2,4750,2.070940468
garantiegraad,koppel_gem,ziekte,WN,2,5000,2.070940468
garantiegraad,koppel_gem,ziekte,WN,2,5250,2.070940468
garantiegraad,koppel_gem,ziekte,WN,2,5500,2.070940468
garantiegraad,koppel_gem,ziekte,WN,2,5750,2.070940468
garantiegraad,koppel_gem,ziekte,WN,2,6000,2.070940468
garantiegraad,koppel_gem,ziekte,WN,2,6250,2.070940468
garantiegraad,koppel_gem,ziekte,WN,2,6500,2.070940468
garantiegraad,koppel_gem,ziekte,WN,2,6750,2.070940468
garantiegraad,koppel_gem,ziekte,WN,2,7000,2.070940468
garantiegraad,koppel_gem,ziekte,WN,2,7500,2.070940468
garantiegraad,koppel_gem,ziekte,WN,2,8000,2.070940468
garantiegraad,koppel_gem,ziekte,WN,2,8500,2.070940468
garantiegraad,koppel_gem,ziekte,WN,2,9000,2.070940468
garantiegraad,koppel_gem,ziekte,WN,2,9500,2.070940468
garantiegraad,koppel_gem,ziekte,WN,2,10000,2.070940468
garantiegraad,koppel_gem,ziekte,WN,2,11000,2.070940468
garantiegraad,koppel_gem,ziekte,WN,2,12000,2.070940468
garantiegraad,koppel_gem,ziekte,WN,2,13000,2.070940468
garantiegraad,koppel_gem,ziekte,WN,2,14000,2.070940468
garantiegraad,koppel_gem,ziekte,WN,2,15000,2.070940468
garantiegraad,koppel_gem,ziekte,WN,3-6,1550,1.763168845
garantiegraad,koppel_gem,ziekte,WN,3-6,1800,1.8394493
garantiegraad,koppel_gem,ziekte,WN,3-6,2000,1.8394493
garantiegraad,koppel_gem,ziekte,WN,3-6,2250,1.886134218
garantiegraad,koppel_gem,ziekte,WN,3-6,2500,1.987465006
garantiegraad,koppel_gem,ziekte,WN,3-6,2750,2.046241258
garantiegraad,koppel_gem,ziekte,WN,3-6,3000,2.070925896
garantiegraad,koppel_gem,ziekte,WN,3-6,3250,2.070925896
garantiegraad,koppel_gem,ziekte,WN,3-6,3500,2.070925896
garantiegraad,koppel_gem,ziekte,WN,3-6,3750,2.070925896
garantiegraad,koppel_gem,ziekte,WN,3-6,4000,2.070925896
garantiegraad,koppel_gem,ziekte,WN,3-6,4250,2.070925896
garantiegraad,koppel_gem,ziekte,WN,3-6,4500,2.070925896
garantiegraad,koppel_gem,ziekte,WN,3-6,4750,2.070925896
garantiegraad,koppel_gem,ziekte,WN,3-6,5000,2.070925896
garantiegraad,koppel_gem,ziekte,WN,3-6,5250,2.070925896
garantiegraad,koppel_gem,ziekte,WN,3-6,5500,2.070925896
garantiegraad,koppel_gem,ziekte,WN,3-6,5750,2.070925896
garantiegraad,koppel_gem,ziekte,WN,3-6,6000,2.070925896
garantiegraad,koppel_gem,ziekte,WN,3-6,6250,2.070925896
garantiegraad,koppel_gem,ziekte,WN,3-6,6500,2.070925896
garantiegraad,koppel_gem,ziekte,WN,3-6,6750,2.070925896
garantiegraad,koppel_gem,ziekte,WN,3-6,7000,2.070925896
garantiegraad,koppel_gem,ziekte,WN,3-6,7500,2.070925896
garantiegraad,koppel_gem,ziekte,WN,3-6,8000,2.070925896
garantiegraad,koppel_gem,ziekte,WN,3-6,8500,2.070925896
garantiegraad,koppel_gem,ziekte,WN,3-6,9000,2.070925896
garantiegraad,koppel_gem,ziekte,WN,3-6,9500,2.070925896
garantiegraad,koppel_gem,ziekte,WN,3-6,10000,2.070925896
garantiegraad,koppel_gem,ziekte,WN,3-6,11000,2.070925896
garantiegraad,koppel_gem,ziekte,WN,3-6,12000,2.070925896
garantiegraad,koppel_gem,ziekte,WN,3-6,13000,2.070925896
garantiegraad,koppel_gem,ziekte,WN,3-6,14000,2.070925896
garantiegraad,koppel_gem,ziekte,WN,3-6,15000,2.070925896
garantiegraad,koppel_gem,ziekte,WN,7-12,1550,1.756252399
garantiegraad,koppel_gem,ziekte,WN,7-12,1800,1.756252399
garantiegraad,koppel_gem,ziekte,WN,7-12,2000,1.756252399
garantiegraad,koppel_gem,ziekte,WN,7-12,2250,1.886134218
garantiegraad,koppel_gem,ziekte,WN,7-12,2500,1.987465006
garantiegraad,koppel_gem,ziekte,WN,7-12,2750,2.046241258
garantiegraad,koppel_gem,ziekte,WN,7-12,3000,2.070925896
garantiegraad,koppel_gem,ziekte,WN,7-12,3250,2.070925896
garantiegraad,koppel_gem,ziekte,WN,7-12,3500,2.070925896
garantiegraad,koppel_gem,ziekte,WN,7-12,3750,2.070925896
garantiegraad,koppel_gem,ziekte,WN,7-12,4000,2.070925896
garantiegraad,koppel_gem,ziekte,WN,7-12,4250,2.070925896
garantiegraad,koppel_gem,ziekte,WN,7-12,4500,2.070925896
garantiegraad,koppel_gem,ziekte,WN,7-12,4750,2.070925896
garantiegraad,koppel_gem,ziekte,WN,7-12,5000,2.070925896
garantiegraad,koppel_gem,ziekte,WN,7-12,5250,2.070925896
garantiegraad,koppel_gem,ziekte,WN,7-12,5500,2.070925896
garantiegraad,koppel_gem,ziekte,WN,7-12,5750,2.070925896
garantiegraad,koppel_gem,ziekte,WN,7-12,6000,2.070925896
garantiegraad,koppel_gem,ziekte,WN,7-12,6250,2.070925896
garantiegraad,koppel_gem,ziekte,WN,7-12,6500,2.070925896
garantiegraad,koppel_gem,ziekte,WN,7-12,6750,2.070925896
garantiegraad,koppel_gem,ziekte,WN,7-12,7000,2.070925896
garantiegraad,koppel_gem,ziekte,WN,7-12,7500,2.070925896
garantiegraad,koppel_gem,ziekte,WN,7-12,8000,2.070925896
garantiegraad,koppel_gem,ziekte,WN,7-12,8500,2.070925896
garantiegraad,koppel_gem,ziekte,WN,7-12,9000,2.070925896
garantiegraad,koppel_gem,ziekte,WN,7-12,9500,2.070925896
garantiegraad,koppel_gem,ziekte,WN,7-12,10000,2.070925896
garantiegraad,koppel_gem,ziekte,WN,7-12,11000,2.070925896
garantiegraad,koppel_gem,ziekte,WN,7-12,12000,2.070925896
garantiegraad,koppel_gem,ziekte,WN,7-12,13000,2.070925896
garantiegraad,koppel_gem,ziekte,WN,7-12,14000,2.070925896
garantiegraad,koppel_gem,ziekte,WN,7-12,15000,2.070925896
garantiegraad,koppel_gem,werkloosheid,ZV100VAA,-,1550,1.840398788
garantiegraad,koppel_gem,werkloosheid,ZV100VAA,-,1800,1.840398788
garantiegraad,koppel_gem,werkloosheid,ZV100VAA,-,2000,1.840398788
garantiegraad,koppel_gem,werkloosheid,ZV100VAA,-,2250,1.840398788
garantiegraad,koppel_gem,werkloosheid,ZV100VAA,-,2500,1.840398788
garantiegraad,koppel_gem,werkloosheid,ZV100VAA,-,2750,1.840398788
garantiegraad,koppel_gem,werkloosheid,ZV100VAA,-,3000,1.840398788
garantiegraad,koppel_gem,werkloosheid,ZV100VAA,-,3250,1.840398788
garantiegraad,koppel_gem,werkloosheid,ZV100VAA,-,3500,1.840398788
garantiegraad,koppel_gem,werkloosheid,ZV100VAA,-,3750,1.840398788
garantiegraad,koppel_gem,werkloosheid,ZV100VAA,-,4000,1.840398788
garantiegraad,koppel_gem,werkloosheid,ZV100VAA,-,4250,1.840398788
garantiegraad,koppel_gem,werkloosheid,ZV100VAA,-,4500,1.840398788
garantiegraad,koppel_gem,werkloosheid,ZV100VAA,-,4750,1.840398788
garantiegraad,koppel_gem,werkloosheid,ZV100VAA,-,5000,1.840398788
garantiegraad,koppel_gem,werkloosheid,ZV100VAA,-,5250,1.840398788
garantiegraad,koppel_gem,werkloosheid,ZV100VAA,-,5500,1.840398788
garantiegraad,koppel_gem,werkloosheid,ZV100VAA,-,5750,1.840398788
garantiegraad,koppel_gem,werkloosheid,ZV100VAA,-,6000,1.840398788
garantiegraad,koppel_gem,werkloosheid,ZV100VAA,-,6250,1.840398788
garantiegraad,koppel_gem,werkloosheid,ZV100VAA,-,6500,1.840398788
garantiegraad,koppel_gem,werkloosheid,ZV100VAA,-,6750,1.840398788
garantiegraad,koppel_gem,werkloosheid,ZV100VAA,-,7000,1.840398788
garantiegraad,koppel_gem,werkloosheid,ZV100VAA,-,7500,1.840398788
garantiegraad,koppel_gem,werkloosheid,ZV100VAA,-,8000,1.840398788
garantiegraad,koppel_gem,werkloosheid,ZV100VAA,-,8500,1.840398788
garantiegraad,koppel_gem,werkloosheid,ZV100VAA,-,9000,1.840398788
garantiegraad,koppel_gem,werkloosheid,ZV100VAA,-,9500,1.840398788
garantiegraad,koppel_gem,werkloosheid,ZV100VAA,-,10000,1.840398788
garantiegraad,koppel_gem,werkloosheid,ZV100VAA,-,11000,1.840398788
garantiegraad,koppel_gem,werkloosheid,ZV100VAA,-,12000,1.840398788
garantiegraad,koppel_gem,werkloosheid,ZV100VAA,-,13000,1.840398788
garantiegraad,koppel_gem,werkloosheid,ZV100VAA,-,14000,1.840398788
garantiegraad,koppel_gem,werkloosheid,ZV100VAA,-,15000,1.840398788
garantiegraad,koppel_gem,werkloosheid,ZV100,-,1550,1.840398788
garantiegraad,koppel_gem,werkloosheid,ZV100,-,1800,1.840398788
garantiegraad,koppel_gem,werkloosheid,ZV100,-,2000,1.840398788
garantiegraad,koppel_gem,werkloosheid,ZV100,-,2250,1.840398788
garantiegraad,koppel_gem,werkloosheid,ZV100,-,2500,1.840398788
garantiegraad,koppel_gem,werkloosheid,ZV100,-,2750,1.840398788
garantiegraad,koppel_gem,werkloosheid,ZV100,-,3000,1.840398788
garantiegraad,koppel_gem,werkloosheid,ZV100,-,3250,1.840398788
garantiegraad,koppel_gem,werkloosheid,ZV100,-,3500,1.840398788
garantiegraad,koppel_gem,werkloosheid,ZV100,-,3750,1.840398788
garantiegraad,koppel_gem,werkloosheid,ZV100,-,4000,1.840398788
garantiegraad,koppel_gem,werkloosheid,ZV100,-,4250,1.840398788
garantiegraad,koppel_gem,werkloosheid,ZV100,-,4500,1.840398788
garantiegraad,koppel_gem,werkloosheid,ZV100,-,4750,1.840398788
garantiegraad,koppel_gem,werkloosheid,ZV100,-,5000,1.840398788
garantiegraad,koppel_gem,werkloosheid,ZV100,-,5250,1.840398788
garantiegraad,koppel_gem,werkloosheid,ZV100,-,5500,1.840398788
garantiegraad,koppel_gem,werkloosheid,ZV100,-,5750,1.840398788
garantiegraad,koppel_gem,werkloosheid,ZV100,-,6000,1.840398788
garantiegraad,koppel_gem,werkloosheid,ZV100,-,6250,1.840398788
garantiegraad,koppel_gem,werkloosheid,ZV100,-,6500,1.840398788
garantiegraad,koppel_gem,werkloosheid,ZV100,-,6750,1.840398788
garantiegraad,koppel_gem,werkloosheid,ZV100,-,7000,1.840398788
garantiegraad,koppel_gem,werkloosheid,ZV100,-,7500,1.840398788
garantiegraad,koppel_gem,werkloosheid,ZV100,-,8000,1.840398788
garantiegraad,koppel_gem,werkloosheid,ZV100,-,8500,1.840398788
garantiegraad,koppel_gem,werkloosheid,ZV100,-,9000,1.840398788
garantiegraad,koppel_gem,werkloosheid,ZV100,-,9500,1.840398788
garantiegraad,koppel_gem,werkloosheid,ZV100,-,10000,1.840398788
garantiegraad,koppel_gem,werkloosheid,ZV100,-,11000,1.840398788
garantiegraad,koppel_gem,werkloosheid,ZV100,-,12000,1.840398788
garantiegraad,koppel_gem,werkloosheid,ZV100,-,13000,1.840398788
garantiegraad,koppel_gem,werkloosheid,ZV100,-,14000,1.840398788
garantiegraad,koppel_gem,werkloosheid,ZV100,-,15000,1.840398788
garantiegraad,koppel_gem,werkloosheid,ZV75,-,1550,1.840398788
garantiegraad,koppel_gem,werkloosheid,ZV75,-,1800,1.840398788
garantiegraad,koppel_gem,werkloosheid,ZV75,-,2000,1.840398788
garantiegraad,koppel_gem,werkloosheid,ZV75,-,2250,1.840398788
garantiegraad,koppel_gem,werkloosheid,ZV75,-,2500,1.840398788
garantiegraad,koppel_gem,werkloosheid,ZV75,-,2750,1.840398788
garantiegraad,koppel_gem,werkloosheid,ZV75,-,3000,1.840398788
garantiegraad,koppel_gem,werkloosheid,ZV75,-,3250,1.840398788
garantiegraad,koppel_gem,werkloosheid,ZV75,-,3500,1.840398788
garantiegraad,koppel_gem,werkloosheid,ZV75,-,3750,1.840398788
garantiegraad,koppel_gem,werkloosheid,ZV75,-,4000,1.840398788
garantiegraad,koppel_gem,werkloosheid,ZV75,-,4250,1.840398788
garantiegraad,koppel_gem,werkloosheid,ZV75,-,4500,1.840398788
garantiegraad,koppel_gem,werkloosheid,ZV75,-,4750,1.840398788
garantiegraad,koppel_gem,werkloosheid,ZV75,-,5000,1.840398788
garantiegraad,koppel_gem,werkloosheid,ZV75,-,5250,1.840398788
garantiegraad,koppel_gem,werkloosheid,ZV75,-,5500,1.840398788
garantiegraad,koppel_gem,werkloosheid,ZV75,-,5750,1.840398788
garantiegraad,koppel_gem,werkloosheid,ZV75,-,6000,1.840398788
garantiegraad,koppel_gem,werkloosheid,ZV75,-,6250,1.840398788
garantiegraad,koppel_gem,werkloosheid,ZV75,-,6500,1.840398788
garantiegraad,koppel_gem,werkloosheid,ZV75,-,6750,1.840398788
garantiegraad,koppel_gem,werkloosheid,ZV75,-,7000,1.840398788
garantiegraad,koppel_gem,werkloosheid,ZV75,-,7500,1.840398788
garantiegraad,koppel_gem,werkloosheid,ZV75,-,8000,1.840398788
garantiegraad,koppel_gem,werkloosheid,ZV75,-,8500,1.840398788
garantiegraad,koppel_gem,werkloosheid,ZV75,-,9000,1.840398788
garantiegraad,koppel_gem,werkloosheid,ZV75,-,9500,1.840398788
garantiegraad,koppel_gem,werkloosheid,ZV75,-,10000,1.840398788
garantiegraad,koppel_gem,werkloosheid,ZV75,-,11000,1.840398788
garantiegraad,koppel_gem,werkloosheid,ZV75,-,12000,1.840398788
garantiegraad,koppel_gem,werkloosheid,ZV75,-,13000,1.840398788
garantiegraad,koppel_gem,werkloosheid,ZV75,-,14000,1.840398788
garantiegraad,koppel_gem,werkloosheid,ZV75,-,15000,1.840398788
garantiegraad,koppel_gem,werkloosheid,ZV50,-,1550,1.840398788
garantiegraad,koppel_gem,werkloosheid,ZV50,-,1800,1.840398788
garantiegraad,koppel_gem,werkloosheid,ZV50,-,2000,1.840398788
garantiegraad,koppel_gem,werkloosheid,ZV50,-,2250,1.840398788
garantiegraad,koppel_gem,werkloosheid,ZV50,-,2500,1.840398788
garantiegraad,koppel_gem,werkloosheid,ZV50,-,2750,1.840398788
garantiegraad,koppel_gem,werkloosheid,ZV50,-,3000,1.840398788
garantiegraad,koppel_gem,werkloosheid,ZV50,-,3250,1.840398788
garantiegraad,koppel_gem,werkloosheid,ZV50,-,3500,1.840398788
garantiegraad,koppel_gem,werkloosheid,ZV50,-,3750,1.840398788
garantiegraad,koppel_gem,werkloosheid,ZV50,-,4000,1.840398788
garantiegraad,koppel_gem,werkloosheid,ZV50,-,4250,1.840398788
garantiegraad,koppel_gem,werkloosheid,ZV50,-,4500,1.840398788
garantiegraad,koppel_gem,werkloosheid,ZV50,-,4750,1.840398788
garantiegraad,koppel_gem,werkloosheid,ZV50,-,5000,1.840398788
garantiegraad,koppel_gem,werkloosheid,ZV50,-,5250,1.840398788
garantiegraad,koppel_gem,werkloosheid,ZV50,-,5500,1.840398788
garantiegraad,koppel_gem,werkloosheid,ZV50,-,5750,1.840398788
garantiegraad,koppel_gem,werkloosheid,ZV50,-,6000,1.840398788
garantiegraad,koppel_gem,werkloosheid,ZV50,-,6250,1.840398788
garantiegraad,koppel_gem,werkloosheid,ZV50,-,6500,1.840398788
garantiegraad,koppel_gem,werkloosheid,ZV50,-,6750,1.840398788
garantiegraad,koppel_gem,werkloosheid,ZV50,-,7000,1.840398788
garantiegraad,koppel_gem,werkloosheid,ZV50,-,7500,1.840398788
garantiegraad,koppel_gem,werkloosheid,ZV50,-,8000,1.840398788
garantiegraad,koppel_gem,werkloosheid,ZV50,-,8500,1.840398788
garantiegraad,koppel_gem,werkloosheid,ZV50,-,9000,1.840398788
garantiegraad,koppel_gem,werkloosheid,ZV50,-,9500,1.840398788
garantiegraad,koppel_gem,werkloosheid,ZV50,-,10000,1.840398788
garantiegraad,koppel_gem,werkloosheid,ZV50,-,11000,1.840398788
garantiegraad,koppel_gem,werkloosheid,ZV50,-,12000,1.840398788
garantiegraad,koppel_gem,werkloosheid,ZV50,-,13000,1.840398788
garantiegraad,koppel_gem,werkloosheid,ZV50,-,14000,1.840398788
garantiegraad,koppel_gem,werkloosheid,ZV50,-,15000,1.840398788
garantiegraad,koppel_gem,werkloosheid,ZV00,-,1550,1.847238904
garantiegraad,koppel_gem,werkloosheid,ZV00,-,1800,1.847238904
garantiegraad,koppel_gem,werkloosheid,ZV00,-,2000,1.847238904
garantiegraad,koppel_gem,werkloosheid,ZV00,-,2250,1.847238904
garantiegraad,koppel_gem,werkloosheid,ZV00,-,2500,1.847238904
garantiegraad,koppel_gem,werkloosheid,ZV00,-,2750,1.847238904
garantiegraad,koppel_gem,werkloosheid,ZV00,-,3000,1.847238904
garantiegraad,koppel_gem,werkloosheid,ZV00,-,3250,1.847238904
garantiegraad,koppel_gem,werkloosheid,ZV00,-,3500,1.847238904
garantiegraad,koppel_gem,werkloosheid,ZV00,-,3750,1.847238904
garantiegraad,koppel_gem,werkloosheid,ZV00,-,4000,1.847238904
garantiegraad,koppel_gem,werkloosheid,ZV00,-,4250,1.847238904
garantiegraad,koppel_gem,werkloosheid,ZV00,-,4500,1.847238904
garantiegraad,koppel_gem,werkloosheid,ZV00,-,4750,1.847238904
garantiegraad,koppel_gem,werkloosheid,ZV00,-,5000,1.847238904
garantiegraad,koppel_gem,werkloosheid,ZV00,-,5250,1.847238904
garantiegraad,koppel_gem,werkloosheid,ZV00,-,5500,1.847238904
garantiegraad,koppel_gem,werkloosheid,ZV00,-,5750,1.847238904
garantiegraad,koppel_gem,werkloosheid,ZV00,-,6000,1.847238904
garantiegraad,koppel_gem,werkloosheid,ZV00,-,6250,1.847238904
garantiegraad,koppel_gem,werkloosheid,ZV00,-,6500,1.847238904
garantiegraad,koppel_gem,werkloosheid,ZV00,-,6750,1.847238904
garantiegraad,koppel_gem,werkloosheid,ZV00,-,7000,1.847238904
garantiegraad,koppel_gem,werkloosheid,ZV00,-,7500,1.847238904
garantiegraad,koppel_gem,werkloosheid,ZV00,-,8000,1.847238904
garantiegraad,koppel_gem,werkloosheid,ZV00,-,8500,1.847238904
garantiegraad,koppel_gem,werkloosheid,ZV00,-,9000,1.847238904
garantiegraad,koppel_gem,werkloosheid,ZV00,-,9500,1.847238904
garantiegraad,koppel_gem,werkloosheid,ZV00,-,10000,1.847238904
garantiegraad,koppel_gem,werkloosheid,ZV00,-,11000,1.847238904
garantiegraad,koppel_gem,werkloosheid,ZV00,-,12000,1.847238904
garantiegraad,koppel_gem,werkloosheid,ZV00,-,13000,1.847238904
garantiegraad,koppel_gem,werkloosheid,ZV00,-,14000,1.847238904
garantiegraad,koppel_gem,werkloosheid,ZV00,-,15000,1.847238904
garantiegraad,koppel_gem,werkloosheid,ZE,-,1550,1.840398788
garantiegraad,koppel_gem,werkloosheid,ZE,-,1800,1.840398788
garantiegraad,koppel_gem,werkloosheid,ZE,-,2000,1.840398788
garantiegraad,koppel_gem,werkloosheid,ZE,-,2250,1.840398788
garantiegraad,koppel_gem,werkloosheid,ZE,-,2500,1.840398788
garantiegraad,koppel_gem,werkloosheid,ZE,-,2750,1.840398788
garantiegraad,koppel_gem,werkloosheid,ZE,-,3000,1.840398788
garantiegraad,koppel_gem,werkloosheid,ZE,-,3250,1.840398788
garantiegraad,koppel_gem,werkloosheid,ZE,-,3500,1.840398788
garantiegraad,koppel_gem,werkloosheid,ZE,-,3750,1.840398788
garantiegraad,koppel_gem,werkloosheid,ZE,-,4000,1.840398788
garantiegraad,koppel_gem,werkloosheid,ZE,-,4250,1.840398788
garantiegraad,koppel_gem,werkloosheid,ZE,-,4500,1.840398788
garantiegraad,koppel_gem,werkloosheid,ZE,-,4750,1.840398788
garantiegraad,koppel_gem,werkloosheid,ZE,-,5000,1.840398788
garantiegraad,koppel_gem,werkloosheid,ZE,-,5250,1.840398788
garantiegraad,koppel_gem,werkloosheid,ZE,-,5500,1.840398788
garantiegraad,koppel_gem,werkloosheid,ZE,-,5750,1.840398788
garantiegraad,koppel_gem,werkloosheid,ZE,-,6000,1.840398788
garantiegraad,koppel_gem,werkloosheid,ZE,-,6250,1.840398788
garantiegraad,koppel_gem,werkloosheid,ZE,-,6500,1.840398788
garantiegraad,koppel_gem,werkloosheid,ZE,-,6750,1.840398788
garantiegraad,koppel_gem,werkloosheid,ZE,-,7000,1.840398788
garantiegraad,koppel_gem,werkloosheid,ZE,-,7500,1.840398788
garantiegraad,koppel_gem,werkloosheid,ZE,-,8000,1.840398788
garantiegraad,koppel_gem,werkloosheid,ZE,-,8500,1.840398788
garantiegraad,koppel_gem,werkloosheid,ZE,-,9000,1.840398788
garantiegraad,koppel_gem,werkloosheid,ZE,-,9500,1.840398788
garantiegraad,koppel_gem,werkloosheid,ZE,-,10000,1.840398788
garantiegraad,koppel_gem,werkloosheid,ZE,-,11000,1.840398788
garantiegraad,koppel_gem,werkloosheid,ZE,-,12000,1.840398788
garantiegraad,koppel_gem,werkloosheid,ZE,-,13000,1.840398788
garantiegraad,koppel_gem,werkloosheid,ZE,-,14000,1.840398788
garantiegraad,koppel_gem,werkloosheid,ZE,-,15000,1.840398788
garantiegraad,koppel_gem,werkloosheid,WN,1-3,1550,1.748782644
garantiegraad,koppel_gem,werkloosheid,WN,1-3,1800,1.748782644
garantiegraad,koppel_gem,werkloosheid,WN,1-3,2000,1.748782644
garantiegraad,koppel_gem,werkloosheid,WN,1-3,2250,1.889748454
garantiegraad,koppel_gem,werkloosheid,WN,1-3,2500,1.944545896
garantiegraad,koppel_gem,werkloosheid,WN,1-3,2750,1.944545896
garantiegraad,koppel_gem,werkloosheid,WN,1-3,3000,1.944545896
garantiegraad,koppel_gem,werkloosheid,WN,1-3,3250,1.944545896
garantiegraad,koppel_gem,werkloosheid,WN,1-3,3500,1.944545896
garantiegraad,koppel_gem,werkloosheid,WN,1-3,3750,1.944545896
garantiegraad,koppel_gem,werkloosheid,WN,1-3,4000,1.944545896
garantiegraad,koppel_gem,werkloosheid,WN,1-3,4250,1.944545896
garantiegraad,koppel_gem,werkloosheid,WN,1-3,4500,1.944545896
garantiegraad,koppel_gem,werkloosheid,WN,1-3,4750,1.944545896
garantiegraad,koppel_gem,werkloosheid,WN,1-3,5000,1.944545896
garantiegraad,koppel_gem,werkloosheid,WN,1-3,5250,1.944545896
garantiegraad,koppel_gem,werkloosheid,WN,1-3,5500,1.944545896
garantiegraad,koppel_gem,werkloosheid,WN,1-3,5750,1.944545896
garantiegraad,koppel_gem,werkloosheid,WN,1-3,6000,1.944545896
garantiegraad,koppel_gem,werkloosheid,WN,1-3,6250,1.944545896
garantiegraad,koppel_gem,werkloosheid,WN,1-3,6500,1.944545896
garantiegraad,koppel_gem,werkloosheid,WN,1-3,6750,1.944545896
garantiegraad,koppel_gem,werkloosheid,WN,1-3,7000,1.944545896
garantiegraad,koppel_gem,werkloosheid,WN,1-3,7500,1.944545896
garantiegraad,koppel_gem,werkloosheid,WN,1-3,8000,1.944545896
garantiegraad,koppel_gem,werkloosheid,WN,1-3,8500,1.944545896
garantiegraad,koppel_gem,werkloosheid,WN,1-3,9000,1.944545896
garantiegraad,koppel_gem,werkloosheid,WN,1-3,9500,1.944545896
garantiegraad,koppel_gem,werkloosheid,WN,1-3,10000,1.944545896
garantiegraad,koppel_gem,werkloosheid,WN,1-3,11000,1.944545896
garantiegraad,koppel_gem,werkloosheid,WN,1-3,12000,1.944545896
garantiegraad,koppel_gem,werkloosheid,WN,1-3,13000,1.944545896
garantiegraad,koppel_gem,werkloosheid,WN,1-3,14000,1.944545896
garantiegraad,koppel_gem,werkloosheid,WN,1-3,15000,1.944545896
garantiegraad,koppel_gem,werkloosheid,WN,4-6,1550,1.719948316
garantiegraad,koppel_gem,werkloosheid,WN,4-6,1800,1.719948316
garantiegraad,koppel_gem,werkloosheid,WN,4-6,2000,1.719948316
garantiegraad,koppel_gem,werkloosheid,WN,4-6,2250,1.862304699
garantiegraad,koppel_gem,werkloosheid,WN,4-6,2500,1.912895029
garantiegraad,koppel_gem,werkloosheid,WN,4-6,2750,1.912895029
garantiegraad,koppel_gem,werkloosheid,WN,4-6,3000,1.912895029
garantiegraad,koppel_gem,werkloosheid,WN,4-6,3250,1.912895029
garantiegraad,koppel_gem,werkloosheid,WN,4-6,3500,1.912895029
garantiegraad,koppel_gem,werkloosheid,WN,4-6,3750,1.912895029
garantiegraad,koppel_gem,werkloosheid,WN,4-6,4000,1.912895029
garantiegraad,koppel_gem,werkloosheid,WN,4-6,4250,1.912895029
garantiegraad,koppel_gem,werkloosheid,WN,4-6,4500,1.912895029
garantiegraad,koppel_gem,werkloosheid,WN,4-6,4750,1.912895029
garantiegraad,koppel_gem,werkloosheid,WN,4-6,5000,1.912895029
garantiegraad,koppel_gem,werkloosheid,WN,4-6,5250,1.912895029
garantiegraad,koppel_gem,werkloosheid,WN,4-6,5500,1.912895029
garantiegraad,koppel_gem,werkloosheid,WN,4-6,5750,1.912895029
garantiegraad,koppel_gem,werkloosheid,WN,4-6,6000,1.912895029
garantiegraad,koppel_gem,werkloosheid,WN,4-6,6250,1.912895029
garantiegraad,koppel_gem,werkloosheid,WN,4-6,6500,1.912895029
garantiegraad,koppel_gem,werkloosheid,WN,4-6,6750,1.912895029
garantiegraad,koppel_gem,werkloosheid,WN,4-6,7000,1.912895029
garantiegraad,koppel_gem,werkloosheid,WN,4-6,7500,1.912895029
garantiegraad,koppel_gem,werkloosheid,WN,4-6,8000,1.912895029
garantiegraad,koppel_gem,werkloosheid,WN,4-6,8500,1.912895029
garantiegraad,koppel_gem,werkloosheid,WN,4-6,9000,1.912895029
garantiegraad,koppel_gem,werkloosheid,WN,4-6,9500,1.912895029
garantiegraad,koppel_gem,werkloosheid,WN,4-6,10000,1.912895029
garantiegraad,koppel_gem,werkloosheid,WN,4-6,11000,1.912895029
garantiegraad,koppel_gem,werkloosheid,WN,4-6,12000,1.912895029
garantiegraad,koppel_gem,werkloosheid,WN,4-6,13000,1.912895029
garantiegraad,koppel_gem,werkloosheid,WN,4-6,14000,1.912895029
garantiegraad,koppel_gem,werkloosheid,WN,4-6,15000,1.912895029
garantiegraad,koppel_gem,werkloosheid,WN,7-12,1550,1.719948316
garantiegraad,koppel_gem,werkloosheid,WN,7-12,1800,1.719948316
garantiegraad,koppel_gem,werkloosheid,WN,7-12,2000,1.719948316
garantiegraad,koppel_gem,werkloosheid,WN,7-12,2250,1.862304699
garantiegraad,koppel_gem,werkloosheid,WN,7-12,2500,1.887065056
garantiegraad,koppel_gem,werkloosheid,WN,7-12,2750,1.887065056
garantiegraad,koppel_gem,werkloosheid,WN,7-12,3000,1.887065056
garantiegraad,koppel_gem,werkloosheid,WN,7-12,3250,1.887065056
garantiegraad,koppel_gem,werkloosheid,WN,7-12,3500,1.887065056
garantiegraad,koppel_gem,werkloosheid,WN,7-12,3750,1.887065056
garantiegraad,koppel_gem,werkloosheid,WN,7-12,4000,1.887065056
garantiegraad,koppel_gem,werkloosheid,WN,7-12,4250,1.887065056
garantiegraad,koppel_gem,werkloosheid,WN,7-12,4500,1.887065056
garantiegraad,koppel_gem,werkloosheid,WN,7-12,4750,1.887065056
garantiegraad,koppel_gem,werkloosheid,WN,7-12,5000,1.887065056
garantiegraad,koppel_gem,werkloosheid,WN,7-12,5250,1.887065056
garantiegraad,koppel_gem,werkloosheid,WN,7-12,5500,1.887065056
garantiegraad,koppel_gem,werkloosheid,WN,7-12,5750,1.887065056
garantiegraad,koppel_gem,werkloosheid,WN,7-12,6000,1.887065056
garantiegraad,koppel_gem,werkloosheid,WN,7-12,6250,1.887065056
garantiegraad,koppel_gem,werkloosheid,WN,7-12,6500,1.887065056
garantiegraad,koppel_gem,werkloosheid,WN,7-12,6750,1.887065056
garantiegraad,koppel_gem,werkloosheid,WN,7-12,7000,1.887065056
garantiegraad,koppel_gem,werkloosheid,WN,7-12,7500,1.887065056
garantiegraad,koppel_gem,werkloosheid,WN,7-12,8000,1.887065056
garantiegraad,koppel_gem,werkloosheid,WN,7-12,8500,1.887065056
garantiegraad,koppel_gem,werkloosheid,WN,7-12,9000,1.887065056
garantiegraad,koppel_gem,werkloosheid,WN,7-12,9500,1.887065056
garantiegraad,koppel_gem,werkloosheid,WN,7-12,10000,1.887065056
garantiegraad,koppel_gem,werkloosheid,WN,7-12,11000,1.887065056
garantiegraad,koppel_gem,werkloosheid,WN,7-12,12000,1.887065056
garantiegraad,koppel_gem,werkloosheid,WN,7-12,13000,1.887065056
garantiegraad,koppel_gem,werkloosheid,WN,7-12,14000,1.887065056
garantiegraad,koppel_gem,werkloosheid,WN,7-12,15000,1.887065056
