reeks,gezin,risico,type,maand,positie,waarde,cel
bijdrage,-,-,ZV100VAA,-,1550,421.93688688731748,'Julie HS & VS'!B4
bijdrage,-,-,ZV100VAA,-,1800,508.5665561125175,'Julie HS & VS'!C4
bijdrage,-,-,ZV100VAA,-,2000,585.00449954651754,'Julie HS & VS'!D4
bijdrage,-,-,ZV100VAA,-,2250,678.42865263251747,'Julie HS & VS'!E4
bijdrage,-,-,ZV100VAA,-,2500,780.34591054451744,'Julie HS & VS'!F4
bijdrage,-,-,ZV100VAA,-,2750,882.26316845651672,'Julie HS & VS'!G4
bijdrage,-,-,ZV100VAA,-,3000,984.18042636851669,'Julie HS & VS'!H4
bijdrage,-,-,ZV100VAA,-,3250,1094.5907891065167,'Julie HS & VS'!I4
bijdrage,-,-,ZV100VAA,-,3500,1205.0011518445167,'Julie HS & VS'!J4
bijdrage,-,-,ZV100VAA,-,3750,1306.9184097565167,'Julie HS & VS'!K4
bijdrage,-,-,ZV100VAA,-,4000,1400.3920109025835,'Julie HS & VS'!L4
bijdrage,-,-,ZV100VAA,-,4250,1474.8422063985834,'Julie HS & VS'!M4
bijdrage,-,-,ZV100VAA,-,4500,1549.2924018945832,'Julie HS & VS'!N4
bijdrage,-,-,ZV100VAA,-,4750,1624.2918702277166,'Julie HS & VS'!O4
bijdrage,-,-,ZV100VAA,-,5000,1707.0822402277167,'Julie HS & VS'!P4
bijdrage,-,-,ZV100VAA,-,5250,1783.5041202277168,'Julie HS & VS'!Q4
bijdrage,-,-,ZV100VAA,-,5500,1785.3425869112002,'Julie HS & VS'!R4
bijdrage,-,-,ZV100VAA,-,5750,1785.3425869112002,'Julie HS & VS'!S4
bijdrage,-,-,ZV100VAA,-,6000,1785.3425869112002,'Julie HS & VS'!T4
bijdrage,-,-,ZV100VAA,-,6250,1785.3425869112002,'Julie HS & VS'!U4
bijdrage,-,-,ZV100VAA,-,6500,1785.3425869112002,'Julie HS & VS'!V4
bijdrage,-,-,ZV100VAA,-,6750,1785.3425869112002,'Julie HS & VS'!W4
bijdrage,-,-,ZV100VAA,-,7000,1785.3425869112002,'Julie HS & VS'!X4
bijdrage,-,-,ZV100VAA,-,7500,1785.3425869112002,'Julie HS & VS'!Y4
bijdrage,-,-,ZV100VAA,-,8000,1785.3425869112002,'Julie HS & VS'!Z4
bijdrage,-,-,ZV100VAA,-,8500,1785.3425869112002,'Julie HS & VS'!AA4
bijdrage,-,-,ZV100VAA,-,9000,1785.3425869112002,'Julie HS & VS'!AB4
bijdrage,-,-,ZV100VAA,-,9500,1785.3425869112002,'Julie HS & VS'!AC4
bijdrage,-,-,ZV100VAA,-,10000,1785.3425869112002,'Julie HS & VS'!AD4
bijdrage,-,-,ZV100VAA,-,11000,1785.3425869112002,'Julie HS & VS'!AE4
bijdrage,-,-,ZV100VAA,-,12000,1785.3425869112002,'Julie HS & VS'!AF4
bijdrage,-,-,ZV100VAA,-,13000,1785.3425869112002,'Julie HS & VS'!AG4
bijdrage,-,-,ZV100VAA,-,14000,1785.3425869112002,'Julie HS & VS'!AH4
bijdrage,-,-,ZV100VAA,-,15000,1785.3425869112002,'Julie HS & VS'!AI4
bijdrage,-,-,ZV100,-,1550,419.56391339893332,'Julie HS & VS'!B6
bijdrage,-,-,ZV100,-,1800,507.89220358933329,'Julie HS & VS'!C6
bijdrage,-,-,ZV100,-,2000,584.33014702333332,'Julie HS & VS'!D6
bijdrage,-,-,ZV100,-,2250,686.24740493533329,'Julie HS & VS'!E6
bijdrage,-,-,ZV100,-,2500,779.67155802133334,'Julie HS & VS'!F6
bijdrage,-,-,ZV100,-,2750,881.58881593333331,'Julie HS & VS'!G6
bijdrage,-,-,ZV100,-,3000,983.50607384533328,'Julie HS & VS'!H6
bijdrage,-,-,ZV100,-,3250,1093.9164365833335,'Julie HS & VS'!I6
bijdrage,-,-,ZV100,-,3500,1204.3267993213335,'Julie HS & VS'!J6
bijdrage,-,-,ZV100,-,3750,1306.2440572333335,'Julie HS & VS'!K6
bijdrage,-,-,ZV100,-,4000,1399.8993987757167,'Julie HS & VS'!L6
bijdrage,-,-,ZV100,-,4250,1474.3495942717168,'Julie HS & VS'!M6
bijdrage,-,-,ZV100,-,4500,1548.7997897677167,'Julie HS & VS'!N6
bijdrage,-,-,ZV100,-,4750,1623.7862121217167,'Julie HS & VS'!O6
bijdrage,-,-,ZV100,-,5000,1706.5765821217169,'Julie HS & VS'!P6
bijdrage,-,-,ZV100,-,5250,1782.9984621217168,'Julie HS & VS'!Q6
bijdrage,-,-,ZV100,-,5500,1785.3425869112002,'Julie HS & VS'!R6
bijdrage,-,-,ZV100,-,5750,1785.3425869112002,'Julie HS & VS'!S6
bijdrage,-,-,ZV100,-,6000,1785.3425869112002,'Julie HS & VS'!T6
bijdrage,-,-,ZV100,-,6250,1785.3425869112002,'Julie HS & VS'!U6
bijdrage,-,-,ZV100,-,6500,1785.3425869112002,'Julie HS & VS'!V6
bijdrage,-,-,ZV100,-,6750,1785.3425869112002,'Julie HS & VS'!W6
bijdrage,-,-,ZV100,-,7000,1785.3425869112002,'Julie HS & VS'!X6
bijdrage,-,-,ZV100,-,7500,1785.3425869112002,'Julie HS & VS'!Y6
bijdrage,-,-,ZV100,-,8000,1785.3425869112002,'Julie HS & VS'!Z6
bijdrage,-,-,ZV100,-,8500,1785.3425869112002,'Julie HS & VS'!AA6
bijdrage,-,-,ZV100,-,9000,1785.3425869112002,'Julie HS & VS'!AB6
bijdrage,-,-,ZV100,-,9500,1785.3425869112002,'Julie HS & VS'!AC6
bijdrage,-,-,ZV100,-,10000,1785.3425869112002,'Julie HS & VS'!AD6
bijdrage,-,-,ZV100,-,11000,1785.3425869112002,'Julie HS & VS'!AE6
bijdrage,-,-,ZV100,-,12000,1785.3425869112002,'Julie HS & VS'!AF6
bijdrage,-,-,ZV100,-,13000,1785.3425869112002,'Julie HS & VS'!AG6
bijdrage,-,-,ZV100,-,14000,1785.3425869112002,'Julie HS & VS'!AH6
bijdrage,-,-,ZV100,-,15000,1785.3425869112002,'Julie HS & VS'!AI6
bijdrage,-,-,ZV75,-,1550,329.11385833333333,'Julie HS & VS'!B8
bijdrage,-,-,ZV75,-,1800,346.5232118953333,'Julie HS & VS'!C8
bijdrage,-,-,ZV75,-,2000,405.97494567733332,'Julie HS & VS'!D8
bijdrage,-,-,ZV75,-,2250,465.42667945933329,'Julie HS & VS'!E8
bijdrage,-,-,ZV75,-,2500,533.37151806733334,'Julie HS & VS'!F8
bijdrage,-,-,ZV75,-,2750,609.80946150133332,'Julie HS & VS'!G8
bijdrage,-,-,ZV75,-,3000,686.24740493533329,'Julie HS & VS'!H8
bijdrage,-,-,ZV75,-,3250,754.19224354333323,'Julie HS & VS'!I8
bijdrage,-,-,ZV75,-,3500,830.63018697733332,'Julie HS & VS'!J8
bijdrage,-,-,ZV75,-,3750,907.0681304113333,'Julie HS & VS'!K8
bijdrage,-,-,ZV75,-,4000,983.50607384533328,'Julie HS & VS'!L8
bijdrage,-,-,ZV75,-,4250,1068.4371221053334,'Julie HS & VS'!M8
bijdrage,-,-,ZV75,-,4500,1144.8750655393335,'Julie HS & VS'!N8
bijdrage,-,-,ZV75,-,4750,1229.8061137993334,'Julie HS & VS'!O8
bijdrage,-,-,ZV75,-,5000,1314.7371620593335,'Julie HS & VS'!P8
bijdrage,-,-,ZV75,-,5250,1381.2868499017168,'Julie HS & VS'!Q8
bijdrage,-,-,ZV75,-,5500,1437.124496523717,'Julie HS & VS'!R8
bijdrage,-,-,ZV75,-,5750,1492.9621431457167,'Julie HS & VS'!S8
bijdrage,-,-,ZV75,-,6000,1548.7997897677167,'Julie HS & VS'!T8
bijdrage,-,-,ZV75,-,6250,1604.6807421217168,'Julie HS & VS'!U8
bijdrage,-,-,ZV75,-,6500,1668.365642121717,'Julie HS & VS'!V8
bijdrage,-,-,ZV75,-,6750,1725.6820521217167,'Julie HS & VS'!W8
bijdrage,-,-,ZV75,-,7000,1782.9984621217168,'Julie HS & VS'!X8
bijdrage,-,-,ZV75,-,7500,1785.3425869112002,'Julie HS & VS'!Y8
bijdrage,-,-,ZV75,-,8000,1785.3425869112002,'Julie HS & VS'!Z8
bijdrage,-,-,ZV75,-,8500,1785.3425869112002,'Julie HS & VS'!AA8
bijdrage,-,-,ZV75,-,9000,1785.3425869112002,'Julie HS & VS'!AB8
bijdrage,-,-,ZV75,-,9500,1785.3425869112002,'Julie HS & VS'!AC8
bijdrage,-,-,ZV75,-,10000,1785.3425869112002,'Julie HS & VS'!AD8
bijdrage,-,-,ZV75,-,11000,1785.3425869112002,'Julie HS & VS'!AE8
bijdrage,-,-,ZV75,-,12000,1785.3425869112002,'Julie HS & VS'!AF8
bijdrage,-,-,ZV75,-,13000,1785.3425869112002,'Julie HS & VS'!AG8
bijdrage,-,-,ZV75,-,14000,1785.3425869112002,'Julie HS & VS'!AH8
bijdrage,-,-,ZV75,-,15000,1785.3425869112002,'Julie HS & VS'!AI8
bijdrage,-,-,ZV50,-,1550,329.11385833333333,'Julie HS & VS'!B10
bijdrage,-,-,ZV50,-,1800,329.11385833333333,'Julie HS & VS'!C10
bijdrage,-,-,ZV50,-,2000,329.11385833333333,'Julie HS & VS'!D10
bijdrage,-,-,ZV50,-,2250,329.11385833333333,'Julie HS & VS'!E10
bijdrage,-,-,ZV50,-,2500,329.11385833333333,'Julie HS & VS'!F10
bijdrage,-,-,ZV50,-,2750,358.4135586517333,'Julie HS & VS'!G10
bijdrage,-,-,ZV50,-,3000,400.8790827817333,'Julie HS & VS'!H10
bijdrage,-,-,ZV50,-,3250,446.74184884213327,'Julie HS & VS'!I10
bijdrage,-,-,ZV50,-,3500,492.60461490253334,'Julie HS & VS'!J10
bijdrage,-,-,ZV50,-,3750,536.76875999773335,'Julie HS & VS'!K10
bijdrage,-,-,ZV50,-,4000,584.33014702333332,'Julie HS & VS'!L10
bijdrage,-,-,ZV50,-,4250,635.28877597933331,'Julie HS & VS'!M10
bijdrage,-,-,ZV50,-,4500,686.24740493533329,'Julie HS & VS'!N10
bijdrage,-,-,ZV50,-,4750,728.71292906533336,'Julie HS & VS'!O10
bijdrage,-,-,ZV50,-,5000,779.67155802133334,'Julie HS & VS'!P10
bijdrage,-,-,ZV50,-,5250,830.63018697733332,'Julie HS & VS'!Q10
bijdrage,-,-,ZV50,-,5500,873.09571110733327,'Julie HS & VS'!R10
bijdrage,-,-,ZV50,-,5750,932.54744488933329,'Julie HS & VS'!S10
bijdrage,-,-,ZV50,-,6000,983.50607384533328,'Julie HS & VS'!T10
bijdrage,-,-,ZV50,-,6250,1042.9578076273333,'Julie HS & VS'!U10
bijdrage,-,-,ZV50,-,6500,1093.9164365833335,'Julie HS & VS'!V10
bijdrage,-,-,ZV50,-,6750,1144.8750655393335,'Julie HS & VS'!W10
bijdrage,-,-,ZV50,-,7000,1204.3267993213335,'Julie HS & VS'!X10
bijdrage,-,-,ZV50,-,7500,1306.2440572333335,'Julie HS & VS'!Y10
bijdrage,-,-,ZV50,-,8000,1399.8993987757167,'Julie HS & VS'!Z10
bijdrage,-,-,ZV50,-,8500,1474.3495942717168,'Julie HS & VS'!AA10
bijdrage,-,-,ZV50,-,9000,1548.7997897677167,'Julie HS & VS'!AB10
bijdrage,-,-,ZV50,-,9500,1623.7862121217167,'Julie HS & VS'!AC10
bijdrage,-,-,ZV50,-,10000,1706.5765821217169,'Julie HS & VS'!AD10
bijdrage,-,-,ZV50,-,11000,1785.3425869112002,'Julie HS & VS'!AE10
bijdrage,-,-,ZV50,-,12000,1785.3425869112002,'Julie HS & VS'!AF10
bijdrage,-,-,ZV50,-,13000,1785.3425869112002,'Julie HS & VS'!AG10
bijdrage,-,-,ZV50,-,14000,1785.3425869112002,'Julie HS & VS'!AH10
bijdrage,-,-,ZV50,-,15000,1785.3425869112002,'Julie HS & VS'!AI10
bijdrage,-,-,ZV00,-,1550,329.11385833333333,'Julie HS & VS'!B12
bijdrage,-,-,ZV00,-,1800,329.11385833333333,'Julie HS & VS'!C12
bijdrage,-,-,ZV00,-,2000,329.11385833333333,'Julie HS & VS'!D12
bijdrage,-,-,ZV00,-,2250,329.11385833333333,'Julie HS & VS'!E12
bijdrage,-,-,ZV00,-,2500,329.11385833333333,'Julie HS & VS'!F12
bijdrage,-,-,ZV00,-,2750,329.11385833333333,'Julie HS & VS'!G12
bijdrage,-,-,ZV00,-,3000,329.11385833333333,'Julie HS & VS'!H12
bijdrage,-,-,ZV00,-,3250,329.11385833333333,'Julie HS & VS'!I12
bijdrage,-,-,ZV00,-,3500,329.11385833333333,'Julie HS & VS'!J12
bijdrage,-,-,ZV00,-,3750,329.11385833333333,'Julie HS & VS'!K12
bijdrage,-,-,ZV00,-,4000,329.11385833333333,'Julie HS & VS'!L12
bijdrage,-,-,ZV00,-,4250,329.11385833333333,'Julie HS & VS'!M12
bijdrage,-,-,ZV00,-,4500,329.11385833333333,'Julie HS & VS'!N12
bijdrage,-,-,ZV00,-,4750,329.11385833333333,'Julie HS & VS'!O12
bijdrage,-,-,ZV00,-,5000,329.11385833333333,'Julie HS & VS'!P12
bijdrage,-,-,ZV00,-,5250,329.11385833333333,'Julie HS & VS'!Q12
bijdrage,-,-,ZV00,-,5500,329.11385833333333,'Julie HS & VS'!R12
bijdrage,-,-,ZV00,-,5750,329.11385833333333,'Julie HS & VS'!S12
bijdrage,-,-,ZV00,-,6000,329.11385833333333,'Julie HS & VS'!T12
bijdrage,-,-,ZV00,-,6250,329.11385833333333,'Julie HS & VS'!U12
bijdrage,-,-,ZV00,-,6500,329.11385833333333,'Julie HS & VS'!V12
bijdrage,-,-,ZV00,-,6750,329.11385833333333,'Julie HS & VS'!W12
bijdrage,-,-,ZV00,-,7000,329.11385833333333,'Julie HS & VS'!X12
bijdrage,-,-,ZV00,-,7500,329.11385833333333,'Julie HS & VS'!Y12
bijdrage,-,-,ZV00,-,8000,329.11385833333333,'Julie HS & VS'!Z12
bijdrage,-,-,ZV00,-,8500,329.11385833333333,'Julie HS & VS'!AA12
bijdrage,-,-,ZV00,-,9000,329.11385833333333,'Julie HS & VS'!AB12
bijdrage,-,-,ZV00,-,9500,329.11385833333333,'Julie HS & VS'!AC12
bijdrage,-,-,ZV00,-,10000,329.11385833333333,'Julie HS & VS'!AD12
bijdrage,-,-,ZV00,-,11000,329.11385833333333,'Julie HS & VS'!AE12
bijdrage,-,-,ZV00,-,12000,329.11385833333333,'Julie HS & VS'!AF12
bijdrage,-,-,ZV00,-,13000,329.11385833333333,'Julie HS & VS'!AG12
bijdrage,-,-,ZV00,-,14000,329.11385833333333,'Julie HS & VS'!AH12
bijdrage,-,-,ZV00,-,15000,329.11385833333333,'Julie HS & VS'!AI12
bijdrage,-,-,ZE,-,1550,351.19130850000005,'Julie HS & VS'!B14
bijdrage,-,-,ZE,-,1800,443.89302750000002,'Julie HS & VS'!C14
bijdrage,-,-,ZE,-,2000,523.80830249999997,'Julie HS & VS'!D14
bijdrage,-,-,ZE,-,2250,626.09985449999999,'Julie HS & VS'!E14
bijdrage,-,-,ZE,-,2500,731.58801750000009,'Julie HS & VS'!F14
bijdrage,-,-,ZE,-,2750,833.8795695,'Julie HS & VS'!G14
bijdrage,-,-,ZE,-,3000,948.95756549999999,'Julie HS & VS'!H14
bijdrage,-,-,ZE,-,3250,1064.0355615000001,'Julie HS & VS'!I14
bijdrage,-,-,ZE,-,3500,1179.1135575000001,'Julie HS & VS'!J14
bijdrage,-,-,ZE,-,3750,1294.1915535000001,'Julie HS & VS'!K14
bijdrage,-,-,ZE,-,4000,1385.8056517883833,'Julie HS & VS'!L14
bijdrage,-,-,ZE,-,4250,1465.1994937883835,'Julie HS & VS'!M14
bijdrage,-,-,ZE,-,4500,1549.2635617883834,'Julie HS & VS'!N14
bijdrage,-,-,ZE,-,4750,1626.3222907883835,'Julie HS & VS'!O14
bijdrage,-,-,ZE,-,5000,1705.7161327883832,'Julie HS & VS'!P14
bijdrage,-,-,ZE,-,5250,1753.0642535778668,'Julie HS & VS'!Q14
bijdrage,-,-,ZE,-,5500,1753.0642535778668,'Julie HS & VS'!R14
bijdrage,-,-,ZE,-,5750,1753.0642535778668,'Julie HS & VS'!S14
bijdrage,-,-,ZE,-,6000,1753.0642535778668,'Julie HS & VS'!T14
bijdrage,-,-,ZE,-,6250,1753.0642535778668,'Julie HS & VS'!U14
bijdrage,-,-,ZE,-,6500,1753.0642535778668,'Julie HS & VS'!V14
bijdrage,-,-,ZE,-,6750,1753.0642535778668,'Julie HS & VS'!W14
bijdrage,-,-,ZE,-,7000,1753.0642535778668,'Julie HS & VS'!X14
bijdrage,-,-,ZE,-,7500,1753.0642535778668,'Julie HS & VS'!Y14
bijdrage,-,-,ZE,-,8000,1753.0642535778668,'Julie HS & VS'!Z14
bijdrage,-,-,ZE,-,8500,1753.0642535778668,'Julie HS & VS'!AA14
bijdrage,-,-,ZE,-,9000,1753.0642535778668,'Julie HS & VS'!AB14
bijdrage,-,-,ZE,-,9500,1753.0642535778668,'Julie HS & VS'!AC14
bijdrage,-,-,ZE,-,10000,1753.0642535778668,'Julie HS & VS'!AD14
bijdrage,-,-,ZE,-,11000,1753.0642535778668,'Julie HS & VS'!AE14
bijdrage,-,-,ZE,-,12000,1753.0642535778668,'Julie HS & VS'!AF14
bijdrage,-,-,ZE,-,13000,1753.0642535778668,'Julie HS & VS'!AG14
bijdrage,-,-,ZE,-,14000,1753.0642535778668,'Julie HS & VS'!AH14
bijdrage,-,-,ZE,-,15000,1753.0642535778668,'Julie HS & VS'!AI14
bijdrage,-,-,WN,-,1550,0,'Julie HS & VS'!B16
bijdrage,-,-,WN,-,1800,0,'Julie HS & VS'!C16
bijdrage,-,-,WN,-,2000,1.51,'Julie HS & VS'!D16
bijdrage,-,-,WN,-,2250,176.25,'Julie HS & VS'!E16
bijdrage,-,-,WN,-,2500,526.95000000000005,'Julie HS & VS'!F16
bijdrage,-,-,WN,-,2750,611.03999999999996,'Julie HS & VS'!G16
bijdrage,-,-,WN,-,3000,697.54999999999995,'Julie HS & VS'!H16
bijdrage,-,-,WN,-,3250,782,'Julie HS & VS'!I16
bijdrage,-,-,WN,-,3500,872.95000000000005,'Julie HS & VS'!J16
bijdrage,-,-,WN,-,3750,958.86000000000001,'Julie HS & VS'!K16
bijdrage,-,-,WN,-,4000,1036.5899999999999,'Julie HS & VS'!L16
bijdrage,-,-,WN,-,4250,1120.3,'Julie HS & VS'!M16
bijdrage,-,-,WN,-,4500,1204.01,'Julie HS & VS'!N16
bijdrage,-,-,WN,-,4750,1281.74,'Julie HS & VS'!O16
bijdrage,-,-,WN,-,5000,1365.45,'Julie HS & VS'!P16
bijdrage,-,-,WN,-,5250,1443.1800000000001,'Julie HS & VS'!Q16
bijdrage,-,-,WN,-,5500,1526.8800000000001,'Julie HS & VS'!R16
bijdrage,-,-,WN,-,5750,1604.6099999999999,'Julie HS & VS'!S16
bijdrage,-,-,WN,-,6000,1688.3199999999999,'Julie HS & VS'!T16
bijdrage,-,-,WN,-,6250,1766.05,'Julie HS & VS'!U16
bijdrage,-,-,WN,-,6500,1849.76,'Julie HS & VS'!V16
bijdrage,-,-,WN,-,6750,1927.49,'Julie HS & VS'!W16
bijdrage,-,-,WN,-,7000,2011.2,'Julie HS & VS'!X16
bijdrage,-,-,WN,-,7500,2172.6300000000001,'Julie HS & VS'!Y16
bijdrage,-,-,WN,-,8000,2334.0700000000002,'Julie HS & VS'!Z16
bijdrage,-,-,WN,-,8500,2495.5100000000002,'Julie HS & VS'!AA16
bijdrage,-,-,WN,-,9000,2656.9499999999998,'Julie HS & VS'!AB16
bijdrage,-,-,WN,-,9500,2824.3600000000001,'Julie HS & VS'!AC16
bijdrage,-,-,WN,-,10000,2985.8000000000002,'Julie HS & VS'!AD16
bijdrage,-,-,WN,-,11000,3308.6799999999998,'Julie HS & VS'!AE16
bijdrage,-,-,WN,-,12000,3631.5500000000002,'Julie HS & VS'!AF16
bijdrage,-,-,WN,-,13000,3954.4299999999998,'Julie HS & VS'!AG16
bijdrage,-,-,WN,-,14000,4277.3000000000002,'Julie HS & VS'!AH16
bijdrage,-,-,WN,-,15000,4600.1800000000003,'Julie HS & VS'!AI16
uitkering,alleen,ziekte,ZS,-,1550,1610.3438719999999,'Julie HS & VS'!B52
uitkering,alleen,ziekte,ZS,-,1800,1610.3438719999999,'Julie HS & VS'!C52
uitkering,alleen,ziekte,ZS,-,2000,1610.3438719999999,'Julie HS & VS'!D52
uitkering,alleen,ziekte,ZS,-,2250,1610.3438719999999,'Julie HS & VS'!E52
uitkering,alleen,ziekte,ZS,-,2500,1610.3438719999999,'Julie HS & VS'!F52
uitkering,alleen,ziekte,ZS,-,2750,1610.3438719999999,'Julie HS & VS'!G52
uitkering,alleen,ziekte,ZS,-,3000,1610.3438719999999,'Julie HS & VS'!H52
uitkering,alleen,ziekte,ZS,-,3250,1610.3438719999999,'Julie HS & VS'!I52
uitkering,alleen,ziekte,ZS,-,3500,1610.3438719999999,'Julie HS & VS'!J52
uitkering,alleen,ziekte,ZS,-,3750,1610.3438719999999,'Julie HS & VS'!K52
uitkering,alleen,ziekte,ZS,-,4000,1610.3438719999999,'Julie HS & VS'!L52
uitkering,alleen,ziekte,ZS,-,4250,1610.3438719999999,'Julie HS & VS'!M52
uitkering,alleen,ziekte,ZS,-,4500,1610.3438719999999,'Julie HS & VS'!N52
uitkering,alleen,ziekte,ZS,-,4750,1610.3438719999999,'Julie HS & VS'!O52
uitkering,alleen,ziekte,ZS,-,5000,1610.3438719999999,'Julie HS & VS'!P52
uitkering,alleen,ziekte,ZS,-,5250,1610.3438719999999,'Julie HS & VS'!Q52
uitkering,alleen,ziekte,ZS,-,5500,1610.3438719999999,'Julie HS & VS'!R52
uitkering,alleen,ziekte,ZS,-,5750,1610.3438719999999,'Julie HS & VS'!S52
uitkering,alleen,ziekte,ZS,-,6000,1610.3438719999999,'Julie HS & VS'!T52
uitkering,alleen,ziekte,ZS,-,6250,1610.3438719999999,'Julie HS & VS'!U52
uitkering,alleen,ziekte,ZS,-,6500,1610.3438719999999,'Julie HS & VS'!V52
uitkering,alleen,ziekte,ZS,-,6750,1610.3438719999999,'Julie HS & VS'!W52
uitkering,alleen,ziekte,ZS,-,7000,1610.3438719999999,'Julie HS & VS'!X52
uitkering,alleen,ziekte,ZS,-,7500,1610.3438719999999,'Julie HS & VS'!Y52
uitkering,alleen,ziekte,ZS,-,8000,1610.3438719999999,'Julie HS & VS'!Z52
uitkering,alleen,ziekte,ZS,-,8500,1610.3438719999999,'Julie HS & VS'!AA52
uitkering,alleen,ziekte,ZS,-,9000,1610.3438719999999,'Julie HS & VS'!AB52
uitkering,alleen,ziekte,ZS,-,9500,1610.3438719999999,'Julie HS & VS'!AC52
uitkering,alleen,ziekte,ZS,-,10000,1610.3438719999999,'Julie HS & VS'!AD52
uitkering,alleen,ziekte,ZS,-,11000,1610.3438719999999,'Julie HS & VS'!AE52
uitkering,alleen,ziekte,ZS,-,12000,1610.3438719999999,'Julie HS & VS'!AF52
uitkering,alleen,ziekte,ZS,-,13000,1610.3438719999999,'Julie HS & VS'!AG52
uitkering,alleen,ziekte,ZS,-,14000,1610.3438719999999,'Julie HS & VS'!AH52
uitkering,alleen,ziekte,ZS,-,15000,1610.3438719999999,'Julie HS & VS'!AI52
uitkering,alleen,ziekte,WN,1,1550,1543.1600000000001,'Julie HS & VS'!B53
uitkering,alleen,ziekte,WN,1,1800,1801.7,'Julie HS & VS'!C53
uitkering,alleen,ziekte,WN,1,2000,2000.03,'Julie HS & VS'!D53
uitkering,alleen,ziekte,WN,1,2250,2249.0900000000001,'Julie HS & VS'!E53
uitkering,alleen,ziekte,WN,1,2500,2495.3000000000002,'Julie HS & VS'!F53
uitkering,alleen,ziekte,WN,1,2750,2751.5700000000002,'Julie HS & VS'!G53
uitkering,alleen,ziekte,WN,1,3000,3002.5100000000002,'Julie HS & VS'!H53
uitkering,alleen,ziekte,WN,1,3250,3246.29,'Julie HS & VS'!I53
uitkering,alleen,ziekte,WN,1,3500,3501.1300000000001,'Julie HS & VS'!J53
uitkering,alleen,ziekte,WN,1,3750,3751.3299999999999,'Julie HS & VS'!K53
uitkering,alleen,ziekte,WN,1,4000,4003.4299999999998,'Julie HS & VS'!L53
uitkering,alleen,ziekte,WN,1,4250,4245.4399999999996,'Julie HS & VS'!M53
uitkering,alleen,ziekte,WN,1,4500,4497.54,'Julie HS & VS'!N53
uitkering,alleen,ziekte,WN,1,4750,4749.6400000000003,'Julie HS & VS'!O53
uitkering,alleen,ziekte,WN,1,5000,5001.7299999999996,'Julie HS & VS'!P53
uitkering,alleen,ziekte,WN,1,5250,5253.8299999999999,'Julie HS & VS'!Q53
uitkering,alleen,ziekte,WN,1,5500,5495.8400000000001,'Julie HS & VS'!R53
uitkering,alleen,ziekte,WN,1,5750,5747.9399999999996,'Julie HS & VS'!S53
uitkering,alleen,ziekte,WN,1,6000,6000.04,'Julie HS & VS'!T53
uitkering,alleen,ziekte,WN,1,6250,6252.1300000000001,'Julie HS & VS'!U53
uitkering,alleen,ziekte,WN,1,6500,6504.2299999999996,'Julie HS & VS'!V53
uitkering,alleen,ziekte,WN,1,6750,6746.2399999999998,'Julie HS & VS'!W53
uitkering,alleen,ziekte,WN,1,7000,6998.3400000000001,'Julie HS & VS'!X53
uitkering,alleen,ziekte,WN,1,7500,7502.5299999999997,'Julie HS & VS'!Y53
uitkering,alleen,ziekte,WN,1,8000,7996.6400000000003,'Julie HS & VS'!Z53
uitkering,alleen,ziekte,WN,1,8500,8500.8400000000001,'Julie HS & VS'!AA53
uitkering,alleen,ziekte,WN,1,9000,9005.0300000000007,'Julie HS & VS'!AB53
uitkering,alleen,ziekte,WN,1,9500,9499.1399999999994,'Julie HS & VS'!AC53
uitkering,alleen,ziekte,WN,1,10000,10003.34,'Julie HS & VS'!AD53
uitkering,alleen,ziekte,WN,1,11000,11001.639999999999,'Julie HS & VS'!AE53
uitkering,alleen,ziekte,WN,1,12000,11999.940000000001,'Julie HS & VS'!AF53
uitkering,alleen,ziekte,WN,1,13000,12998.25,'Julie HS & VS'!AG53
uitkering,alleen,ziekte,WN,1,14000,13996.549999999999,'Julie HS & VS'!AH53
uitkering,alleen,ziekte,WN,1,15000,15004.940000000001,'Julie HS & VS'!AI53
uitkering,alleen,ziekte,WN,2,1550,1309.2933330000001,'Julie HS & VS'!B54
uitkering,alleen,ziekte,WN,2,1800,1309.2933330000001,'Julie HS & VS'!C54
uitkering,alleen,ziekte,WN,2,2000,1309.2933330000001,'Julie HS & VS'!D54
uitkering,alleen,ziekte,WN,2,2250,1739.077849,'Julie HS & VS'!E54
uitkering,alleen,ziekte,WN,2,2500,2018.4981809999999,'Julie HS & VS'!F54
uitkering,alleen,ziekte,WN,2,2750,2180.5740930000002,'Julie HS & VS'!G54
uitkering,alleen,ziekte,WN,2,3000,2248.6823319999999,'Julie HS & VS'!H54
uitkering,alleen,ziekte,WN,2,3250,2248.6823319999999,'Julie HS & VS'!I54
uitkering,alleen,ziekte,WN,2,3500,2248.6823319999999,'Julie HS & VS'!J54
uitkering,alleen,ziekte,WN,2,3750,2248.6823319999999,'Julie HS & VS'!K54
uitkering,alleen,ziekte,WN,2,4000,2248.6823319999999,'Julie HS & VS'!L54
uitkering,alleen,ziekte,WN,2,4250,2248.6823319999999,'Julie HS & VS'!M54
uitkering,alleen,ziekte,WN,2,4500,2248.6823319999999,'Julie HS & VS'!N54
uitkering,alleen,ziekte,WN,2,4750,2248.6823319999999,'Julie HS & VS'!O54
uitkering,alleen,ziekte,WN,2,5000,2248.6823319999999,'Julie HS & VS'!P54
uitkering,alleen,ziekte,WN,2,5250,2248.6823319999999,'Julie HS & VS'!Q54
uitkering,alleen,ziekte,WN,2,5500,2248.6823319999999,'Julie HS & VS'!R54
uitkering,alleen,ziekte,WN,2,5750,2248.6823319999999,'Julie HS & VS'!S54
uitkering,alleen,ziekte,WN,2,6000,2248.6823319999999,'Julie HS & VS'!T54
uitkering,alleen,ziekte,WN,2,6250,2248.6823319999999,'Julie HS & VS'!U54
uitkering,alleen,ziekte,WN,2,6500,2248.6823319999999,'Julie HS & VS'!V54
uitkering,alleen,ziekte,WN,2,6750,2248.6823319999999,'Julie HS & VS'!W54
uitkering,alleen,ziekte,WN,2,7000,2248.6823319999999,'Julie HS & VS'!X54
uitkering,alleen,ziekte,WN,2,7500,2248.6823319999999,'Julie HS & VS'!Y54
uitkering,alleen,ziekte,WN,2,8000,2248.6823319999999,'Julie HS & VS'!Z54
uitkering,alleen,ziekte,WN,2,8500,2248.6823319999999,'Julie HS & VS'!AA54
uitkering,alleen,ziekte,WN,2,9000,2248.6823319999999,'Julie HS & VS'!AB54
uitkering,alleen,ziekte,WN,2,9500,2248.6823319999999,'Julie HS & VS'!AC54
uitkering,alleen,ziekte,WN,2,10000,2248.6823319999999,'Julie HS & VS'!AD54
uitkering,alleen,ziekte,WN,2,11000,2248.6823319999999,'Julie HS & VS'!AE54
uitkering,alleen,ziekte,WN,2,12000,2248.6823319999999,'Julie HS & VS'!AF54
uitkering,alleen,ziekte,WN,2,13000,2248.6823319999999,'Julie HS & VS'!AG54
uitkering,alleen,ziekte,WN,2,14000,2248.6823319999999,'Julie HS & VS'!AH54
uitkering,alleen,ziekte,WN,2,15000,2248.6823319999999,'Julie HS & VS'!AI54
uitkering,alleen,ziekte,WN,3,1550,1400,'Julie HS & VS'!B55
uitkering,alleen,ziekte,WN,3,1800,1610.3438719999999,'Julie HS & VS'!C55
uitkering,alleen,ziekte,WN,3,2000,1610.3438719999999,'Julie HS & VS'!D55
uitkering,alleen,ziekte,WN,3,2250,1739.077849,'Julie HS & VS'!E55
uitkering,alleen,ziekte,WN,3,2500,2018.4981809999999,'Julie HS & VS'!F55
uitkering,alleen,ziekte,WN,3,2750,2180.5740930000002,'Julie HS & VS'!G55
uitkering,alleen,ziekte,WN,3,3000,2248.6421489999998,'Julie HS & VS'!H55
uitkering,alleen,ziekte,WN,3,3250,2248.6421489999998,'Julie HS & VS'!I55
uitkering,alleen,ziekte,WN,3,3500,2248.6421489999998,'Julie HS & VS'!J55
uitkering,alleen,ziekte,WN,3,3750,2248.6421489999998,'Julie HS & VS'!K55
uitkering,alleen,ziekte,WN,3,4000,2248.6421489999998,'Julie HS & VS'!L55
uitkering,alleen,ziekte,WN,3,4250,2248.6421489999998,'Julie HS & VS'!M55
uitkering,alleen,ziekte,WN,3,4500,2248.6421489999998,'Julie HS & VS'!N55
uitkering,alleen,ziekte,WN,3,4750,2248.6421489999998,'Julie HS & VS'!O55
uitkering,alleen,ziekte,WN,3,5000,2248.6421489999998,'Julie HS & VS'!P55
uitkering,alleen,ziekte,WN,3,5250,2248.6421489999998,'Julie HS & VS'!Q55
uitkering,alleen,ziekte,WN,3,5500,2248.6421489999998,'Julie HS & VS'!R55
uitkering,alleen,ziekte,WN,3,5750,2248.6421489999998,'Julie HS & VS'!S55
uitkering,alleen,ziekte,WN,3,6000,2248.6421489999998,'Julie HS & VS'!T55
uitkering,alleen,ziekte,WN,3,6250,2248.6421489999998,'Julie HS & VS'!U55
uitkering,alleen,ziekte,WN,3,6500,2248.6421489999998,'Julie HS & VS'!V55
uitkering,alleen,ziekte,WN,3,6750,2248.6421489999998,'Julie HS & VS'!W55
uitkering,alleen,ziekte,WN,3,7000,2248.6421489999998,'Julie HS & VS'!X55
uitkering,alleen,ziekte,WN,3,7500,2248.6421489999998,'Julie HS & VS'!Y55
uitkering,alleen,ziekte,WN,3,8000,2248.6421489999998,'Julie HS & VS'!Z55
uitkering,alleen,ziekte,WN,3,8500,2248.6421489999998,'Julie HS & VS'!AA55
uitkering,alleen,ziekte,WN,3,9000,2248.6421489999998,'Julie HS & VS'!AB55
uitkering,alleen,ziekte,WN,3,9500,2248.6421489999998,'Julie HS & VS'!AC55
uitkering,alleen,ziekte,WN,3,10000,2248.6421489999998,'Julie HS & VS'!AD55
uitkering,alleen,ziekte,WN,3,11000,2248.6421489999998,'Julie HS & VS'!AE55
uitkering,alleen,ziekte,WN,3,12000,2248.6421489999998,'Julie HS & VS'!AF55
uitkering,alleen,ziekte,WN,3,13000,2248.6421489999998,'Julie HS & VS'!AG55
uitkering,alleen,ziekte,WN,3,14000,2248.6421489999998,'Julie HS & VS'!AH55
uitkering,alleen,ziekte,WN,3,15000,2248.6421489999998,'Julie HS & VS'!AI55
uitkering,alleen,ziekte,WN,4-6,1550,1400,'Julie HS & VS'!B56
uitkering,alleen,ziekte,WN,4-6,1800,1610.3438719999999,'Julie HS & VS'!C56
uitkering,alleen,ziekte,WN,4-6,2000,1610.3438719999999,'Julie HS & VS'!D56
uitkering,alleen,ziekte,WN,4-6,2250,1739.077849,'Julie HS & VS'!E56
uitkering,alleen,ziekte,WN,4-6,2500,2018.4981809999999,'Julie HS & VS'!F56
uitkering,alleen,ziekte,WN,4-6,2750,2180.5740930000002,'Julie HS & VS'!G56
uitkering,alleen,ziekte,WN,4-6,3000,2248.6421489999998,'Julie HS & VS'!H56
uitkering,alleen,ziekte,WN,4-6,3250,2248.6421489999998,'Julie HS & VS'!I56
uitkering,alleen,ziekte,WN,4-6,3500,2248.6421489999998,'Julie HS & VS'!J56
uitkering,alleen,ziekte,WN,4-6,3750,2248.6421489999998,'Julie HS & VS'!K56
uitkering,alleen,ziekte,WN,4-6,4000,2248.6421489999998,'Julie HS & VS'!L56
uitkering,alleen,ziekte,WN,4-6,4250,2248.6421489999998,'Julie HS & VS'!M56
uitkering,alleen,ziekte,WN,4-6,4500,2248.6421489999998,'Julie HS & VS'!N56
uitkering,alleen,ziekte,WN,4-6,4750,2248.6421489999998,'Julie HS & VS'!O56
uitkering,alleen,ziekte,WN,4-6,5000,2248.6421489999998,'Julie HS & VS'!P56
uitkering,alleen,ziekte,WN,4-6,5250,2248.6421489999998,'Julie HS & VS'!Q56
uitkering,alleen,ziekte,WN,4-6,5500,2248.6421489999998,'Julie HS & VS'!R56
uitkering,alleen,ziekte,WN,4-6,5750,2248.6421489999998,'Julie HS & VS'!S56
uitkering,alleen,ziekte,WN,4-6,6000,2248.6421489999998,'Julie HS & VS'!T56
uitkering,alleen,ziekte,WN,4-6,6250,2248.6421489999998,'Julie HS & VS'!U56
uitkering,alleen,ziekte,WN,4-6,6500,2248.6421489999998,'Julie HS & VS'!V56
uitkering,alleen,ziekte,WN,4-6,6750,2248.6421489999998,'Julie HS & VS'!W56
uitkering,alleen,ziekte,WN,4-6,7000,2248.6421489999998,'Julie HS & VS'!X56
uitkering,alleen,ziekte,WN,4-6,7500,2248.6421489999998,'Julie HS & VS'!Y56
uitkering,alleen,ziekte,WN,4-6,8000,2248.6421489999998,'Julie HS & VS'!Z56
uitkering,alleen,ziekte,WN,4-6,8500,2248.6421489999998,'Julie HS & VS'!AA56
uitkering,alleen,ziekte,WN,4-6,9000,2248.6421489999998,'Julie HS & VS'!AB56
uitkering,alleen,ziekte,WN,4-6,9500,2248.6421489999998,'Julie HS & VS'!AC56
uitkering,alleen,ziekte,WN,4-6,10000,2248.6421489999998,'Julie HS & VS'!AD56
uitkering,alleen,ziekte,WN,4-6,11000,2248.6421489999998,'Julie HS & VS'!AE56
uitkering,alleen,ziekte,WN,4-6,12000,2248.6421489999998,'Julie HS & VS'!AF56
uitkering,alleen,ziekte,WN,4-6,13000,2248.6421489999998,'Julie HS & VS'!AG56
uitkering,alleen,ziekte,WN,4-6,14000,2248.6421489999998,'Julie HS & VS'!AH56
uitkering,alleen,ziekte,WN,4-6,15000,2248.6421489999998,'Julie HS & VS'!AI56
uitkering,alleen,ziekte,WN,7-12,1550,1610.3438719999999,'Julie HS & VS'!B57
uitkering,alleen,ziekte,WN,7-12,1800,1610.3438719999999,'Julie HS & VS'!C57
uitkering,alleen,ziekte,WN,7-12,2000,1610.3438719999999,'Julie HS & VS'!D57
uitkering,alleen,ziekte,WN,7-12,2250,1739.077849,'Julie HS & VS'!E57
uitkering,alleen,ziekte,WN,7-12,2500,2018.4981809999999,'Julie HS & VS'!F57
uitkering,alleen,ziekte,WN,7-12,2750,2180.5740930000002,'Julie HS & VS'!G57
uitkering,alleen,ziekte,WN,7-12,3000,2248.6421489999998,'Julie HS & VS'!H57
uitkering,alleen,ziekte,WN,7-12,3250,2248.6421489999998,'Julie HS & VS'!I57
uitkering,alleen,ziekte,WN,7-12,3500,2248.6421489999998,'Julie HS & VS'!J57
uitkering,alleen,ziekte,WN,7-12,3750,2248.6421489999998,'Julie HS & VS'!K57
uitkering,alleen,ziekte,WN,7-12,4000,2248.6421489999998,'Julie HS & VS'!L57
uitkering,alleen,ziekte,WN,7-12,4250,2248.6421489999998,'Julie HS & VS'!M57
uitkering,alleen,ziekte,WN,7-12,4500,2248.6421489999998,'Julie HS & VS'!N57
uitkering,alleen,ziekte,WN,7-12,4750,2248.6421489999998,'Julie HS & VS'!O57
uitkering,alleen,ziekte,WN,7-12,5000,2248.6421489999998,'Julie HS & VS'!P57
uitkering,alleen,ziekte,WN,7-12,5250,2248.6421489999998,'Julie HS & VS'!Q57
uitkering,alleen,ziekte,WN,7-12,5500,2248.6421489999998,'Julie HS & VS'!R57
uitkering,alleen,ziekte,WN,7-12,5750,2248.6421489999998,'Julie HS & VS'!S57
uitkering,alleen,ziekte,WN,7-12,6000,2248.6421489999998,'Julie HS & VS'!T57
uitkering,alleen,ziekte,WN,7-12,6250,2248.6421489999998,'Julie HS & VS'!U57
uitkering,alleen,ziekte,WN,7-12,6500,2248.6421489999998,'Julie HS & VS'!V57
uitkering,alleen,ziekte,WN,7-12,6750,2248.6421489999998,'Julie HS & VS'!W57
uitkering,alleen,ziekte,WN,7-12,7000,2248.6421489999998,'Julie HS & VS'!X57
uitkering,alleen,ziekte,WN,7-12,7500,2248.6421489999998,'Julie HS & VS'!Y57
uitkering,alleen,ziekte,WN,7-12,8000,2248.6421489999998,'Julie HS & VS'!Z57
uitkering,alleen,ziekte,WN,7-12,8500,2248.6421489999998,'Julie HS & VS'!AA57
uitkering,alleen,ziekte,WN,7-12,9000,2248.6421489999998,'Julie HS & VS'!AB57
uitkering,alleen,ziekte,WN,7-12,9500,2248.6421489999998,'Julie HS & VS'!AC57
uitkering,alleen,ziekte,WN,7-12,10000,2248.6421489999998,'Julie HS & VS'!AD57
uitkering,alleen,ziekte,WN,7-12,11000,2248.6421489999998,'Julie HS & VS'!AE57
uitkering,alleen,ziekte,WN,7-12,12000,2248.6421489999998,'Julie HS & VS'!AF57
uitkering,alleen,ziekte,WN,7-12,13000,2248.6421489999998,'Julie HS & VS'!AG57
uitkering,alleen,ziekte,WN,7-12,14000,2248.6421489999998,'Julie HS & VS'!AH57
uitkering,alleen,ziekte,WN,7-12,15000,2248.6421489999998,'Julie HS & VS'!AI57
uitkering,koppel,ziekte,ZS,-,1550,1309.2933330000001,'Julie HS & VS'!B59
uitkering,koppel,ziekte,ZS,-,1800,1309.2933330000001,'Julie HS & VS'!C59
uitkering,koppel,ziekte,ZS,-,2000,1309.2933330000001,'Julie HS & VS'!D59
uitkering,koppel,ziekte,ZS,-,2250,1309.2933330000001,'Julie HS & VS'!E59
uitkering,koppel,ziekte,ZS,-,2500,1309.2933330000001,'Julie HS & VS'!F59
uitkering,koppel,ziekte,ZS,-,2750,1309.2933330000001,'Julie HS & VS'!G59
uitkering,koppel,ziekte,ZS,-,3000,1309.2933330000001,'Julie HS & VS'!H59
uitkering,koppel,ziekte,ZS,-,3250,1309.2933330000001,'Julie HS & VS'!I59
uitkering,koppel,ziekte,ZS,-,3500,1309.2933330000001,'Julie HS & VS'!J59
uitkering,koppel,ziekte,ZS,-,3750,1309.2933330000001,'Julie HS & VS'!K59
uitkering,koppel,ziekte,ZS,-,4000,1309.2933330000001,'Julie HS & VS'!L59
uitkering,koppel,ziekte,ZS,-,4250,1309.2933330000001,'Julie HS & VS'!M59
uitkering,koppel,ziekte,ZS,-,4500,1309.2933330000001,'Julie HS & VS'!N59
uitkering,koppel,ziekte,ZS,-,4750,1309.2933330000001,'Julie HS & VS'!O59
uitkering,koppel,ziekte,ZS,-,5000,1309.2933330000001,'Julie HS & VS'!P59
uitkering,koppel,ziekte,ZS,-,5250,1309.2933330000001,'Julie HS & VS'!Q59
uitkering,koppel,ziekte,ZS,-,5500,1309.2933330000001,'Julie HS & VS'!R59
uitkering,koppel,ziekte,ZS,-,5750,1309.2933330000001,'Julie HS & VS'!S59
uitkering,koppel,ziekte,ZS,-,6000,1309.2933330000001,'Julie HS & VS'!T59
uitkering,koppel,ziekte,ZS,-,6250,1309.2933330000001,'Julie HS & VS'!U59
uitkering,koppel,ziekte,ZS,-,6500,1309.2933330000001,'Julie HS & VS'!V59
uitkering,koppel,ziekte,ZS,-,6750,1309.2933330000001,'Julie HS & VS'!W59
uitkering,koppel,ziekte,ZS,-,7000,1309.2933330000001,'Julie HS & VS'!X59
uitkering,koppel,ziekte,ZS,-,7500,1309.2933330000001,'Julie HS & VS'!Y59
uitkering,koppel,ziekte,ZS,-,8000,1309.2933330000001,'Julie HS & VS'!Z59
uitkering,koppel,ziekte,ZS,-,8500,1309.2933330000001,'Julie HS & VS'!AA59
uitkering,koppel,ziekte,ZS,-,9000,1309.2933330000001,'Julie HS & VS'!AB59
uitkering,koppel,ziekte,ZS,-,9500,1309.2933330000001,'Julie HS & VS'!AC59
uitkering,koppel,ziekte,ZS,-,10000,1309.2933330000001,'Julie HS & VS'!AD59
uitkering,koppel,ziekte,ZS,-,11000,1309.2933330000001,'Julie HS & VS'!AE59
uitkering,koppel,ziekte,ZS,-,12000,1309.2933330000001,'Julie HS & VS'!AF59
uitkering,koppel,ziekte,ZS,-,13000,1309.2933330000001,'Julie HS & VS'!AG59
uitkering,koppel,ziekte,ZS,-,14000,1309.2933330000001,'Julie HS & VS'!AH59
uitkering,koppel,ziekte,ZS,-,15000,1309.2933330000001,'Julie HS & VS'!AI59
uitkering,koppel,ziekte,WN,1,1550,1543.1600000000001,'Julie HS & VS'!B60
uitkering,koppel,ziekte,WN,1,1800,1801.7,'Julie HS & VS'!C60
uitkering,koppel,ziekte,WN,1,2000,2000.03,'Julie HS & VS'!D60
uitkering,koppel,ziekte,WN,1,2250,2249.0900000000001,'Julie HS & VS'!E60
uitkering,koppel,ziekte,WN,1,2500,2495.3000000000002,'Julie HS & VS'!F60
uitkering,koppel,ziekte,WN,1,2750,2751.5700000000002,'Julie HS & VS'!G60
uitkering,koppel,ziekte,WN,1,3000,3002.5100000000002,'Julie HS & VS'!H60
uitkering,koppel,ziekte,WN,1,3250,3246.29,'Julie HS & VS'!I60
uitkering,koppel,ziekte,WN,1,3500,3501.1300000000001,'Julie HS & VS'!J60
uitkering,koppel,ziekte,WN,1,3750,3751.3299999999999,'Julie HS & VS'!K60
uitkering,koppel,ziekte,WN,1,4000,4003.4299999999998,'Julie HS & VS'!L60
uitkering,koppel,ziekte,WN,1,4250,4245.4399999999996,'Julie HS & VS'!M60
uitkering,koppel,ziekte,WN,1,4500,4497.54,'Julie HS & VS'!N60
uitkering,koppel,ziekte,WN,1,4750,4749.6400000000003,'Julie HS & VS'!O60
uitkering,koppel,ziekte,WN,1,5000,5001.7299999999996,'Julie HS & VS'!P60
uitkering,koppel,ziekte,WN,1,5250,5253.8299999999999,'Julie HS & VS'!Q60
uitkering,koppel,ziekte,WN,1,5500,5495.8400000000001,'Julie HS & VS'!R60
uitkering,koppel,ziekte,WN,1,5750,5747.9399999999996,'Julie HS & VS'!S60
uitkering,koppel,ziekte,WN,1,6000,6000.04,'Julie HS & VS'!T60
uitkering,koppel,ziekte,WN,1,6250,6252.1300000000001,'Julie HS & VS'!U60
uitkering,koppel,ziekte,WN,1,6500,6504.2299999999996,'Julie HS & VS'!V60
uitkering,koppel,ziekte,WN,1,6750,6746.2399999999998,'Julie HS & VS'!W60
uitkering,koppel,ziekte,WN,1,7000,6998.3400000000001,'Julie HS & VS'!X60
uitkering,koppel,ziekte,WN,1,7500,7502.5299999999997,'Julie HS & VS'!Y60
uitkering,koppel,ziekte,WN,1,8000,7996.6400000000003,'Julie HS & VS'!Z60
uitkering,koppel,ziekte,WN,1,8500,8500.8400000000001,'Julie HS & VS'!AA60
uitkering,koppel,ziekte,WN,1,9000,9005.0300000000007,'Julie HS & VS'!AB60
uitkering,koppel,ziekte,WN,1,9500,9499.1399999999994,'Julie HS & VS'!AC60
uitkering,koppel,ziekte,WN,1,10000,10003.34,'Julie HS & VS'!AD60
uitkering,koppel,ziekte,WN,1,11000,11001.639999999999,'Julie HS & VS'!AE60
uitkering,koppel,ziekte,WN,1,12000,11999.940000000001,'Julie HS & VS'!AF60
uitkering,koppel,ziekte,WN,1,13000,12998.25,'Julie HS & VS'!AG60
uitkering,koppel,ziekte,WN,1,14000,13996.549999999999,'Julie HS & VS'!AH60
uitkering,koppel,ziekte,WN,1,15000,15004.940000000001,'Julie HS & VS'!AI60
uitkering,koppel,ziekte,WN,2,1550,850.90200000000004,'Julie HS & VS'!B61
uitkering,koppel,ziekte,WN,2,1800,1043.04,'Julie HS & VS'!C61
uitkering,koppel,ziekte,WN,2,2000,1235.1780000000001,'Julie HS & VS'!D61
uitkering,koppel,ziekte,WN,2,2250,1739.077849,'Julie HS & VS'!E61
uitkering,koppel,ziekte,WN,2,2500,2018.4981809999999,'Julie HS & VS'!F61
uitkering,koppel,ziekte,WN,2,2750,2180.5740930000002,'Julie HS & VS'!G61
uitkering,koppel,ziekte,WN,2,3000,2248.6823319999999,'Julie HS & VS'!H61
uitkering,koppel,ziekte,WN,2,3250,2248.6823319999999,'Julie HS & VS'!I61
uitkering,koppel,ziekte,WN,2,3500,2248.6823319999999,'Julie HS & VS'!J61
uitkering,koppel,ziekte,WN,2,3750,2248.6823319999999,'Julie HS & VS'!K61
uitkering,koppel,ziekte,WN,2,4000,2248.6823319999999,'Julie HS & VS'!L61
uitkering,koppel,ziekte,WN,2,4250,2248.6823319999999,'Julie HS & VS'!M61
uitkering,koppel,ziekte,WN,2,4500,2248.6823319999999,'Julie HS & VS'!N61
uitkering,koppel,ziekte,WN,2,4750,2248.6823319999999,'Julie HS & VS'!O61
uitkering,koppel,ziekte,WN,2,5000,2248.6823319999999,'Julie HS & VS'!P61
uitkering,koppel,ziekte,WN,2,5250,2248.6823319999999,'Julie HS & VS'!Q61
uitkering,koppel,ziekte,WN,2,5500,2248.6823319999999,'Julie HS & VS'!R61
uitkering,koppel,ziekte,WN,2,5750,2248.6823319999999,'Julie HS & VS'!S61
uitkering,koppel,ziekte,WN,2,6000,2248.6823319999999,'Julie HS & VS'!T61
uitkering,koppel,ziekte,WN,2,6250,2248.6823319999999,'Julie HS & VS'!U61
uitkering,koppel,ziekte,WN,2,6500,2248.6823319999999,'Julie HS & VS'!V61
uitkering,koppel,ziekte,WN,2,6750,2248.6823319999999,'Julie HS & VS'!W61
uitkering,koppel,ziekte,WN,2,7000,2248.6823319999999,'Julie HS & VS'!X61
uitkering,koppel,ziekte,WN,2,7500,2248.6823319999999,'Julie HS & VS'!Y61
uitkering,koppel,ziekte,WN,2,8000,2248.6823319999999,'Julie HS & VS'!Z61
uitkering,koppel,ziekte,WN,2,8500,2248.6823319999999,'Julie HS & VS'!AA61
uitkering,koppel,ziekte,WN,2,9000,2248.6823319999999,'Julie HS & VS'!AB61
uitkering,koppel,ziekte,WN,2,9500,2248.6823319999999,'Julie HS & VS'!AC61
uitkering,koppel,ziekte,WN,2,10000,2248.6823319999999,'Julie HS & VS'!AD61
uitkering,koppel,ziekte,WN,2,11000,2248.6823319999999,'Julie HS & VS'!AE61
uitkering,koppel,ziekte,WN,2,12000,2248.6823319999999,'Julie HS & VS'!AF61
uitkering,koppel,ziekte,WN,2,13000,2248.6823319999999,'Julie HS & VS'!AG61
uitkering,koppel,ziekte,WN,2,14000,2248.6823319999999,'Julie HS & VS'!AH61
uitkering,koppel,ziekte,WN,2,15000,2248.6823319999999,'Julie HS & VS'!AI61
uitkering,koppel,ziekte,WN,3,1550,1400,'Julie HS & VS'!B62
uitkering,koppel,ziekte,WN,3,1800,1610.3438719999999,'Julie HS & VS'!C62
uitkering,koppel,ziekte,WN,3,2000,1610.3438719999999,'Julie HS & VS'!D62
uitkering,koppel,ziekte,WN,3,2250,1739.077849,'Julie HS & VS'!E62
uitkering,koppel,ziekte,WN,3,2500,2018.4981809999999,'Julie HS & VS'!F62
uitkering,koppel,ziekte,WN,3,2750,2180.5740930000002,'Julie HS & VS'!G62
uitkering,koppel,ziekte,WN,3,3000,2248.6421489999998,'Julie HS & VS'!H62
uitkering,koppel,ziekte,WN,3,3250,2248.6421489999998,'Julie HS & VS'!I62
uitkering,koppel,ziekte,WN,3,3500,2248.6421489999998,'Julie HS & VS'!J62
uitkering,koppel,ziekte,WN,3,3750,2248.6421489999998,'Julie HS & VS'!K62
uitkering,koppel,ziekte,WN,3,4000,2248.6421489999998,'Julie HS & VS'!L62
uitkering,koppel,ziekte,WN,3,4250,2248.6421489999998,'Julie HS & VS'!M62
uitkering,koppel,ziekte,WN,3,4500,2248.6421489999998,'Julie HS & VS'!N62
uitkering,koppel,ziekte,WN,3,4750,2248.6421489999998,'Julie HS & VS'!O62
uitkering,koppel,ziekte,WN,3,5000,2248.6421489999998,'Julie HS & VS'!P62
uitkering,koppel,ziekte,WN,3,5250,2248.6421489999998,'Julie HS & VS'!Q62
uitkering,koppel,ziekte,WN,3,5500,2248.6421489999998,'Julie HS & VS'!R62
uitkering,koppel,ziekte,WN,3,5750,2248.6421489999998,'Julie HS & VS'!S62
uitkering,koppel,ziekte,WN,3,6000,2248.6421489999998,'Julie HS & VS'!T62
uitkering,koppel,ziekte,WN,3,6250,2248.6421489999998,'Julie HS & VS'!U62
uitkering,koppel,ziekte,WN,3,6500,2248.6421489999998,'Julie HS & VS'!V62
uitkering,koppel,ziekte,WN,3,6750,2248.6421489999998,'Julie HS & VS'!W62
uitkering,koppel,ziekte,WN,3,7000,2248.6421489999998,'Julie HS & VS'!X62
uitkering,koppel,ziekte,WN,3,7500,2248.6421489999998,'Julie HS & VS'!Y62
uitkering,koppel,ziekte,WN,3,8000,2248.6421489999998,'Julie HS & VS'!Z62
uitkering,koppel,ziekte,WN,3,8500,2248.6421489999998,'Julie HS & VS'!AA62
uitkering,koppel,ziekte,WN,3,9000,2248.6421489999998,'Julie HS & VS'!AB62
uitkering,koppel,ziekte,WN,3,9500,2248.6421489999998,'Julie HS & VS'!AC62
uitkering,koppel,ziekte,WN,3,10000,2248.6421489999998,'Julie HS & VS'!AD62
uitkering,koppel,ziekte,WN,3,11000,2248.6421489999998,'Julie HS & VS'!AE62
uitkering,koppel,ziekte,WN,3,12000,2248.6421489999998,'Julie HS & VS'!AF62
uitkering,koppel,ziekte,WN,3,13000,2248.6421489999998,'Julie HS & VS'!AG62
uitkering,koppel,ziekte,WN,3,14000,2248.6421489999998,'Julie HS & VS'!AH62
uitkering,koppel,ziekte,WN,3,15000,2248.6421489999998,'Julie HS & VS'!AI62
uitkering,koppel,ziekte,WN,4-6,1550,1400,'Julie HS & VS'!B63
uitkering,koppel,ziekte,WN,4-6,1800,1610.3438719999999,'Julie HS & VS'!C63
uitkering,koppel,ziekte,WN,4-6,2000,1610.3438719999999,'Julie HS & VS'!D63
uitkering,koppel,ziekte,WN,4-6,2250,1739.077849,'Julie HS & VS'!E63
uitkering,koppel,ziekte,WN,4-6,2500,2018.4981809999999,'Julie HS & VS'!F63
uitkering,koppel,ziekte,WN,4-6,2750,2180.5740930000002,'Julie HS & VS'!G63
uitkering,koppel,ziekte,WN,4-6,3000,2248.6421489999998,'Julie HS & VS'!H63
uitkering,koppel,ziekte,WN,4-6,3250,2248.6421489999998,'Julie HS & VS'!I63
uitkering,koppel,ziekte,WN,4-6,3500,2248.6421489999998,'Julie HS & VS'!J63
uitkering,koppel,ziekte,WN,4-6,3750,2248.6421489999998,'Julie HS & VS'!K63
uitkering,koppel,ziekte,WN,4-6,4000,2248.6421489999998,'Julie HS & VS'!L63
uitkering,koppel,ziekte,WN,4-6,4250,2248.6421489999998,'Julie HS & VS'!M63
uitkering,koppel,ziekte,WN,4-6,4500,2248.6421489999998,'Julie HS & VS'!N63
uitkering,koppel,ziekte,WN,4-6,4750,2248.6421489999998,'Julie HS & VS'!O63
uitkering,koppel,ziekte,WN,4-6,5000,2248.6421489999998,'Julie HS & VS'!P63
uitkering,koppel,ziekte,WN,4-6,5250,2248.6421489999998,'Julie HS & VS'!Q63
uitkering,koppel,ziekte,WN,4-6,5500,2248.6421489999998,'Julie HS & VS'!R63
uitkering,koppel,ziekte,WN,4-6,5750,2248.6421489999998,'Julie HS & VS'!S63
uitkering,koppel,ziekte,WN,4-6,6000,2248.6421489999998,'Julie HS & VS'!T63
uitkering,koppel,ziekte,WN,4-6,6250,2248.6421489999998,'Julie HS & VS'!U63
uitkering,koppel,ziekte,WN,4-6,6500,2248.6421489999998,'Julie HS & VS'!V63
uitkering,koppel,ziekte,WN,4-6,6750,2248.6421489999998,'Julie HS & VS'!W63
uitkering,koppel,ziekte,WN,4-6,7000,2248.6421489999998,'Julie HS & VS'!X63
uitkering,koppel,ziekte,WN,4-6,7500,2248.6421489999998,'Julie HS & VS'!Y63
uitkering,koppel,ziekte,WN,4-6,8000,2248.6421489999998,'Julie HS & VS'!Z63
uitkering,koppel,ziekte,WN,4-6,8500,2248.6421489999998,'Julie HS & VS'!AA63
uitkering,koppel,ziekte,WN,4-6,9000,2248.6421489999998,'Julie HS & VS'!AB63
uitkering,koppel,ziekte,WN,4-6,9500,2248.6421489999998,'Julie HS & VS'!AC63
uitkering,koppel,ziekte,WN,4-6,10000,2248.6421489999998,'Julie HS & VS'!AD63
uitkering,koppel,ziekte,WN,4-6,11000,2248.6421489999998,'Julie HS & VS'!AE63
uitkering,koppel,ziekte,WN,4-6,12000,2248.6421489999998,'Julie HS & VS'!AF63
uitkering,koppel,ziekte,WN,4-6,13000,2248.6421489999998,'Julie HS & VS'!AG63
uitkering,koppel,ziekte,WN,4-6,14000,2248.6421489999998,'Julie HS & VS'!AH63
uitkering,koppel,ziekte,WN,4-6,15000,2248.6421489999998,'Julie HS & VS'!AI63
uitkering,koppel,ziekte,WN,7-12,1550,1380.927856,'Julie HS & VS'!B64
uitkering,koppel,ziekte,WN,7-12,1800,1380.927856,'Julie HS & VS'!C64
uitkering,koppel,ziekte,WN,7-12,2000,1380.927856,'Julie HS & VS'!D64
uitkering,koppel,ziekte,WN,7-12,2250,1739.077849,'Julie HS & VS'!E64
uitkering,koppel,ziekte,WN,7-12,2500,2018.4981809999999,'Julie HS & VS'!F64
uitkering,koppel,ziekte,WN,7-12,2750,2180.5740930000002,'Julie HS & VS'!G64
uitkering,koppel,ziekte,WN,7-12,3000,2248.6421489999998,'Julie HS & VS'!H64
uitkering,koppel,ziekte,WN,7-12,3250,2248.6421489999998,'Julie HS & VS'!I64
uitkering,koppel,ziekte,WN,7-12,3500,2248.6421489999998,'Julie HS & VS'!J64
uitkering,koppel,ziekte,WN,7-12,3750,2248.6421489999998,'Julie HS & VS'!K64
uitkering,koppel,ziekte,WN,7-12,4000,2248.6421489999998,'Julie HS & VS'!L64
uitkering,koppel,ziekte,WN,7-12,4250,2248.6421489999998,'Julie HS & VS'!M64
uitkering,koppel,ziekte,WN,7-12,4500,2248.6421489999998,'Julie HS & VS'!N64
uitkering,koppel,ziekte,WN,7-12,4750,2248.6421489999998,'Julie HS & VS'!O64
uitkering,koppel,ziekte,WN,7-12,5000,2248.6421489999998,'Julie HS & VS'!P64
uitkering,koppel,ziekte,WN,7-12,5250,2248.6421489999998,'Julie HS & VS'!Q64
uitkering,koppel,ziekte,WN,7-12,5500,2248.6421489999998,'Julie HS & VS'!R64
uitkering,koppel,ziekte,WN,7-12,5750,2248.6421489999998,'Julie HS & VS'!S64
uitkering,koppel,ziekte,WN,7-12,6000,2248.6421489999998,'Julie HS & VS'!T64
uitkering,koppel,ziekte,WN,7-12,6250,2248.6421489999998,'Julie HS & VS'!U64
uitkering,koppel,ziekte,WN,7-12,6500,2248.6421489999998,'Julie HS & VS'!V64
uitkering,koppel,ziekte,WN,7-12,6750,2248.6421489999998,'Julie HS & VS'!W64
uitkering,koppel,ziekte,WN,7-12,7000,2248.6421489999998,'Julie HS & VS'!X64
uitkering,koppel,ziekte,WN,7-12,7500,2248.6421489999998,'Julie HS & VS'!Y64
uitkering,koppel,ziekte,WN,7-12,8000,2248.6421489999998,'Julie HS & VS'!Z64
uitkering,koppel,ziekte,WN,7-12,8500,2248.6421489999998,'Julie HS & VS'!AA64
uitkering,koppel,ziekte,WN,7-12,9000,2248.6421489999998,'Julie HS & VS'!AB64
uitkering,koppel,ziekte,WN,7-12,9500,2248.6421489999998,'Julie HS & VS'!AC64
uitkering,koppel,ziekte,WN,7-12,10000,2248.6421489999998,'Julie HS & VS'!AD64
uitkering,koppel,ziekte,WN,7-12,11000,2248.6421489999998,'Julie HS & VS'!AE64
uitkering,koppel,ziekte,WN,7-12,12000,2248.6421489999998,'Julie HS & VS'!AF64
uitkering,koppel,ziekte,WN,7-12,13000,2248.6421489999998,'Julie HS & VS'!AG64
uitkering,koppel,ziekte,WN,7-12,14000,2248.6421489999998,'Julie HS & VS'!AH64
uitkering,koppel,ziekte,WN,7-12,15000,2248.6421489999998,'Julie HS & VS'!AI64
uitkering,alleen,werkloosheid,ZS,-,1550,1612.961258,'Julie HS & VS'!B68
uitkering,alleen,werkloosheid,ZS,-,1800,1612.961258,'Julie HS & VS'!C68
uitkering,alleen,werkloosheid,ZS,-,2000,1612.961258,'Julie HS & VS'!D68
uitkering,alleen,werkloosheid,ZS,-,2250,1612.961258,'Julie HS & VS'!E68
uitkering,alleen,werkloosheid,ZS,-,2500,1612.961258,'Julie HS & VS'!F68
uitkering,alleen,werkloosheid,ZS,-,2750,1612.961258,'Julie HS & VS'!G68
uitkering,alleen,werkloosheid,ZS,-,3000,1612.961258,'Julie HS & VS'!H68
uitkering,alleen,werkloosheid,ZS,-,3250,1612.961258,'Julie HS & VS'!I68
uitkering,alleen,werkloosheid,ZS,-,3500,1612.961258,'Julie HS & VS'!J68
uitkering,alleen,werkloosheid,ZS,-,3750,1612.961258,'Julie HS & VS'!K68
uitkering,alleen,werkloosheid,ZS,-,4000,1612.961258,'Julie HS & VS'!L68
uitkering,alleen,werkloosheid,ZS,-,4250,1612.961258,'Julie HS & VS'!M68
uitkering,alleen,werkloosheid,ZS,-,4500,1612.961258,'Julie HS & VS'!N68
uitkering,alleen,werkloosheid,ZS,-,4750,1612.961258,'Julie HS & VS'!O68
uitkering,alleen,werkloosheid,ZS,-,5000,1612.961258,'Julie HS & VS'!P68
uitkering,alleen,werkloosheid,ZS,-,5250,1612.961258,'Julie HS & VS'!Q68
uitkering,alleen,werkloosheid,ZS,-,5500,1612.961258,'Julie HS & VS'!R68
uitkering,alleen,werkloosheid,ZS,-,5750,1612.961258,'Julie HS & VS'!S68
uitkering,alleen,werkloosheid,ZS,-,6000,1612.961258,'Julie HS & VS'!T68
uitkering,alleen,werkloosheid,ZS,-,6250,1612.961258,'Julie HS & VS'!U68
uitkering,alleen,werkloosheid,ZS,-,6500,1612.961258,'Julie HS & VS'!V68
uitkering,alleen,werkloosheid,ZS,-,6750,1612.961258,'Julie HS & VS'!W68
uitkering,alleen,werkloosheid,ZS,-,7000,1612.961258,'Julie HS & VS'!X68
uitkering,alleen,werkloosheid,ZS,-,7500,1612.961258,'Julie HS & VS'!Y68
uitkering,alleen,werkloosheid,ZS,-,8000,1612.961258,'Julie HS & VS'!Z68
uitkering,alleen,werkloosheid,ZS,-,8500,1612.961258,'Julie HS & VS'!AA68
uitkering,alleen,werkloosheid,ZS,-,9000,1612.961258,'Julie HS & VS'!AB68
uitkering,alleen,werkloosheid,ZS,-,9500,1612.961258,'Julie HS & VS'!AC68
uitkering,alleen,werkloosheid,ZS,-,10000,1612.961258,'Julie HS & VS'!AD68
uitkering,alleen,werkloosheid,ZS,-,11000,1612.961258,'Julie HS & VS'!AE68
uitkering,alleen,werkloosheid,ZS,-,12000,1612.961258,'Julie HS & VS'!AF68
uitkering,alleen,werkloosheid,ZS,-,13000,1612.961258,'Julie HS & VS'!AG68
uitkering,alleen,werkloosheid,ZS,-,14000,1612.961258,'Julie HS & VS'!AH68
uitkering,alleen,werkloosheid,ZS,-,15000,1612.961258,'Julie HS & VS'!AI68
uitkering,alleen,werkloosheid,WN,1-3,1550,1413.25,'Julie HS & VS'!B69
uitkering,alleen,werkloosheid,WN,1-3,1800,1413.25,'Julie HS & VS'!C69
uitkering,alleen,werkloosheid,WN,1-3,2000,1413.25,'Julie HS & VS'!D69
uitkering,alleen,werkloosheid,WN,1-3,2250,1749.0441290000001,'Julie HS & VS'!E69
uitkering,alleen,werkloosheid,WN,1-3,2500,1900.1484459999999,'Julie HS & VS'!F69
uitkering,alleen,werkloosheid,WN,1-3,2750,1900.1484459999999,'Julie HS & VS'!G69
uitkering,alleen,werkloosheid,WN,1-3,3000,1900.1484459999999,'Julie HS & VS'!H69
uitkering,alleen,werkloosheid,WN,1-3,3250,1900.1484459999999,'Julie HS & VS'!I69
uitkering,alleen,werkloosheid,WN,1-3,3500,1900.1484459999999,'Julie HS & VS'!J69
uitkering,alleen,werkloosheid,WN,1-3,3750,1900.1484459999999,'Julie HS & VS'!K69
uitkering,alleen,werkloosheid,WN,1-3,4000,1900.1484459999999,'Julie HS & VS'!L69
uitkering,alleen,werkloosheid,WN,1-3,4250,1900.1484459999999,'Julie HS & VS'!M69
uitkering,alleen,werkloosheid,WN,1-3,4500,1900.1484459999999,'Julie HS & VS'!N69
uitkering,alleen,werkloosheid,WN,1-3,4750,1900.1484459999999,'Julie HS & VS'!O69
uitkering,alleen,werkloosheid,WN,1-3,5000,1900.1484459999999,'Julie HS & VS'!P69
uitkering,alleen,werkloosheid,WN,1-3,5250,1900.1484459999999,'Julie HS & VS'!Q69
uitkering,alleen,werkloosheid,WN,1-3,5500,1900.1484459999999,'Julie HS & VS'!R69
uitkering,alleen,werkloosheid,WN,1-3,5750,1900.1484459999999,'Julie HS & VS'!S69
uitkering,alleen,werkloosheid,WN,1-3,6000,1900.1484459999999,'Julie HS & VS'!T69
uitkering,alleen,werkloosheid,WN,1-3,6250,1900.1484459999999,'Julie HS & VS'!U69
uitkering,alleen,werkloosheid,WN,1-3,6500,1900.1484459999999,'Julie HS & VS'!V69
uitkering,alleen,werkloosheid,WN,1-3,6750,1900.1484459999999,'Julie HS & VS'!W69
uitkering,alleen,werkloosheid,WN,1-3,7000,1900.1484459999999,'Julie HS & VS'!X69
uitkering,alleen,werkloosheid,WN,1-3,7500,1900.1484459999999,'Julie HS & VS'!Y69
uitkering,alleen,werkloosheid,WN,1-3,8000,1900.1484459999999,'Julie HS & VS'!Z69
uitkering,alleen,werkloosheid,WN,1-3,8500,1900.1484459999999,'Julie HS & VS'!AA69
uitkering,alleen,werkloosheid,WN,1-3,9000,1900.1484459999999,'Julie HS & VS'!AB69
uitkering,alleen,werkloosheid,WN,1-3,9500,1900.1484459999999,'Julie HS & VS'!AC69
uitkering,alleen,werkloosheid,WN,1-3,10000,1900.1484459999999,'Julie HS & VS'!AD69
uitkering,alleen,werkloosheid,WN,1-3,11000,1900.1484459999999,'Julie HS & VS'!AE69
uitkering,alleen,werkloosheid,WN,1-3,12000,1900.1484459999999,'Julie HS & VS'!AF69
uitkering,alleen,werkloosheid,WN,1-3,13000,1900.1484459999999,'Julie HS & VS'!AG69
uitkering,alleen,werkloosheid,WN,1-3,14000,1900.1484459999999,'Julie HS & VS'!AH69
uitkering,alleen,werkloosheid,WN,1-3,15000,1900.1484459999999,'Julie HS & VS'!AI69
uitkering,alleen,werkloosheid,WN,4-6,1550,1413.25,'Julie HS & VS'!B70
uitkering,alleen,werkloosheid,WN,4-6,1800,1413.25,'Julie HS & VS'!C70
uitkering,alleen,werkloosheid,WN,4-6,2000,1413.25,'Julie HS & VS'!D70
uitkering,alleen,werkloosheid,WN,4-6,2250,1673.3677889999999,'Julie HS & VS'!E70
uitkering,alleen,werkloosheid,WN,4-6,2500,1785.368747,'Julie HS & VS'!F70
uitkering,alleen,werkloosheid,WN,4-6,2750,1812.8709650000001,'Julie HS & VS'!G70
uitkering,alleen,werkloosheid,WN,4-6,3000,1812.8709650000001,'Julie HS & VS'!H70
uitkering,alleen,werkloosheid,WN,4-6,3250,1812.8709650000001,'Julie HS & VS'!I70
uitkering,alleen,werkloosheid,WN,4-6,3500,1812.8709650000001,'Julie HS & VS'!J70
uitkering,alleen,werkloosheid,WN,4-6,3750,1812.8709650000001,'Julie HS & VS'!K70
uitkering,alleen,werkloosheid,WN,4-6,4000,1812.8709650000001,'Julie HS & VS'!L70
uitkering,alleen,werkloosheid,WN,4-6,4250,1812.8709650000001,'Julie HS & VS'!M70
uitkering,alleen,werkloosheid,WN,4-6,4500,1812.8709650000001,'Julie HS & VS'!N70
uitkering,alleen,werkloosheid,WN,4-6,4750,1812.8709650000001,'Julie HS & VS'!O70
uitkering,alleen,werkloosheid,WN,4-6,5000,1812.8709650000001,'Julie HS & VS'!P70
uitkering,alleen,werkloosheid,WN,4-6,5250,1812.8709650000001,'Julie HS & VS'!Q70
uitkering,alleen,werkloosheid,WN,4-6,5500,1812.8709650000001,'Julie HS & VS'!R70
uitkering,alleen,werkloosheid,WN,4-6,5750,1812.8709650000001,'Julie HS & VS'!S70
uitkering,alleen,werkloosheid,WN,4-6,6000,1812.8709650000001,'Julie HS & VS'!T70
uitkering,alleen,werkloosheid,WN,4-6,6250,1812.8709650000001,'Julie HS & VS'!U70
uitkering,alleen,werkloosheid,WN,4-6,6500,1812.8709650000001,'Julie HS & VS'!V70
uitkering,alleen,werkloosheid,WN,4-6,6750,1812.8709650000001,'Julie HS & VS'!W70
uitkering,alleen,werkloosheid,WN,4-6,7000,1812.8709650000001,'Julie HS & VS'!X70
uitkering,alleen,werkloosheid,WN,4-6,7500,1812.8709650000001,'Julie HS & VS'!Y70
uitkering,alleen,werkloosheid,WN,4-6,8000,1812.8709650000001,'Julie HS & VS'!Z70
uitkering,alleen,werkloosheid,WN,4-6,8500,1812.8709650000001,'Julie HS & VS'!AA70
uitkering,alleen,werkloosheid,WN,4-6,9000,1812.8709650000001,'Julie HS & VS'!AB70
uitkering,alleen,werkloosheid,WN,4-6,9500,1812.8709650000001,'Julie HS & VS'!AC70
uitkering,alleen,werkloosheid,WN,4-6,10000,1812.8709650000001,'Julie HS & VS'!AD70
uitkering,alleen,werkloosheid,WN,4-6,11000,1812.8709650000001,'Julie HS & VS'!AE70
uitkering,alleen,werkloosheid,WN,4-6,12000,1812.8709650000001,'Julie HS & VS'!AF70
uitkering,alleen,werkloosheid,WN,4-6,13000,1812.8709650000001,'Julie HS & VS'!AG70
uitkering,alleen,werkloosheid,WN,4-6,14000,1812.8709650000001,'Julie HS & VS'!AH70
uitkering,alleen,werkloosheid,WN,4-6,15000,1812.8709650000001,'Julie HS & VS'!AI70
uitkering,alleen,werkloosheid,WN,7-12,1550,1413.25,'Julie HS & VS'!B71
uitkering,alleen,werkloosheid,WN,7-12,1800,1413.25,'Julie HS & VS'!C71
uitkering,alleen,werkloosheid,WN,7-12,2000,1413.25,'Julie HS & VS'!D71
uitkering,alleen,werkloosheid,WN,7-12,2250,1673.3677889999999,'Julie HS & VS'!E71
uitkering,alleen,werkloosheid,WN,7-12,2500,1741.64464,'Julie HS & VS'!F71
uitkering,alleen,werkloosheid,WN,7-12,2750,1741.64464,'Julie HS & VS'!G71
uitkering,alleen,werkloosheid,WN,7-12,3000,1741.64464,'Julie HS & VS'!H71
uitkering,alleen,werkloosheid,WN,7-12,3250,1741.64464,'Julie HS & VS'!I71
uitkering,alleen,werkloosheid,WN,7-12,3500,1741.64464,'Julie HS & VS'!J71
uitkering,alleen,werkloosheid,WN,7-12,3750,1741.64464,'Julie HS & VS'!K71
uitkering,alleen,werkloosheid,WN,7-12,4000,1741.64464,'Julie HS & VS'!L71
uitkering,alleen,werkloosheid,WN,7-12,4250,1741.64464,'Julie HS & VS'!M71
uitkering,alleen,werkloosheid,WN,7-12,4500,1741.64464,'Julie HS & VS'!N71
uitkering,alleen,werkloosheid,WN,7-12,4750,1741.64464,'Julie HS & VS'!O71
uitkering,alleen,werkloosheid,WN,7-12,5000,1741.64464,'Julie HS & VS'!P71
uitkering,alleen,werkloosheid,WN,7-12,5250,1741.64464,'Julie HS & VS'!Q71
uitkering,alleen,werkloosheid,WN,7-12,5500,1741.64464,'Julie HS & VS'!R71
uitkering,alleen,werkloosheid,WN,7-12,5750,1741.64464,'Julie HS & VS'!S71
uitkering,alleen,werkloosheid,WN,7-12,6000,1741.64464,'Julie HS & VS'!T71
uitkering,alleen,werkloosheid,WN,7-12,6250,1741.64464,'Julie HS & VS'!U71
uitkering,alleen,werkloosheid,WN,7-12,6500,1741.64464,'Julie HS & VS'!V71
uitkering,alleen,werkloosheid,WN,7-12,6750,1741.64464,'Julie HS & VS'!W71
uitkering,alleen,werkloosheid,WN,7-12,7000,1741.64464,'Julie HS & VS'!X71
uitkering,alleen,werkloosheid,WN,7-12,7500,1741.64464,'Julie HS & VS'!Y71
uitkering,alleen,werkloosheid,WN,7-12,8000,1741.64464,'Julie HS & VS'!Z71
uitkering,alleen,werkloosheid,WN,7-12,8500,1741.64464,'Julie HS & VS'!AA71
uitkering,alleen,werkloosheid,WN,7-12,9000,1741.64464,'Julie HS & VS'!AB71
uitkering,alleen,werkloosheid,WN,7-12,9500,1741.64464,'Julie HS & VS'!AC71
uitkering,alleen,werkloosheid,WN,7-12,10000,1741.64464,'Julie HS & VS'!AD71
uitkering,alleen,werkloosheid,WN,7-12,11000,1741.64464,'Julie HS & VS'!AE71
uitkering,alleen,werkloosheid,WN,7-12,12000,1741.64464,'Julie HS & VS'!AF71
uitkering,alleen,werkloosheid,WN,7-12,13000,1741.64464,'Julie HS & VS'!AG71
uitkering,alleen,werkloosheid,WN,7-12,14000,1741.64464,'Julie HS & VS'!AH71
uitkering,alleen,werkloosheid,WN,7-12,15000,1741.64464,'Julie HS & VS'!AI71
uitkering,koppel,werkloosheid,ZS,-,1550,1612.961258,'Julie HS & VS'!B73
uitkering,koppel,werkloosheid,ZS,-,1800,1612.961258,'Julie HS & VS'!C73
uitkering,koppel,werkloosheid,ZS,-,2000,1612.961258,'Julie HS & VS'!D73
uitkering,koppel,werkloosheid,ZS,-,2250,1612.961258,'Julie HS & VS'!E73
uitkering,koppel,werkloosheid,ZS,-,2500,1612.961258,'Julie HS & VS'!F73
uitkering,koppel,werkloosheid,ZS,-,2750,1612.961258,'Julie HS & VS'!G73
uitkering,koppel,werkloosheid,ZS,-,3000,1612.961258,'Julie HS & VS'!H73
uitkering,koppel,werkloosheid,ZS,-,3250,1612.961258,'Julie HS & VS'!I73
uitkering,koppel,werkloosheid,ZS,-,3500,1612.961258,'Julie HS & VS'!J73
uitkering,koppel,werkloosheid,ZS,-,3750,1612.961258,'Julie HS & VS'!K73
uitkering,koppel,werkloosheid,ZS,-,4000,1612.961258,'Julie HS & VS'!L73
uitkering,koppel,werkloosheid,ZS,-,4250,1612.961258,'Julie HS & VS'!M73
uitkering,koppel,werkloosheid,ZS,-,4500,1612.961258,'Julie HS & VS'!N73
uitkering,koppel,werkloosheid,ZS,-,4750,1612.961258,'Julie HS & VS'!O73
uitkering,koppel,werkloosheid,ZS,-,5000,1612.961258,'Julie HS & VS'!P73
uitkering,koppel,werkloosheid,ZS,-,5250,1612.961258,'Julie HS & VS'!Q73
uitkering,koppel,werkloosheid,ZS,-,5500,1612.961258,'Julie HS & VS'!R73
uitkering,koppel,werkloosheid,ZS,-,5750,1612.961258,'Julie HS & VS'!S73
uitkering,koppel,werkloosheid,ZS,-,6000,1612.961258,'Julie HS & VS'!T73
uitkering,koppel,werkloosheid,ZS,-,6250,1612.961258,'Julie HS & VS'!U73
uitkering,koppel,werkloosheid,ZS,-,6500,1612.961258,'Julie HS & VS'!V73
uitkering,koppel,werkloosheid,ZS,-,6750,1612.961258,'Julie HS & VS'!W73
uitkering,koppel,werkloosheid,ZS,-,7000,1612.961258,'Julie HS & VS'!X73
uitkering,koppel,werkloosheid,ZS,-,7500,1612.961258,'Julie HS & VS'!Y73
uitkering,koppel,werkloosheid,ZS,-,8000,1612.961258,'Julie HS & VS'!Z73
uitkering,koppel,werkloosheid,ZS,-,8500,1612.961258,'Julie HS & VS'!AA73
uitkering,koppel,werkloosheid,ZS,-,9000,1612.961258,'Julie HS & VS'!AB73
uitkering,koppel,werkloosheid,ZS,-,9500,1612.961258,'Julie HS & VS'!AC73
uitkering,koppel,werkloosheid,ZS,-,10000,1612.961258,'Julie HS & VS'!AD73
uitkering,koppel,werkloosheid,ZS,-,11000,1612.961258,'Julie HS & VS'!AE73
uitkering,koppel,werkloosheid,ZS,-,12000,1612.961258,'Julie HS & VS'!AF73
uitkering,koppel,werkloosheid,ZS,-,13000,1612.961258,'Julie HS & VS'!AG73
uitkering,koppel,werkloosheid,ZS,-,14000,1612.961258,'Julie HS & VS'!AH73
uitkering,koppel,werkloosheid,ZS,-,15000,1612.961258,'Julie HS & VS'!AI73
uitkering,koppel,werkloosheid,WN,1-3,1550,1360.329956,'Julie HS & VS'!B74
uitkering,koppel,werkloosheid,WN,1-3,1800,1360.329956,'Julie HS & VS'!C74
uitkering,koppel,werkloosheid,WN,1-3,2000,1360.329956,'Julie HS & VS'!D74
uitkering,koppel,werkloosheid,WN,1-3,2250,1749.0441290000001,'Julie HS & VS'!E74
uitkering,koppel,werkloosheid,WN,1-3,2500,1900.1484459999999,'Julie HS & VS'!F74
uitkering,koppel,werkloosheid,WN,1-3,2750,1900.1484459999999,'Julie HS & VS'!G74
uitkering,koppel,werkloosheid,WN,1-3,3000,1900.1484459999999,'Julie HS & VS'!H74
uitkering,koppel,werkloosheid,WN,1-3,3250,1900.1484459999999,'Julie HS & VS'!I74
uitkering,koppel,werkloosheid,WN,1-3,3500,1900.1484459999999,'Julie HS & VS'!J74
uitkering,koppel,werkloosheid,WN,1-3,3750,1900.1484459999999,'Julie HS & VS'!K74
uitkering,koppel,werkloosheid,WN,1-3,4000,1900.1484459999999,'Julie HS & VS'!L74
uitkering,koppel,werkloosheid,WN,1-3,4250,1900.1484459999999,'Julie HS & VS'!M74
uitkering,koppel,werkloosheid,WN,1-3,4500,1900.1484459999999,'Julie HS & VS'!N74
uitkering,koppel,werkloosheid,WN,1-3,4750,1900.1484459999999,'Julie HS & VS'!O74
uitkering,koppel,werkloosheid,WN,1-3,5000,1900.1484459999999,'Julie HS & VS'!P74
uitkering,koppel,werkloosheid,WN,1-3,5250,1900.1484459999999,'Julie HS & VS'!Q74
uitkering,koppel,werkloosheid,WN,1-3,5500,1900.1484459999999,'Julie HS & VS'!R74
uitkering,koppel,werkloosheid,WN,1-3,5750,1900.1484459999999,'Julie HS & VS'!S74
uitkering,koppel,werkloosheid,WN,1-3,6000,1900.1484459999999,'Julie HS & VS'!T74
uitkering,koppel,werkloosheid,WN,1-3,6250,1900.1484459999999,'Julie HS & VS'!U74
uitkering,koppel,werkloosheid,WN,1-3,6500,1900.1484459999999,'Julie HS & VS'!V74
uitkering,koppel,werkloosheid,WN,1-3,6750,1900.1484459999999,'Julie HS & VS'!W74
uitkering,koppel,werkloosheid,WN,1-3,7000,1900.1484459999999,'Julie HS & VS'!X74
uitkering,koppel,werkloosheid,WN,1-3,7500,1900.1484459999999,'Julie HS & VS'!Y74
uitkering,koppel,werkloosheid,WN,1-3,8000,1900.1484459999999,'Julie HS & VS'!Z74
uitkering,koppel,werkloosheid,WN,1-3,8500,1900.1484459999999,'Julie HS & VS'!AA74
uitkering,koppel,werkloosheid,WN,1-3,9000,1900.1484459999999,'Julie HS & VS'!AB74
uitkering,koppel,werkloosheid,WN,1-3,9500,1900.1484459999999,'Julie HS & VS'!AC74
uitkering,koppel,werkloosheid,WN,1-3,10000,1900.1484459999999,'Julie HS & VS'!AD74
uitkering,koppel,werkloosheid,WN,1-3,11000,1900.1484459999999,'Julie HS & VS'!AE74
uitkering,koppel,werkloosheid,WN,1-3,12000,1900.1484459999999,'Julie HS & VS'!AF74
uitkering,koppel,werkloosheid,WN,1-3,13000,1900.1484459999999,'Julie HS & VS'!AG74
uitkering,koppel,werkloosheid,WN,1-3,14000,1900.1484459999999,'Julie HS & VS'!AH74
uitkering,koppel,werkloosheid,WN,1-3,15000,1900.1484459999999,'Julie HS & VS'!AI74
uitkering,koppel,werkloosheid,WN,4-6,1550,1280.8191000000002,'Julie HS & VS'!B75
uitkering,koppel,werkloosheid,WN,4-6,1800,1280.8191000000002,'Julie HS & VS'!C75
uitkering,koppel,werkloosheid,WN,4-6,2000,1280.8191000000002,'Julie HS & VS'!D75
uitkering,koppel,werkloosheid,WN,4-6,2250,1673.3677889999999,'Julie HS & VS'!E75
uitkering,koppel,werkloosheid,WN,4-6,2500,1812.8709650000001,'Julie HS & VS'!F75
uitkering,koppel,werkloosheid,WN,4-6,2750,1812.8709650000001,'Julie HS & VS'!G75
uitkering,koppel,werkloosheid,WN,4-6,3000,1812.8709650000001,'Julie HS & VS'!H75
uitkering,koppel,werkloosheid,WN,4-6,3250,1812.8709650000001,'Julie HS & VS'!I75
uitkering,koppel,werkloosheid,WN,4-6,3500,1812.8709650000001,'Julie HS & VS'!J75
uitkering,koppel,werkloosheid,WN,4-6,3750,1812.8709650000001,'Julie HS & VS'!K75
uitkering,koppel,werkloosheid,WN,4-6,4000,1812.8709650000001,'Julie HS & VS'!L75
uitkering,koppel,werkloosheid,WN,4-6,4250,1812.8709650000001,'Julie HS & VS'!M75
uitkering,koppel,werkloosheid,WN,4-6,4500,1812.8709650000001,'Julie HS & VS'!N75
uitkering,koppel,werkloosheid,WN,4-6,4750,1812.8709650000001,'Julie HS & VS'!O75
uitkering,koppel,werkloosheid,WN,4-6,5000,1812.8709650000001,'Julie HS & VS'!P75
uitkering,koppel,werkloosheid,WN,4-6,5250,1812.8709650000001,'Julie HS & VS'!Q75
uitkering,koppel,werkloosheid,WN,4-6,5500,1812.8709650000001,'Julie HS & VS'!R75
uitkering,koppel,werkloosheid,WN,4-6,5750,1812.8709650000001,'Julie HS & VS'!S75
uitkering,koppel,werkloosheid,WN,4-6,6000,1812.8709650000001,'Julie HS & VS'!T75
uitkering,koppel,werkloosheid,WN,4-6,6250,1812.8709650000001,'Julie HS & VS'!U75
uitkering,koppel,werkloosheid,WN,4-6,6500,1812.8709650000001,'Julie HS & VS'!V75
uitkering,koppel,werkloosheid,WN,4-6,6750,1812.8709650000001,'Julie HS & VS'!W75
uitkering,koppel,werkloosheid,WN,4-6,7000,1812.8709650000001,'Julie HS & VS'!X75
uitkering,koppel,werkloosheid,WN,4-6,7500,1812.8709650000001,'Julie HS & VS'!Y75
uitkering,koppel,werkloosheid,WN,4-6,8000,1812.8709650000001,'Julie HS & VS'!Z75
uitkering,koppel,werkloosheid,WN,4-6,8500,1812.8709650000001,'Julie HS & VS'!AA75
uitkering,koppel,werkloosheid,WN,4-6,9000,1812.8709650000001,'Julie HS & VS'!AB75
uitkering,koppel,werkloosheid,WN,4-6,9500,1812.8709650000001,'Julie HS & VS'!AC75
uitkering,koppel,werkloosheid,WN,4-6,10000,1812.8709650000001,'Julie HS & VS'!AD75
uitkering,koppel,werkloosheid,WN,4-6,11000,1812.8709650000001,'Julie HS & VS'!AE75
uitkering,koppel,werkloosheid,WN,4-6,12000,1812.8709650000001,'Julie HS & VS'!AF75
uitkering,koppel,werkloosheid,WN,4-6,13000,1812.8709650000001,'Julie HS & VS'!AG75
uitkering,koppel,werkloosheid,WN,4-6,14000,1812.8709650000001,'Julie HS & VS'!AH75
uitkering,koppel,werkloosheid,WN,4-6,15000,1812.8709650000001,'Julie HS & VS'!AI75
uitkering,koppel,werkloosheid,WN,7-12,1550,1280.8191000000002,'Julie HS & VS'!B76
uitkering,koppel,werkloosheid,WN,7-12,1800,1280.8191000000002,'Julie HS & VS'!C76
uitkering,koppel,werkloosheid,WN,7-12,2000,1280.8191000000002,'Julie HS & VS'!D76
uitkering,koppel,werkloosheid,WN,7-12,2250,1673.3677889999999,'Julie HS & VS'!E76
uitkering,koppel,werkloosheid,WN,7-12,2500,1741.64464,'Julie HS & VS'!F76
uitkering,koppel,werkloosheid,WN,7-12,2750,1741.64464,'Julie HS & VS'!G76
uitkering,koppel,werkloosheid,WN,7-12,3000,1741.64464,'Julie HS & VS'!H76
uitkering,koppel,werkloosheid,WN,7-12,3250,1741.64464,'Julie HS & VS'!I76
uitkering,koppel,werkloosheid,WN,7-12,3500,1741.64464,'Julie HS & VS'!J76
uitkering,koppel,werkloosheid,WN,7-12,3750,1741.64464,'Julie HS & VS'!K76
uitkering,koppel,werkloosheid,WN,7-12,4000,1741.64464,'Julie HS & VS'!L76
uitkering,koppel,werkloosheid,WN,7-12,4250,1741.64464,'Julie HS & VS'!M76
uitkering,koppel,werkloosheid,WN,7-12,4500,1741.64464,'Julie HS & VS'!N76
uitkering,koppel,werkloosheid,WN,7-12,4750,1741.64464,'Julie HS & VS'!O76
uitkering,koppel,werkloosheid,WN,7-12,5000,1741.64464,'Julie HS & VS'!P76
uitkering,koppel,werkloosheid,WN,7-12,5250,1741.64464,'Julie HS & VS'!Q76
uitkering,koppel,werkloosheid,WN,7-12,5500,1741.64464,'Julie HS & VS'!R76
uitkering,koppel,werkloosheid,WN,7-12,5750,1741.64464,'Julie HS & VS'!S76
uitkering,koppel,werkloosheid,WN,7-12,6000,1741.64464,'Julie HS & VS'!T76
uitkering,koppel,werkloosheid,WN,7-12,6250,1741.64464,'Julie HS & VS'!U76
uitkering,koppel,werkloosheid,WN,7-12,6500,1741.64464,'Julie HS & VS'!V76
uitkering,koppel,werkloosheid,WN,7-12,6750,1741.64464,'Julie HS & VS'!W76
uitkering,koppel,werkloosheid,WN,7-12,7000,1741.64464,'Julie HS & VS'!X76
uitkering,koppel,werkloosheid,WN,7-12,7500,1741.64464,'Julie HS & VS'!Y76
uitkering,koppel,werkloosheid,WN,7-12,8000,1741.64464,'Julie HS & VS'!Z76
uitkering,koppel,werkloosheid,WN,7-12,8500,1741.64464,'Julie HS & VS'!AA76
uitkering,koppel,werkloosheid,WN,7-12,9000,1741.64464,'Julie HS & VS'!AB76
uitkering,koppel,werkloosheid,WN,7-12,9500,1741.64464,'Julie HS & VS'!AC76
uitkering,koppel,werkloosheid,WN,7-12,10000,1741.64464,'Julie HS & VS'!AD76
uitkering,koppel,werkloosheid,WN,7-12,11000,1741.64464,'Julie HS & VS'!AE76
uitkering,koppel,werkloosheid,WN,7-12,12000,1741.64464,'Julie HS & VS'!AF76
uitkering,koppel,werkloosheid,WN,7-12,13000,1741.64464,'Julie HS & VS'!AG76
uitkering,koppel,werkloosheid,WN,7-12,14000,1741.64464,'Julie HS & VS'!AH76
uitkering,koppel,werkloosheid,WN,7-12,15000,1741.64464,'Julie HS & VS'!AI76
uitkering,-,pensioen,ZV100,-,1550,1682.862893,'Julie HS & VS'!B78
uitkering,-,pensioen,ZV100,-,1800,1682.862893,'Julie HS & VS'!C78
uitkering,-,pensioen,ZV100,-,2000,1682.862893,'Julie HS & VS'!D78
uitkering,-,pensioen,ZV100,-,2250,1726.6749890000001,'Julie HS & VS'!E78
uitkering,-,pensioen,ZV100,-,2500,1825.016179,'Julie HS & VS'!F78
uitkering,-,pensioen,ZV100,-,2750,1969.534461,'Julie HS & VS'!G78
uitkering,-,pensioen,ZV100,-,3000,2098.6969680000002,'Julie HS & VS'!H78
uitkering,-,pensioen,ZV100,-,3250,2238.6239420000002,'Julie HS & VS'!I78
uitkering,-,pensioen,ZV100,-,3500,2355.4500840000001,'Julie HS & VS'!J78
uitkering,-,pensioen,ZV100,-,3750,2474.2340180000001,'Julie HS & VS'!K78
uitkering,-,pensioen,ZV100,-,4000,2615.65202,'Julie HS & VS'!L78
uitkering,-,pensioen,ZV100,-,4250,2749.335752,'Julie HS & VS'!M78
uitkering,-,pensioen,ZV100,-,4500,2868.233299,'Julie HS & VS'!N78
uitkering,-,pensioen,ZV100,-,4750,2987.2740330000001,'Julie HS & VS'!O78
uitkering,-,pensioen,ZV100,-,5000,3133.2700380000001,'Julie HS & VS'!P78
uitkering,-,pensioen,ZV100,-,5250,3270.9446680000001,'Julie HS & VS'!Q78
uitkering,-,pensioen,ZV100,-,5500,3414.951208,'Julie HS & VS'!R78
uitkering,-,pensioen,ZV100,-,5750,3559.5729630000001,'Julie HS & VS'!S78
uitkering,-,pensioen,ZV100,-,6000,3627.4119169999999,'Julie HS & VS'!T78
uitkering,-,pensioen,ZV100,-,6250,3627.4119169999999,'Julie HS & VS'!U78
uitkering,-,pensioen,ZV100,-,6500,3627.4119169999999,'Julie HS & VS'!V78
uitkering,-,pensioen,ZV100,-,6750,3627.4119169999999,'Julie HS & VS'!W78
uitkering,-,pensioen,ZV100,-,7000,3627.4119169999999,'Julie HS & VS'!X78
uitkering,-,pensioen,ZV100,-,7500,3627.4119169999999,'Julie HS & VS'!Y78
uitkering,-,pensioen,ZV100,-,8000,3627.4119169999999,'Julie HS & VS'!Z78
uitkering,-,pensioen,ZV100,-,8500,3627.4119169999999,'Julie HS & VS'!AA78
uitkering,-,pensioen,ZV100,-,9000,3627.4119169999999,'Julie HS & VS'!AB78
uitkering,-,pensioen,ZV100,-,9500,3627.4119169999999,'Julie HS & VS'!AC78
uitkering,-,pensioen,ZV100,-,10000,3627.4119169999999,'Julie HS & VS'!AD78
uitkering,-,pensioen,ZV100,-,11000,3627.4119169999999,'Julie HS & VS'!AE78
uitkering,-,pensioen,ZV100,-,12000,3627.4119169999999,'Julie HS & VS'!AF78
uitkering,-,pensioen,ZV100,-,13000,3627.4119169999999,'Julie HS & VS'!AG78
uitkering,-,pensioen,ZV100,-,14000,3627.4119169999999,'Julie HS & VS'!AH78
uitkering,-,pensioen,ZV100,-,15000,3627.4119169999999,'Julie HS & VS'!AI78
uitkering,-,pensioen,ZV75,-,1550,1682.862893,'Julie HS & VS'!B79
uitkering,-,pensioen,ZV75,-,1800,1682.862893,'Julie HS & VS'!C79
uitkering,-,pensioen,ZV75,-,2000,1682.862893,'Julie HS & VS'!D79
uitkering,-,pensioen,ZV75,-,2250,1682.862893,'Julie HS & VS'!E79
uitkering,-,pensioen,ZV75,-,2500,1682.862893,'Julie HS & VS'!F79
uitkering,-,pensioen,ZV75,-,2750,1682.862893,'Julie HS & VS'!G79
uitkering,-,pensioen,ZV75,-,3000,1726.6749890000001,'Julie HS & VS'!H79
uitkering,-,pensioen,ZV75,-,3250,1788.888017,'Julie HS & VS'!I79
uitkering,-,pensioen,ZV75,-,3500,1897.27226,'Julie HS & VS'!J79
uitkering,-,pensioen,ZV75,-,3750,2001.8251419999999,'Julie HS & VS'!K79
uitkering,-,pensioen,ZV75,-,4000,2098.6969680000002,'Julie HS & VS'!L79
uitkering,-,pensioen,ZV75,-,4250,2206.3332610000002,'Julie HS & VS'!M79
uitkering,-,pensioen,ZV75,-,4500,2289.2298049999999,'Julie HS & VS'!N79
uitkering,-,pensioen,ZV75,-,4750,2387.2384699999998,'Julie HS & VS'!O79
uitkering,-,pensioen,ZV75,-,5000,2484.7751659999999,'Julie HS & VS'!P79
uitkering,-,pensioen,ZV75,-,5250,2582.230341,'Julie HS & VS'!Q79
uitkering,-,pensioen,ZV75,-,5500,2682.4926059999998,'Julie HS & VS'!R79
uitkering,-,pensioen,ZV75,-,5750,2779.5910560000002,'Julie HS & VS'!S79
uitkering,-,pensioen,ZV75,-,6000,2868.233299,'Julie HS & VS'!T79
uitkering,-,pensioen,ZV75,-,6250,2956.9449359999999,'Julie HS & VS'!U79
uitkering,-,pensioen,ZV75,-,6500,3064.4328300000002,'Julie HS & VS'!V79
uitkering,-,pensioen,ZV75,-,6750,3167.6900329999999,'Julie HS & VS'!W79
uitkering,-,pensioen,ZV75,-,7000,3270.9446680000001,'Julie HS & VS'!X79
uitkering,-,pensioen,ZV75,-,7500,3493.8358020000001,'Julie HS & VS'!Y79
uitkering,-,pensioen,ZV75,-,8000,3627.4119169999999,'Julie HS & VS'!Z79
uitkering,-,pensioen,ZV75,-,8500,3627.4119169999999,'Julie HS & VS'!AA79
uitkering,-,pensioen,ZV75,-,9000,3627.4119169999999,'Julie HS & VS'!AB79
uitkering,-,pensioen,ZV75,-,9500,3627.4119169999999,'Julie HS & VS'!AC79
uitkering,-,pensioen,ZV75,-,10000,3627.4119169999999,'Julie HS & VS'!AD79
uitkering,-,pensioen,ZV75,-,11000,3627.4119169999999,'Julie HS & VS'!AE79
uitkering,-,pensioen,ZV75,-,12000,3627.4119169999999,'Julie HS & VS'!AF79
uitkering,-,pensioen,ZV75,-,13000,3627.4119169999999,'Julie HS & VS'!AG79
uitkering,-,pensioen,ZV75,-,14000,3627.4119169999999,'Julie HS & VS'!AH79
uitkering,-,pensioen,ZV75,-,15000,3627.4119169999999,'Julie HS & VS'!AI79
uitkering,-,pensioen,ZV50,-,1550,1682.862893,'Julie HS & VS'!B80
uitkering,-,pensioen,ZV50,-,1800,1682.862893,'Julie HS & VS'!C80
uitkering,-,pensioen,ZV50,-,2000,1682.862893,'Julie HS & VS'!D80
uitkering,-,pensioen,ZV50,-,2250,1682.862893,'Julie HS & VS'!E80
uitkering,-,pensioen,ZV50,-,2500,1682.862893,'Julie HS & VS'!F80
uitkering,-,pensioen,ZV50,-,2750,1682.862893,'Julie HS & VS'!G80
uitkering,-,pensioen,ZV50,-,3000,1682.862893,'Julie HS & VS'!H80
uitkering,-,pensioen,ZV50,-,3250,1682.862893,'Julie HS & VS'!I80
uitkering,-,pensioen,ZV50,-,3500,1682.862893,'Julie HS & VS'!J80
uitkering,-,pensioen,ZV50,-,3750,1682.862893,'Julie HS & VS'!K80
uitkering,-,pensioen,ZV50,-,4000,1682.862893,'Julie HS & VS'!L80
uitkering,-,pensioen,ZV50,-,4250,1682.862893,'Julie HS & VS'!M80
uitkering,-,pensioen,ZV50,-,4500,1726.6749890000001,'Julie HS & VS'!N80
uitkering,-,pensioen,ZV50,-,4750,1778.719603,'Julie HS & VS'!O80
uitkering,-,pensioen,ZV50,-,5000,1825.016179,'Julie HS & VS'!P80
uitkering,-,pensioen,ZV50,-,5250,1897.27226,'Julie HS & VS'!Q80
uitkering,-,pensioen,ZV50,-,5500,1957.4848489999999,'Julie HS & VS'!R80
uitkering,-,pensioen,ZV50,-,5750,2034.115714,'Julie HS & VS'!S80
uitkering,-,pensioen,ZV50,-,6000,2098.6969680000002,'Julie HS & VS'!T80
uitkering,-,pensioen,ZV50,-,6250,2174.0426889999999,'Julie HS & VS'!U80
uitkering,-,pensioen,ZV50,-,6500,2238.6239420000002,'Julie HS & VS'!V80
uitkering,-,pensioen,ZV50,-,6750,2289.2298049999999,'Julie HS & VS'!W80
uitkering,-,pensioen,ZV50,-,7000,2355.4500840000001,'Julie HS & VS'!X80
uitkering,-,pensioen,ZV50,-,7500,2474.2340180000001,'Julie HS & VS'!Y80
uitkering,-,pensioen,ZV50,-,8000,2615.65202,'Julie HS & VS'!Z80
uitkering,-,pensioen,ZV50,-,8500,2749.335752,'Julie HS & VS'!AA80
uitkering,-,pensioen,ZV50,-,9000,2868.233299,'Julie HS & VS'!AB80
uitkering,-,pensioen,ZV50,-,9500,2987.2740330000001,'Julie HS & VS'!AC80
uitkering,-,pensioen,ZV50,-,10000,3133.2700380000001,'Julie HS & VS'!AD80
uitkering,-,pensioen,ZV50,-,11000,3428.0986400000002,'Julie HS & VS'!AE80
uitkering,-,pensioen,ZV50,-,12000,3627.4119169999999,'Julie HS & VS'!AF80
uitkering,-,pensioen,ZV50,-,13000,3627.4119169999999,'Julie HS & VS'!AG80
uitkering,-,pensioen,ZV50,-,14000,3627.4119169999999,'Julie HS & VS'!AH80
uitkering,-,pensioen,ZV50,-,15000,3627.4119169999999,'Julie HS & VS'!AI80
uitkering,-,pensioen,ZV00,-,1550,1682.862893,'Julie HS & VS'!B81
uitkering,-,pensioen,ZV00,-,1800,1682.862893,'Julie HS & VS'!C81
uitkering,-,pensioen,ZV00,-,2000,1682.862893,'Julie HS & VS'!D81
uitkering,-,pensioen,ZV00,-,2250,1682.862893,'Julie HS & VS'!E81
uitkering,-,pensioen,ZV00,-,2500,1682.862893,'Julie HS & VS'!F81
uitkering,-,pensioen,ZV00,-,2750,1682.862893,'Julie HS & VS'!G81
uitkering,-,pensioen,ZV00,-,3000,1682.862893,'Julie HS & VS'!H81
uitkering,-,pensioen,ZV00,-,3250,1682.862893,'Julie HS & VS'!I81
uitkering,-,pensioen,ZV00,-,3500,1682.862893,'Julie HS & VS'!J81
uitkering,-,pensioen,ZV00,-,3750,1682.862893,'Julie HS & VS'!K81
uitkering,-,pensioen,ZV00,-,4000,1682.862893,'Julie HS & VS'!L81
uitkering,-,pensioen,ZV00,-,4250,1682.862893,'Julie HS & VS'!M81
uitkering,-,pensioen,ZV00,-,4500,1682.862893,'Julie HS & VS'!N81
uitkering,-,pensioen,ZV00,-,4750,1682.862893,'Julie HS & VS'!O81
uitkering,-,pensioen,ZV00,-,5000,1682.862893,'Julie HS & VS'!P81
uitkering,-,pensioen,ZV00,-,5250,1682.862893,'Julie HS & VS'!Q81
uitkering,-,pensioen,ZV00,-,5500,1682.862893,'Julie HS & VS'!R81
uitkering,-,pensioen,ZV00,-,5750,1682.862893,'Julie HS & VS'!S81
uitkering,-,pensioen,ZV00,-,6000,1682.862893,'Julie HS & VS'!T81
uitkering,-,pensioen,ZV00,-,6250,1682.862893,'Julie HS & VS'!U81
uitkering,-,pensioen,ZV00,-,6500,1682.862893,'Julie HS & VS'!V81
uitkering,-,pensioen,ZV00,-,6750,1682.862893,'Julie HS & VS'!W81
uitkering,-,pensioen,ZV00,-,7000,1682.862893,'Julie HS & VS'!X81
uitkering,-,pensioen,ZV00,-,7500,1682.862893,'Julie HS & VS'!Y81
uitkering,-,pensioen,ZV00,-,8000,1682.862893,'Julie HS & VS'!Z81
uitkering,-,pensioen,ZV00,-,8500,1682.862893,'Julie HS & VS'!AA81
uitkering,-,pensioen,ZV00,-,9000,1682.862893,'Julie HS & VS'!AB81
uitkering,-,pensioen,ZV00,-,9500,1682.862893,'Julie HS & VS'!AC81
uitkering,-,pensioen,ZV00,-,10000,1682.862893,'Julie HS & VS'!AD81
uitkering,-,pensioen,ZV00,-,11000,1682.862893,'Julie HS & VS'!AE81
uitkering,-,pensioen,ZV00,-,12000,1682.862893,'Julie HS & VS'!AF81
uitkering,-,pensioen,ZV00,-,13000,1682.862893,'Julie HS & VS'!AG81
uitkering,-,pensioen,ZV00,-,14000,1682.862893,'Julie HS & VS'!AH81
uitkering,-,pensioen,ZV00,-,15000,1682.862893,'Julie HS & VS'!AI81
uitkering,-,pensioen,ZE,-,1550,1682.862893,'Julie HS & VS'!B82
uitkering,-,pensioen,ZE,-,1800,1682.862893,'Julie HS & VS'!C82
uitkering,-,pensioen,ZE,-,2000,1682.862893,'Julie HS & VS'!D82
uitkering,-,pensioen,ZE,-,2250,1685.7037250000001,'Julie HS & VS'!E82
uitkering,-,pensioen,ZE,-,2500,1802.6041929999999,'Julie HS & VS'!F82
uitkering,-,pensioen,ZE,-,2750,1947.648207,'Julie HS & VS'!G82
uitkering,-,pensioen,ZE,-,3000,2095.820526,'Julie HS & VS'!H82
uitkering,-,pensioen,ZE,-,3250,2241.6627579999999,'Julie HS & VS'!I82
uitkering,-,pensioen,ZE,-,3500,2364.265116,'Julie HS & VS'!J82
uitkering,-,pensioen,ZE,-,3750,2499.336483,'Julie HS & VS'!K82
uitkering,-,pensioen,ZE,-,4000,2648.3041539999999,'Julie HS & VS'!L82
uitkering,-,pensioen,ZE,-,4250,2786.758949,'Julie HS & VS'!M82
uitkering,-,pensioen,ZE,-,4500,2920.2112739999998,'Julie HS & VS'!N82
uitkering,-,pensioen,ZE,-,4750,3046.841719,'Julie HS & VS'!O82
uitkering,-,pensioen,ZE,-,5000,3189.869905,'Julie HS & VS'!P82
uitkering,-,pensioen,ZE,-,5250,3331.6830660000001,'Julie HS & VS'!Q82
uitkering,-,pensioen,ZE,-,5500,3476.3048220000001,'Julie HS & VS'!R82
uitkering,-,pensioen,ZE,-,5750,3620.9265780000001,'Julie HS & VS'!S82
uitkering,-,pensioen,ZE,-,6000,3627.4119169999999,'Julie HS & VS'!T82
uitkering,-,pensioen,ZE,-,6250,3627.4119169999999,'Julie HS & VS'!U82
uitkering,-,pensioen,ZE,-,6500,3627.4119169999999,'Julie HS & VS'!V82
uitkering,-,pensioen,ZE,-,6750,3627.4119169999999,'Julie HS & VS'!W82
uitkering,-,pensioen,ZE,-,7000,3627.4119169999999,'Julie HS & VS'!X82
uitkering,-,pensioen,ZE,-,7500,3627.4119169999999,'Julie HS & VS'!Y82
uitkering,-,pensioen,ZE,-,8000,3627.4119169999999,'Julie HS & VS'!Z82
uitkering,-,pensioen,ZE,-,8500,3627.4119169999999,'Julie HS & VS'!AA82
uitkering,-,pensioen,ZE,-,9000,3627.4119169999999,'Julie HS & VS'!AB82
uitkering,-,pensioen,ZE,-,9500,3627.4119169999999,'Julie HS & VS'!AC82
uitkering,-,pensioen,ZE,-,10000,3627.4119169999999,'Julie HS & VS'!AD82
uitkering,-,pensioen,ZE,-,11000,3627.4119169999999,'Julie HS & VS'!AE82
uitkering,-,pensioen,ZE,-,12000,3627.4119169999999,'Julie HS & VS'!AF82
uitkering,-,pensioen,ZE,-,13000,3627.4119169999999,'Julie HS & VS'!AG82
uitkering,-,pensioen,ZE,-,14000,3627.4119169999999,'Julie HS & VS'!AH82
uitkering,-,pensioen,ZE,-,15000,3627.4119169999999,'Julie HS & VS'!AI82
uitkering,-,pensioen,WN,-,1550,1682.862893,'Julie HS & VS'!B83
uitkering,-,pensioen,WN,-,1800,1682.862893,'Julie HS & VS'!C83
uitkering,-,pensioen,WN,-,2000,1682.862893,'Julie HS & VS'!D83
uitkering,-,pensioen,WN,-,2250,1682.862893,'Julie HS & VS'!E83
uitkering,-,pensioen,WN,-,2500,1915.951779,'Julie HS & VS'!F83
uitkering,-,pensioen,WN,-,2750,2068.5742089999999,'Julie HS & VS'!G83
uitkering,-,pensioen,WN,-,3000,2227.741751,'Julie HS & VS'!H83
uitkering,-,pensioen,WN,-,3250,2363.6810420000002,'Julie HS & VS'!I83
uitkering,-,pensioen,WN,-,3500,2523.7950310000001,'Julie HS & VS'!J83
uitkering,-,pensioen,WN,-,3750,2691.652497,'Julie HS & VS'!K83
uitkering,-,pensioen,WN,-,4000,2836.8476489999998,'Julie HS & VS'!L83
uitkering,-,pensioen,WN,-,4250,2985.2533250000001,'Julie HS & VS'!M83
uitkering,-,pensioen,WN,-,4500,3150.238229,'Julie HS & VS'!N83
uitkering,-,pensioen,WN,-,4750,3306.6162800000002,'Julie HS & VS'!O83
uitkering,-,pensioen,WN,-,5000,3475.024531,'Julie HS & VS'!P83
uitkering,-,pensioen,WN,-,5250,3631.40515,'Julie HS & VS'!Q83
uitkering,-,pensioen,WN,-,5500,3799.8134009999999,'Julie HS & VS'!R83
uitkering,-,pensioen,WN,-,5750,3792.0396390000001,'Julie HS & VS'!S83
uitkering,-,pensioen,WN,-,6000,3792.0396390000001,'Julie HS & VS'!T83
uitkering,-,pensioen,WN,-,6250,3792.0396390000001,'Julie HS & VS'!U83
uitkering,-,pensioen,WN,-,6500,3792.0396390000001,'Julie HS & VS'!V83
uitkering,-,pensioen,WN,-,6750,3792.0396390000001,'Julie HS & VS'!W83
uitkering,-,pensioen,WN,-,7000,3792.0396390000001,'Julie HS & VS'!X83
uitkering,-,pensioen,WN,-,7500,3792.0396390000001,'Julie HS & VS'!Y83
uitkering,-,pensioen,WN,-,8000,3792.0396390000001,'Julie HS & VS'!Z83
uitkering,-,pensioen,WN,-,8500,3792.0396390000001,'Julie HS & VS'!AA83
uitkering,-,pensioen,WN,-,9000,3792.0396390000001,'Julie HS & VS'!AB83
uitkering,-,pensioen,WN,-,9500,3792.0396390000001,'Julie HS & VS'!AC83
uitkering,-,pensioen,WN,-,10000,3792.0396390000001,'Julie HS & VS'!AD83
uitkering,-,pensioen,WN,-,11000,3792.0396390000001,'Julie HS & VS'!AE83
uitkering,-,pensioen,WN,-,12000,3792.0396390000001,'Julie HS & VS'!AF83
uitkering,-,pensioen,WN,-,13000,3792.0396390000001,'Julie HS & VS'!AG83
uitkering,-,pensioen,WN,-,14000,3792.0396390000001,'Julie HS & VS'!AH83
uitkering,-,pensioen,WN,-,15000,3792.0396390000001,'Julie HS & VS'!AI83
groeipakket,koppel_laag,-,ZV100VAA,-,1550,368.96083329999999,'Julie HS & VS'!B178
groeipakket,koppel_laag,-,ZV100VAA,-,1800,368.96083329999999,'Julie HS & VS'!C178
groeipakket,koppel_laag,-,ZV100VAA,-,2000,368.96083329999999,'Julie HS & VS'!D178
groeipakket,koppel_laag,-,ZV100VAA,-,2250,368.96083329999999,'Julie HS & VS'!E178
groeipakket,koppel_laag,-,ZV100VAA,-,2500,368.96083329999999,'Julie HS & VS'!F178
groeipakket,koppel_laag,-,ZV100VAA,-,2750,368.96083329999999,'Julie HS & VS'!G178
groeipakket,koppel_laag,-,ZV100VAA,-,3000,368.96083329999999,'Julie HS & VS'!H178
groeipakket,koppel_laag,-,ZV100VAA,-,3250,368.96083329999999,'Julie HS & VS'!I178
groeipakket,koppel_laag,-,ZV100VAA,-,3500,368.96083329999999,'Julie HS & VS'!J178
groeipakket,koppel_laag,-,ZV100VAA,-,3750,368.96083329999999,'Julie HS & VS'!K178
groeipakket,koppel_laag,-,ZV100VAA,-,4000,368.96083329999999,'Julie HS & VS'!L178
groeipakket,koppel_laag,-,ZV100VAA,-,4250,368.96083329999999,'Julie HS & VS'!M178
groeipakket,koppel_laag,-,ZV100VAA,-,4500,368.96083329999999,'Julie HS & VS'!N178
groeipakket,koppel_laag,-,ZV100VAA,-,4750,368.96083329999999,'Julie HS & VS'!O178
groeipakket,koppel_laag,-,ZV100VAA,-,5000,368.96083329999999,'Julie HS & VS'!P178
groeipakket,koppel_laag,-,ZV100VAA,-,5250,368.96083329999999,'Julie HS & VS'!Q178
groeipakket,koppel_laag,-,ZV100VAA,-,5500,368.96083329999999,'Julie HS & VS'!R178
groeipakket,koppel_laag,-,ZV100VAA,-,5750,368.96083329999999,'Julie HS & VS'!S178
groeipakket,koppel_laag,-,ZV100VAA,-,6000,368.96083329999999,'Julie HS & VS'!T178
groeipakket,koppel_laag,-,ZV100VAA,-,6250,368.96083329999999,'Julie HS & VS'!U178
groeipakket,koppel_laag,-,ZV100VAA,-,6500,368.96083329999999,'Julie HS & VS'!V178
groeipakket,koppel_laag,-,ZV100VAA,-,6750,368.96083329999999,'Julie HS & VS'!W178
groeipakket,koppel_laag,-,ZV100VAA,-,7000,368.96083329999999,'Julie HS & VS'!X178
groeipakket,koppel_laag,-,ZV100VAA,-,7500,368.96083329999999,'Julie HS & VS'!Y178
groeipakket,koppel_laag,-,ZV100VAA,-,8000,368.96083329999999,'Julie HS & VS'!Z178
groeipakket,koppel_laag,-,ZV100VAA,-,8500,368.96083329999999,'Julie HS & VS'!AA178
groeipakket,koppel_laag,-,ZV100VAA,-,9000,368.96083329999999,'Julie HS & VS'!AB178
groeipakket,koppel_laag,-,ZV100VAA,-,9500,368.96083329999999,'Julie HS & VS'!AC178
groeipakket,koppel_laag,-,ZV100VAA,-,10000,368.96083329999999,'Julie HS & VS'!AD178
groeipakket,koppel_laag,-,ZV100VAA,-,11000,368.96083329999999,'Julie HS & VS'!AE178
groeipakket,koppel_laag,-,ZV100VAA,-,12000,368.96083329999999,'Julie HS & VS'!AF178
groeipakket,koppel_laag,-,ZV100VAA,-,13000,368.96083329999999,'Julie HS & VS'!AG178
groeipakket,koppel_laag,-,ZV100VAA,-,14000,368.96083329999999,'Julie HS & VS'!AH178
groeipakket,koppel_laag,-,ZV100VAA,-,15000,368.96083329999999,'Julie HS & VS'!AI178
groeipakket,koppel_laag,-,ZV100,-,1550,368.96083329999999,'Julie HS & VS'!B179
groeipakket,koppel_laag,-,ZV100,-,1800,368.96083329999999,'Julie HS & VS'!C179
groeipakket,koppel_laag,-,ZV100,-,2000,368.96083329999999,'Julie HS & VS'!D179
groeipakket,koppel_laag,-,ZV100,-,2250,368.96083329999999,'Julie HS & VS'!E179
groeipakket,koppel_laag,-,ZV100,-,2500,368.96083329999999,'Julie HS & VS'!F179
groeipakket,koppel_laag,-,ZV100,-,2750,368.96083329999999,'Julie HS & VS'!G179
groeipakket,koppel_laag,-,ZV100,-,3000,368.96083329999999,'Julie HS & VS'!H179
groeipakket,koppel_laag,-,ZV100,-,3250,368.96083329999999,'Julie HS & VS'!I179
groeipakket,koppel_laag,-,ZV100,-,3500,368.96083329999999,'Julie HS & VS'!J179
groeipakket,koppel_laag,-,ZV100,-,3750,368.96083329999999,'Julie HS & VS'!K179
groeipakket,koppel_laag,-,ZV100,-,4000,368.96083329999999,'Julie HS & VS'!L179
groeipakket,koppel_laag,-,ZV100,-,4250,368.96083329999999,'Julie HS & VS'!M179
groeipakket,koppel_laag,-,ZV100,-,4500,368.96083329999999,'Julie HS & VS'!N179
groeipakket,koppel_laag,-,ZV100,-,4750,368.96083329999999,'Julie HS & VS'!O179
groeipakket,koppel_laag,-,ZV100,-,5000,368.96083329999999,'Julie HS & VS'!P179
groeipakket,koppel_laag,-,ZV100,-,5250,368.96083329999999,'Julie HS & VS'!Q179
groeipakket,koppel_laag,-,ZV100,-,5500,368.96083329999999,'Julie HS & VS'!R179
groeipakket,koppel_laag,-,ZV100,-,5750,368.96083329999999,'Julie HS & VS'!S179
groeipakket,koppel_laag,-,ZV100,-,6000,368.96083329999999,'Julie HS & VS'!T179
groeipakket,koppel_laag,-,ZV100,-,6250,368.96083329999999,'Julie HS & VS'!U179
groeipakket,koppel_laag,-,ZV100,-,6500,368.96083329999999,'Julie HS & VS'!V179
groeipakket,koppel_laag,-,ZV100,-,6750,368.96083329999999,'Julie HS & VS'!W179
groeipakket,koppel_laag,-,ZV100,-,7000,368.96083329999999,'Julie HS & VS'!X179
groeipakket,koppel_laag,-,ZV100,-,7500,368.96083329999999,'Julie HS & VS'!Y179
groeipakket,koppel_laag,-,ZV100,-,8000,368.96083329999999,'Julie HS & VS'!Z179
groeipakket,koppel_laag,-,ZV100,-,8500,368.96083329999999,'Julie HS & VS'!AA179
groeipakket,koppel_laag,-,ZV100,-,9000,368.96083329999999,'Julie HS & VS'!AB179
groeipakket,koppel_laag,-,ZV100,-,9500,368.96083329999999,'Julie HS & VS'!AC179
groeipakket,koppel_laag,-,ZV100,-,10000,368.96083329999999,'Julie HS & VS'!AD179
groeipakket,koppel_laag,-,ZV100,-,11000,368.96083329999999,'Julie HS & VS'!AE179
groeipakket,koppel_laag,-,ZV100,-,12000,368.96083329999999,'Julie HS & VS'!AF179
groeipakket,koppel_laag,-,ZV100,-,13000,368.96083329999999,'Julie HS & VS'!AG179
groeipakket,koppel_laag,-,ZV100,-,14000,368.96083329999999,'Julie HS & VS'!AH179
groeipakket,koppel_laag,-,ZV100,-,15000,368.96083329999999,'Julie HS & VS'!AI179
groeipakket,koppel_laag,-,ZV75,-,1550,387.82249996999997,'Julie HS & VS'!B180
groeipakket,koppel_laag,-,ZV75,-,1800,368.96083329999999,'Julie HS & VS'!C180
groeipakket,koppel_laag,-,ZV75,-,2000,368.96083329999999,'Julie HS & VS'!D180
groeipakket,koppel_laag,-,ZV75,-,2250,368.96083329999999,'Julie HS & VS'!E180
groeipakket,koppel_laag,-,ZV75,-,2500,368.96083329999999,'Julie HS & VS'!F180
groeipakket,koppel_laag,-,ZV75,-,2750,368.96083329999999,'Julie HS & VS'!G180
groeipakket,koppel_laag,-,ZV75,-,3000,368.96083329999999,'Julie HS & VS'!H180
groeipakket,koppel_laag,-,ZV75,-,3250,368.96083329999999,'Julie HS & VS'!I180
groeipakket,koppel_laag,-,ZV75,-,3500,368.96083329999999,'Julie HS & VS'!J180
groeipakket,koppel_laag,-,ZV75,-,3750,368.96083329999999,'Julie HS & VS'!K180
groeipakket,koppel_laag,-,ZV75,-,4000,368.96083329999999,'Julie HS & VS'!L180
groeipakket,koppel_laag,-,ZV75,-,4250,368.96083329999999,'Julie HS & VS'!M180
groeipakket,koppel_laag,-,ZV75,-,4500,368.96083329999999,'Julie HS & VS'!N180
groeipakket,koppel_laag,-,ZV75,-,4750,368.96083329999999,'Julie HS & VS'!O180
groeipakket,koppel_laag,-,ZV75,-,5000,368.96083329999999,'Julie HS & VS'!P180
groeipakket,koppel_laag,-,ZV75,-,5250,368.96083329999999,'Julie HS & VS'!Q180
groeipakket,koppel_laag,-,ZV75,-,5500,368.96083329999999,'Julie HS & VS'!R180
groeipakket,koppel_laag,-,ZV75,-,5750,368.96083329999999,'Julie HS & VS'!S180
groeipakket,koppel_laag,-,ZV75,-,6000,368.96083329999999,'Julie HS & VS'!T180
groeipakket,koppel_laag,-,ZV75,-,6250,368.96083329999999,'Julie HS & VS'!U180
groeipakket,koppel_laag,-,ZV75,-,6500,368.96083329999999,'Julie HS & VS'!V180
groeipakket,koppel_laag,-,ZV75,-,6750,368.96083329999999,'Julie HS & VS'!W180
groeipakket,koppel_laag,-,ZV75,-,7000,368.96083329999999,'Julie HS & VS'!X180
groeipakket,koppel_laag,-,ZV75,-,7500,368.96083329999999,'Julie HS & VS'!Y180
groeipakket,koppel_laag,-,ZV75,-,8000,368.96083329999999,'Julie HS & VS'!Z180
groeipakket,koppel_laag,-,ZV75,-,8500,368.96083329999999,'Julie HS & VS'!AA180
groeipakket,koppel_laag,-,ZV75,-,9000,368.96083329999999,'Julie HS & VS'!AB180
groeipakket,koppel_laag,-,ZV75,-,9500,368.96083329999999,'Julie HS & VS'!AC180
groeipakket,koppel_laag,-,ZV75,-,10000,368.96083329999999,'Julie HS & VS'!AD180
groeipakket,koppel_laag,-,ZV75,-,11000,368.96083329999999,'Julie HS & VS'!AE180
groeipakket,koppel_laag,-,ZV75,-,12000,368.96083329999999,'Julie HS & VS'!AF180
groeipakket,koppel_laag,-,ZV75,-,13000,368.96083329999999,'Julie HS & VS'!AG180
groeipakket,koppel_laag,-,ZV75,-,14000,368.96083329999999,'Julie HS & VS'!AH180
groeipakket,koppel_laag,-,ZV75,-,15000,368.96083329999999,'Julie HS & VS'!AI180
groeipakket,koppel_laag,-,ZV50,-,1550,387.82249996999997,'Julie HS & VS'!B181
groeipakket,koppel_laag,-,ZV50,-,1800,387.82249996999997,'Julie HS & VS'!C181
groeipakket,koppel_laag,-,ZV50,-,2000,387.82249996999997,'Julie HS & VS'!D181
groeipakket,koppel_laag,-,ZV50,-,2250,387.82249996999997,'Julie HS & VS'!E181
groeipakket,koppel_laag,-,ZV50,-,2500,368.96083329999999,'Julie HS & VS'!F181
groeipakket,koppel_laag,-,ZV50,-,2750,368.96083329999999,'Julie HS & VS'!G181
groeipakket,koppel_laag,-,ZV50,-,3000,368.96083329999999,'Julie HS & VS'!H181
groeipakket,koppel_laag,-,ZV50,-,3250,368.96083329999999,'Julie HS & VS'!I181
groeipakket,koppel_laag,-,ZV50,-,3500,368.96083329999999,'Julie HS & VS'!J181
groeipakket,koppel_laag,-,ZV50,-,3750,368.96083329999999,'Julie HS & VS'!K181
groeipakket,koppel_laag,-,ZV50,-,4000,368.96083329999999,'Julie HS & VS'!L181
groeipakket,koppel_laag,-,ZV50,-,4250,368.96083329999999,'Julie HS & VS'!M181
groeipakket,koppel_laag,-,ZV50,-,4500,368.96083329999999,'Julie HS & VS'!N181
groeipakket,koppel_laag,-,ZV50,-,4750,368.96083329999999,'Julie HS & VS'!O181
groeipakket,koppel_laag,-,ZV50,-,5000,368.96083329999999,'Julie HS & VS'!P181
groeipakket,koppel_laag,-,ZV50,-,5250,368.96083329999999,'Julie HS & VS'!Q181
groeipakket,koppel_laag,-,ZV50,-,5500,368.96083329999999,'Julie HS & VS'!R181
groeipakket,koppel_laag,-,ZV50,-,5750,368.96083329999999,'Julie HS & VS'!S181
groeipakket,koppel_laag,-,ZV50,-,6000,368.96083329999999,'Julie HS & VS'!T181
groeipakket,koppel_laag,-,ZV50,-,6250,368.96083329999999,'Julie HS & VS'!U181
groeipakket,koppel_laag,-,ZV50,-,6500,368.96083329999999,'Julie HS & VS'!V181
groeipakket,koppel_laag,-,ZV50,-,6750,368.96083329999999,'Julie HS & VS'!W181
groeipakket,koppel_laag,-,ZV50,-,7000,368.96083329999999,'Julie HS & VS'!X181
groeipakket,koppel_laag,-,ZV50,-,7500,368.96083329999999,'Julie HS & VS'!Y181
groeipakket,koppel_laag,-,ZV50,-,8000,368.96083329999999,'Julie HS & VS'!Z181
groeipakket,koppel_laag,-,ZV50,-,8500,368.96083329999999,'Julie HS & VS'!AA181
groeipakket,koppel_laag,-,ZV50,-,9000,368.96083329999999,'Julie HS & VS'!AB181
groeipakket,koppel_laag,-,ZV50,-,9500,368.96083329999999,'Julie HS & VS'!AC181
groeipakket,koppel_laag,-,ZV50,-,10000,368.96083329999999,'Julie HS & VS'!AD181
groeipakket,koppel_laag,-,ZV50,-,11000,368.96083329999999,'Julie HS & VS'!AE181
groeipakket,koppel_laag,-,ZV50,-,12000,368.96083329999999,'Julie HS & VS'!AF181
groeipakket,koppel_laag,-,ZV50,-,13000,368.96083329999999,'Julie HS & VS'!AG181
groeipakket,koppel_laag,-,ZV50,-,14000,368.96083329999999,'Julie HS & VS'!AH181
groeipakket,koppel_laag,-,ZV50,-,15000,368.96083329999999,'Julie HS & VS'!AI181
groeipakket,koppel_laag,-,ZV00,-,1550,528.82249996999997,'Julie HS & VS'!B182
groeipakket,koppel_laag,-,ZV00,-,1800,528.82249996999997,'Julie HS & VS'!C182
groeipakket,koppel_laag,-,ZV00,-,2000,528.82249996999997,'Julie HS & VS'!D182
groeipakket,koppel_laag,-,ZV00,-,2250,528.82249996999997,'Julie HS & VS'!E182
groeipakket,koppel_laag,-,ZV00,-,2500,528.82249996999997,'Julie HS & VS'!F182
groeipakket,koppel_laag,-,ZV00,-,2750,528.82249996999997,'Julie HS & VS'!G182
groeipakket,koppel_laag,-,ZV00,-,3000,528.82249996999997,'Julie HS & VS'!H182
groeipakket,koppel_laag,-,ZV00,-,3250,528.82249996999997,'Julie HS & VS'!I182
groeipakket,koppel_laag,-,ZV00,-,3500,528.82249996999997,'Julie HS & VS'!J182
groeipakket,koppel_laag,-,ZV00,-,3750,528.82249996999997,'Julie HS & VS'!K182
groeipakket,koppel_laag,-,ZV00,-,4000,528.82249996999997,'Julie HS & VS'!L182
groeipakket,koppel_laag,-,ZV00,-,4250,528.82249996999997,'Julie HS & VS'!M182
groeipakket,koppel_laag,-,ZV00,-,4500,528.82249996999997,'Julie HS & VS'!N182
groeipakket,koppel_laag,-,ZV00,-,4750,528.82249996999997,'Julie HS & VS'!O182
groeipakket,koppel_laag,-,ZV00,-,5000,528.82249996999997,'Julie HS & VS'!P182
groeipakket,koppel_laag,-,ZV00,-,5250,528.82249996999997,'Julie HS & VS'!Q182
groeipakket,koppel_laag,-,ZV00,-,5500,528.82249996999997,'Julie HS & VS'!R182
groeipakket,koppel_laag,-,ZV00,-,5750,528.82249996999997,'Julie HS & VS'!S182
groeipakket,koppel_laag,-,ZV00,-,6000,528.82249996999997,'Julie HS & VS'!T182
groeipakket,koppel_laag,-,ZV00,-,6250,528.82249996999997,'Julie HS & VS'!U182
groeipakket,koppel_laag,-,ZV00,-,6500,528.82249996999997,'Julie HS & VS'!V182
groeipakket,koppel_laag,-,ZV00,-,6750,528.82249996999997,'Julie HS & VS'!W182
groeipakket,koppel_laag,-,ZV00,-,7000,528.82249996999997,'Julie HS & VS'!X182
groeipakket,koppel_laag,-,ZV00,-,7500,528.82249996999997,'Julie HS & VS'!Y182
groeipakket,koppel_laag,-,ZV00,-,8000,528.82249996999997,'Julie HS & VS'!Z182
groeipakket,koppel_laag,-,ZV00,-,8500,528.82249996999997,'Julie HS & VS'!AA182
groeipakket,koppel_laag,-,ZV00,-,9000,528.82249996999997,'Julie HS & VS'!AB182
groeipakket,koppel_laag,-,ZV00,-,9500,528.82249996999997,'Julie HS & VS'!AC182
groeipakket,koppel_laag,-,ZV00,-,10000,528.82249996999997,'Julie HS & VS'!AD182
groeipakket,koppel_laag,-,ZV00,-,11000,528.82249996999997,'Julie HS & VS'!AE182
groeipakket,koppel_laag,-,ZV00,-,12000,528.82249996999997,'Julie HS & VS'!AF182
groeipakket,koppel_laag,-,ZV00,-,13000,528.82249996999997,'Julie HS & VS'!AG182
groeipakket,koppel_laag,-,ZV00,-,14000,528.82249996999997,'Julie HS & VS'!AH182
groeipakket,koppel_laag,-,ZV00,-,15000,528.82249996999997,'Julie HS & VS'!AI182
groeipakket,koppel_laag,-,ZE,-,1550,368.96083329999999,'Julie HS & VS'!B183
groeipakket,koppel_laag,-,ZE,-,1800,368.96083329999999,'Julie HS & VS'!C183
groeipakket,koppel_laag,-,ZE,-,2000,368.96083329999999,'Julie HS & VS'!D183
groeipakket,koppel_laag,-,ZE,-,2250,368.96083329999999,'Julie HS & VS'!E183
groeipakket,koppel_laag,-,ZE,-,2500,368.96083329999999,'Julie HS & VS'!F183
groeipakket,koppel_laag,-,ZE,-,2750,368.96083329999999,'Julie HS & VS'!G183
groeipakket,koppel_laag,-,ZE,-,3000,368.96083329999999,'Julie HS & VS'!H183
groeipakket,koppel_laag,-,ZE,-,3250,368.96083329999999,'Julie HS & VS'!I183
groeipakket,koppel_laag,-,ZE,-,3500,368.96083329999999,'Julie HS & VS'!J183
groeipakket,koppel_laag,-,ZE,-,3750,368.96083329999999,'Julie HS & VS'!K183
groeipakket,koppel_laag,-,ZE,-,4000,368.96083329999999,'Julie HS & VS'!L183
groeipakket,koppel_laag,-,ZE,-,4250,368.96083329999999,'Julie HS & VS'!M183
groeipakket,koppel_laag,-,ZE,-,4500,368.96083329999999,'Julie HS & VS'!N183
groeipakket,koppel_laag,-,ZE,-,4750,368.96083329999999,'Julie HS & VS'!O183
groeipakket,koppel_laag,-,ZE,-,5000,368.96083329999999,'Julie HS & VS'!P183
groeipakket,koppel_laag,-,ZE,-,5250,368.96083329999999,'Julie HS & VS'!Q183
groeipakket,koppel_laag,-,ZE,-,5500,368.96083329999999,'Julie HS & VS'!R183
groeipakket,koppel_laag,-,ZE,-,5750,368.96083329999999,'Julie HS & VS'!S183
groeipakket,koppel_laag,-,ZE,-,6000,368.96083329999999,'Julie HS & VS'!T183
groeipakket,koppel_laag,-,ZE,-,6250,368.96083329999999,'Julie HS & VS'!U183
groeipakket,koppel_laag,-,ZE,-,6500,368.96083329999999,'Julie HS & VS'!V183
groeipakket,koppel_laag,-,ZE,-,6750,368.96083329999999,'Julie HS & VS'!W183
groeipakket,koppel_laag,-,ZE,-,7000,368.96083329999999,'Julie HS & VS'!X183
groeipakket,koppel_laag,-,ZE,-,7500,368.96083329999999,'Julie HS & VS'!Y183
groeipakket,koppel_laag,-,ZE,-,8000,368.96083329999999,'Julie HS & VS'!Z183
groeipakket,koppel_laag,-,ZE,-,8500,368.96083329999999,'Julie HS & VS'!AA183
groeipakket,koppel_laag,-,ZE,-,9000,368.96083329999999,'Julie HS & VS'!AB183
groeipakket,koppel_laag,-,ZE,-,9500,368.96083329999999,'Julie HS & VS'!AC183
groeipakket,koppel_laag,-,ZE,-,10000,368.96083329999999,'Julie HS & VS'!AD183
groeipakket,koppel_laag,-,ZE,-,11000,368.96083329999999,'Julie HS & VS'!AE183
groeipakket,koppel_laag,-,ZE,-,12000,368.96083329999999,'Julie HS & VS'!AF183
groeipakket,koppel_laag,-,ZE,-,13000,368.96083329999999,'Julie HS & VS'!AG183
groeipakket,koppel_laag,-,ZE,-,14000,368.96083329999999,'Julie HS & VS'!AH183
groeipakket,koppel_laag,-,ZE,-,15000,368.96083329999999,'Julie HS & VS'!AI183
groeipakket,koppel_laag,-,WN,-,1550,387.81999999999999,'Julie HS & VS'!B184
groeipakket,koppel_laag,-,WN,-,1800,368.95999999999998,'Julie HS & VS'!C184
groeipakket,koppel_laag,-,WN,-,2000,368.95999999999998,'Julie HS & VS'!D184
groeipakket,koppel_laag,-,WN,-,2250,368.95999999999998,'Julie HS & VS'!E184
groeipakket,koppel_laag,-,WN,-,2500,368.95999999999998,'Julie HS & VS'!F184
groeipakket,koppel_laag,-,WN,-,2750,368.95999999999998,'Julie HS & VS'!G184
groeipakket,koppel_laag,-,WN,-,3000,368.95999999999998,'Julie HS & VS'!H184
groeipakket,koppel_laag,-,WN,-,3250,368.95999999999998,'Julie HS & VS'!I184
groeipakket,koppel_laag,-,WN,-,3500,368.95999999999998,'Julie HS & VS'!J184
groeipakket,koppel_laag,-,WN,-,3750,368.95999999999998,'Julie HS & VS'!K184
groeipakket,koppel_laag,-,WN,-,4000,368.95999999999998,'Julie HS & VS'!L184
groeipakket,koppel_laag,-,WN,-,4250,368.95999999999998,'Julie HS & VS'!M184
groeipakket,koppel_laag,-,WN,-,4500,368.95999999999998,'Julie HS & VS'!N184
groeipakket,koppel_laag,-,WN,-,4750,368.95999999999998,'Julie HS & VS'!O184
groeipakket,koppel_laag,-,WN,-,5000,368.95999999999998,'Julie HS & VS'!P184
groeipakket,koppel_laag,-,WN,-,5250,368.95999999999998,'Julie HS & VS'!Q184
groeipakket,koppel_laag,-,WN,-,5500,368.95999999999998,'Julie HS & VS'!R184
groeipakket,koppel_laag,-,WN,-,5750,368.95999999999998,'Julie HS & VS'!S184
groeipakket,koppel_laag,-,WN,-,6000,368.95999999999998,'Julie HS & VS'!T184
groeipakket,koppel_laag,-,WN,-,6250,368.95999999999998,'Julie HS & VS'!U184
groeipakket,koppel_laag,-,WN,-,6500,368.95999999999998,'Julie HS & VS'!V184
groeipakket,koppel_laag,-,WN,-,6750,368.95999999999998,'Julie HS & VS'!W184
groeipakket,koppel_laag,-,WN,-,7000,368.95999999999998,'Julie HS & VS'!X184
groeipakket,koppel_laag,-,WN,-,7500,368.95999999999998,'Julie HS & VS'!Y184
groeipakket,koppel_laag,-,WN,-,8000,368.95999999999998,'Julie HS & VS'!Z184
groeipakket,koppel_laag,-,WN,-,8500,368.95999999999998,'Julie HS & VS'!AA184
groeipakket,koppel_laag,-,WN,-,9000,368.95999999999998,'Julie HS & VS'!AB184
groeipakket,koppel_laag,-,WN,-,9500,368.95999999999998,'Julie HS & VS'!AC184
groeipakket,koppel_laag,-,WN,-,10000,368.95999999999998,'Julie HS & VS'!AD184
groeipakket,koppel_laag,-,WN,-,11000,368.95999999999998,'Julie HS & VS'!AE184
groeipakket,koppel_laag,-,WN,-,12000,368.95999999999998,'Julie HS & VS'!AF184
groeipakket,koppel_laag,-,WN,-,13000,368.95999999999998,'Julie HS & VS'!AG184
groeipakket,koppel_laag,-,WN,-,14000,368.95999999999998,'Julie HS & VS'!AH184
groeipakket,koppel_laag,-,WN,-,15000,368.95999999999998,'Julie HS & VS'!AI184
groeipakket,koppel_gem,-,ZV100VAA,-,1550,368.96083329999999,'Julie HS & VS'!B186
groeipakket,koppel_gem,-,ZV100VAA,-,1800,368.96083329999999,'Julie HS & VS'!C186
groeipakket,koppel_gem,-,ZV100VAA,-,2000,368.96083329999999,'Julie HS & VS'!D186
groeipakket,koppel_gem,-,ZV100VAA,-,2250,368.96083329999999,'Julie HS & VS'!E186
groeipakket,koppel_gem,-,ZV100VAA,-,2500,368.96083329999999,'Julie HS & VS'!F186
groeipakket,koppel_gem,-,ZV100VAA,-,2750,368.96083329999999,'Julie HS & VS'!G186
groeipakket,koppel_gem,-,ZV100VAA,-,3000,368.96083329999999,'Julie HS & VS'!H186
groeipakket,koppel_gem,-,ZV100VAA,-,3250,368.96083329999999,'Julie HS & VS'!I186
groeipakket,koppel_gem,-,ZV100VAA,-,3500,368.96083329999999,'Julie HS & VS'!J186
groeipakket,koppel_gem,-,ZV100VAA,-,3750,368.96083329999999,'Julie HS & VS'!K186
groeipakket,koppel_gem,-,ZV100VAA,-,4000,368.96083329999999,'Julie HS & VS'!L186
groeipakket,koppel_gem,-,ZV100VAA,-,4250,368.96083329999999,'Julie HS & VS'!M186
groeipakket,koppel_gem,-,ZV100VAA,-,4500,368.96083329999999,'Julie HS & VS'!N186
groeipakket,koppel_gem,-,ZV100VAA,-,4750,368.96083329999999,'Julie HS & VS'!O186
groeipakket,koppel_gem,-,ZV100VAA,-,5000,368.96083329999999,'Julie HS & VS'!P186
groeipakket,koppel_gem,-,ZV100VAA,-,5250,368.96083329999999,'Julie HS & VS'!Q186
groeipakket,koppel_gem,-,ZV100VAA,-,5500,368.96083329999999,'Julie HS & VS'!R186
groeipakket,koppel_gem,-,ZV100VAA,-,5750,368.96083329999999,'Julie HS & VS'!S186
groeipakket,koppel_gem,-,ZV100VAA,-,6000,368.96083329999999,'Julie HS & VS'!T186
groeipakket,koppel_gem,-,ZV100VAA,-,6250,368.96083329999999,'Julie HS & VS'!U186
groeipakket,koppel_gem,-,ZV100VAA,-,6500,368.96083329999999,'Julie HS & VS'!V186
groeipakket,koppel_gem,-,ZV100VAA,-,6750,368.96083329999999,'Julie HS & VS'!W186
groeipakket,koppel_gem,-,ZV100VAA,-,7000,368.96083329999999,'Julie HS & VS'!X186
groeipakket,koppel_gem,-,ZV100VAA,-,7500,368.96083329999999,'Julie HS & VS'!Y186
groeipakket,koppel_gem,-,ZV100VAA,-,8000,368.96083329999999,'Julie HS & VS'!Z186
groeipakket,koppel_gem,-,ZV100VAA,-,8500,368.96083329999999,'Julie HS & VS'!AA186
groeipakket,koppel_gem,-,ZV100VAA,-,9000,368.96083329999999,'Julie HS & VS'!AB186
groeipakket,koppel_gem,-,ZV100VAA,-,9500,368.96083329999999,'Julie HS & VS'!AC186
groeipakket,koppel_gem,-,ZV100VAA,-,10000,368.96083329999999,'Julie HS & VS'!AD186
groeipakket,koppel_gem,-,ZV100VAA,-,11000,368.96083329999999,'Julie HS & VS'!AE186
groeipakket,koppel_gem,-,ZV100VAA,-,12000,368.96083329999999,'Julie HS & VS'!AF186
groeipakket,koppel_gem,-,ZV100VAA,-,13000,368.96083329999999,'Julie HS & VS'!AG186
groeipakket,koppel_gem,-,ZV100VAA,-,14000,368.96083329999999,'Julie HS & VS'!AH186
groeipakket,koppel_gem,-,ZV100VAA,-,15000,368.96083329999999,'Julie HS & VS'!AI186
groeipakket,koppel_gem,-,ZV100,-,1550,368.96083329999999,'Julie HS & VS'!B187
groeipakket,koppel_gem,-,ZV100,-,1800,368.96083329999999,'Julie HS & VS'!C187
groeipakket,koppel_gem,-,ZV100,-,2000,368.96083329999999,'Julie HS & VS'!D187
groeipakket,koppel_gem,-,ZV100,-,2250,368.96083329999999,'Julie HS & VS'!E187
groeipakket,koppel_gem,-,ZV100,-,2500,368.96083329999999,'Julie HS & VS'!F187
groeipakket,koppel_gem,-,ZV100,-,2750,368.96083329999999,'Julie HS & VS'!G187
groeipakket,koppel_gem,-,ZV100,-,3000,368.96083329999999,'Julie HS & VS'!H187
groeipakket,koppel_gem,-,ZV100,-,3250,368.96083329999999,'Julie HS & VS'!I187
groeipakket,koppel_gem,-,ZV100,-,3500,368.96083329999999,'Julie HS & VS'!J187
groeipakket,koppel_gem,-,ZV100,-,3750,368.96083329999999,'Julie HS & VS'!K187
groeipakket,koppel_gem,-,ZV100,-,4000,368.96083329999999,'Julie HS & VS'!L187
groeipakket,koppel_gem,-,ZV100,-,4250,368.96083329999999,'Julie HS & VS'!M187
groeipakket,koppel_gem,-,ZV100,-,4500,368.96083329999999,'Julie HS & VS'!N187
groeipakket,koppel_gem,-,ZV100,-,4750,368.96083329999999,'Julie HS & VS'!O187
groeipakket,koppel_gem,-,ZV100,-,5000,368.96083329999999,'Julie HS & VS'!P187
groeipakket,koppel_gem,-,ZV100,-,5250,368.96083329999999,'Julie HS & VS'!Q187
groeipakket,koppel_gem,-,ZV100,-,5500,368.96083329999999,'Julie HS & VS'!R187
groeipakket,koppel_gem,-,ZV100,-,5750,368.96083329999999,'Julie HS & VS'!S187
groeipakket,koppel_gem,-,ZV100,-,6000,368.96083329999999,'Julie HS & VS'!T187
groeipakket,koppel_gem,-,ZV100,-,6250,368.96083329999999,'Julie HS & VS'!U187
groeipakket,koppel_gem,-,ZV100,-,6500,368.96083329999999,'Julie HS & VS'!V187
groeipakket,koppel_gem,-,ZV100,-,6750,368.96083329999999,'Julie HS & VS'!W187
groeipakket,koppel_gem,-,ZV100,-,7000,368.96083329999999,'Julie HS & VS'!X187
groeipakket,koppel_gem,-,ZV100,-,7500,368.96083329999999,'Julie HS & VS'!Y187
groeipakket,koppel_gem,-,ZV100,-,8000,368.96083329999999,'Julie HS & VS'!Z187
groeipakket,koppel_gem,-,ZV100,-,8500,368.96083329999999,'Julie HS & VS'!AA187
groeipakket,koppel_gem,-,ZV100,-,9000,368.96083329999999,'Julie HS & VS'!AB187
groeipakket,koppel_gem,-,ZV100,-,9500,368.96083329999999,'Julie HS & VS'!AC187
groeipakket,koppel_gem,-,ZV100,-,10000,368.96083329999999,'Julie HS & VS'!AD187
groeipakket,koppel_gem,-,ZV100,-,11000,368.96083329999999,'Julie HS & VS'!AE187
groeipakket,koppel_gem,-,ZV100,-,12000,368.96083329999999,'Julie HS & VS'!AF187
groeipakket,koppel_gem,-,ZV100,-,13000,368.96083329999999,'Julie HS & VS'!AG187
groeipakket,koppel_gem,-,ZV100,-,14000,368.96083329999999,'Julie HS & VS'!AH187
groeipakket,koppel_gem,-,ZV100,-,15000,368.96083329999999,'Julie HS & VS'!AI187
groeipakket,koppel_gem,-,ZV75,-,1550,368.96083329999999,'Julie HS & VS'!B188
groeipakket,koppel_gem,-,ZV75,-,1800,368.96083329999999,'Julie HS & VS'!C188
groeipakket,koppel_gem,-,ZV75,-,2000,368.96083329999999,'Julie HS & VS'!D188
groeipakket,koppel_gem,-,ZV75,-,2250,368.96083329999999,'Julie HS & VS'!E188
groeipakket,koppel_gem,-,ZV75,-,2500,368.96083329999999,'Julie HS & VS'!F188
groeipakket,koppel_gem,-,ZV75,-,2750,368.96083329999999,'Julie HS & VS'!G188
groeipakket,koppel_gem,-,ZV75,-,3000,368.96083329999999,'Julie HS & VS'!H188
groeipakket,koppel_gem,-,ZV75,-,3250,368.96083329999999,'Julie HS & VS'!I188
groeipakket,koppel_gem,-,ZV75,-,3500,368.96083329999999,'Julie HS & VS'!J188
groeipakket,koppel_gem,-,ZV75,-,3750,368.96083329999999,'Julie HS & VS'!K188
groeipakket,koppel_gem,-,ZV75,-,4000,368.96083329999999,'Julie HS & VS'!L188
groeipakket,koppel_gem,-,ZV75,-,4250,368.96083329999999,'Julie HS & VS'!M188
groeipakket,koppel_gem,-,ZV75,-,4500,368.96083329999999,'Julie HS & VS'!N188
groeipakket,koppel_gem,-,ZV75,-,4750,368.96083329999999,'Julie HS & VS'!O188
groeipakket,koppel_gem,-,ZV75,-,5000,368.96083329999999,'Julie HS & VS'!P188
groeipakket,koppel_gem,-,ZV75,-,5250,368.96083329999999,'Julie HS & VS'!Q188
groeipakket,koppel_gem,-,ZV75,-,5500,368.96083329999999,'Julie HS & VS'!R188
groeipakket,koppel_gem,-,ZV75,-,5750,368.96083329999999,'Julie HS & VS'!S188
groeipakket,koppel_gem,-,ZV75,-,6000,368.96083329999999,'Julie HS & VS'!T188
groeipakket,koppel_gem,-,ZV75,-,6250,368.96083329999999,'Julie HS & VS'!U188
groeipakket,koppel_gem,-,ZV75,-,6500,368.96083329999999,'Julie HS & VS'!V188
groeipakket,koppel_gem,-,ZV75,-,6750,368.96083329999999,'Julie HS & VS'!W188
groeipakket,koppel_gem,-,ZV75,-,7000,368.96083329999999,'Julie HS & VS'!X188
groeipakket,koppel_gem,-,ZV75,-,7500,368.96083329999999,'Julie HS & VS'!Y188
groeipakket,koppel_gem,-,ZV75,-,8000,368.96083329999999,'Julie HS & VS'!Z188
groeipakket,koppel_gem,-,ZV75,-,8500,368.96083329999999,'Julie HS & VS'!AA188
groeipakket,koppel_gem,-,ZV75,-,9000,368.96083329999999,'Julie HS & VS'!AB188
groeipakket,koppel_gem,-,ZV75,-,9500,368.96083329999999,'Julie HS & VS'!AC188
groeipakket,koppel_gem,-,ZV75,-,10000,368.96083329999999,'Julie HS & VS'!AD188
groeipakket,koppel_gem,-,ZV75,-,11000,368.96083329999999,'Julie HS & VS'!AE188
groeipakket,koppel_gem,-,ZV75,-,12000,368.96083329999999,'Julie HS & VS'!AF188
groeipakket,koppel_gem,-,ZV75,-,13000,368.96083329999999,'Julie HS & VS'!AG188
groeipakket,koppel_gem,-,ZV75,-,14000,368.96083329999999,'Julie HS & VS'!AH188
groeipakket,koppel_gem,-,ZV75,-,15000,368.96083329999999,'Julie HS & VS'!AI188
groeipakket,koppel_gem,-,ZV50,-,1550,368.96083329999999,'Julie HS & VS'!B189
groeipakket,koppel_gem,-,ZV50,-,1800,368.96083329999999,'Julie HS & VS'!C189
groeipakket,koppel_gem,-,ZV50,-,2000,368.96083329999999,'Julie HS & VS'!D189
groeipakket,koppel_gem,-,ZV50,-,2250,368.96083329999999,'Julie HS & VS'!E189
groeipakket,koppel_gem,-,ZV50,-,2500,368.96083329999999,'Julie HS & VS'!F189
groeipakket,koppel_gem,-,ZV50,-,2750,368.96083329999999,'Julie HS & VS'!G189
groeipakket,koppel_gem,-,ZV50,-,3000,368.96083329999999,'Julie HS & VS'!H189
groeipakket,koppel_gem,-,ZV50,-,3250,368.96083329999999,'Julie HS & VS'!I189
groeipakket,koppel_gem,-,ZV50,-,3500,368.96083329999999,'Julie HS & VS'!J189
groeipakket,koppel_gem,-,ZV50,-,3750,368.96083329999999,'Julie HS & VS'!K189
groeipakket,koppel_gem,-,ZV50,-,4000,368.96083329999999,'Julie HS & VS'!L189
groeipakket,koppel_gem,-,ZV50,-,4250,368.96083329999999,'Julie HS & VS'!M189
groeipakket,koppel_gem,-,ZV50,-,4500,368.96083329999999,'Julie HS & VS'!N189
groeipakket,koppel_gem,-,ZV50,-,4750,368.96083329999999,'Julie HS & VS'!O189
groeipakket,koppel_gem,-,ZV50,-,5000,368.96083329999999,'Julie HS & VS'!P189
groeipakket,koppel_gem,-,ZV50,-,5250,368.96083329999999,'Julie HS & VS'!Q189
groeipakket,koppel_gem,-,ZV50,-,5500,368.96083329999999,'Julie HS & VS'!R189
groeipakket,koppel_gem,-,ZV50,-,5750,368.96083329999999,'Julie HS & VS'!S189
groeipakket,koppel_gem,-,ZV50,-,6000,368.96083329999999,'Julie HS & VS'!T189
groeipakket,koppel_gem,-,ZV50,-,6250,368.96083329999999,'Julie HS & VS'!U189
groeipakket,koppel_gem,-,ZV50,-,6500,368.96083329999999,'Julie HS & VS'!V189
groeipakket,koppel_gem,-,ZV50,-,6750,368.96083329999999,'Julie HS & VS'!W189
groeipakket,koppel_gem,-,ZV50,-,7000,368.96083329999999,'Julie HS & VS'!X189
groeipakket,koppel_gem,-,ZV50,-,7500,368.96083329999999,'Julie HS & VS'!Y189
groeipakket,koppel_gem,-,ZV50,-,8000,368.96083329999999,'Julie HS & VS'!Z189
groeipakket,koppel_gem,-,ZV50,-,8500,368.96083329999999,'Julie HS & VS'!AA189
groeipakket,koppel_gem,-,ZV50,-,9000,368.96083329999999,'Julie HS & VS'!AB189
groeipakket,koppel_gem,-,ZV50,-,9500,368.96083329999999,'Julie HS & VS'!AC189
groeipakket,koppel_gem,-,ZV50,-,10000,368.96083329999999,'Julie HS & VS'!AD189
groeipakket,koppel_gem,-,ZV50,-,11000,368.96083329999999,'Julie HS & VS'!AE189
groeipakket,koppel_gem,-,ZV50,-,12000,368.96083329999999,'Julie HS & VS'!AF189
groeipakket,koppel_gem,-,ZV50,-,13000,368.96083329999999,'Julie HS & VS'!AG189
groeipakket,koppel_gem,-,ZV50,-,14000,368.96083329999999,'Julie HS & VS'!AH189
groeipakket,koppel_gem,-,ZV50,-,15000,368.96083329999999,'Julie HS & VS'!AI189
groeipakket,koppel_gem,-,ZV00,-,1550,387.82249996999997,'Julie HS & VS'!B190
groeipakket,koppel_gem,-,ZV00,-,1800,387.82249996999997,'Julie HS & VS'!C190
groeipakket,koppel_gem,-,ZV00,-,2000,387.82249996999997,'Julie HS & VS'!D190
groeipakket,koppel_gem,-,ZV00,-,2250,387.82249996999997,'Julie HS & VS'!E190
groeipakket,koppel_gem,-,ZV00,-,2500,387.82249996999997,'Julie HS & VS'!F190
groeipakket,koppel_gem,-,ZV00,-,2750,387.82249996999997,'Julie HS & VS'!G190
groeipakket,koppel_gem,-,ZV00,-,3000,387.82249996999997,'Julie HS & VS'!H190
groeipakket,koppel_gem,-,ZV00,-,3250,387.82249996999997,'Julie HS & VS'!I190
groeipakket,koppel_gem,-,ZV00,-,3500,387.82249996999997,'Julie HS & VS'!J190
groeipakket,koppel_gem,-,ZV00,-,3750,387.82249996999997,'Julie HS & VS'!K190
groeipakket,koppel_gem,-,ZV00,-,4000,387.82249996999997,'Julie HS & VS'!L190
groeipakket,koppel_gem,-,ZV00,-,4250,387.82249996999997,'Julie HS & VS'!M190
groeipakket,koppel_gem,-,ZV00,-,4500,387.82249996999997,'Julie HS & VS'!N190
groeipakket,koppel_gem,-,ZV00,-,4750,387.82249996999997,'Julie HS & VS'!O190
groeipakket,koppel_gem,-,ZV00,-,5000,387.82249996999997,'Julie HS & VS'!P190
groeipakket,koppel_gem,-,ZV00,-,5250,387.82249996999997,'Julie HS & VS'!Q190
groeipakket,koppel_gem,-,ZV00,-,5500,387.82249996999997,'Julie HS & VS'!R190
groeipakket,koppel_gem,-,ZV00,-,5750,387.82249996999997,'Julie HS & VS'!S190
groeipakket,koppel_gem,-,ZV00,-,6000,387.82249996999997,'Julie HS & VS'!T190
groeipakket,koppel_gem,-,ZV00,-,6250,387.82249996999997,'Julie HS & VS'!U190
groeipakket,koppel_gem,-,ZV00,-,6500,387.82249996999997,'Julie HS & VS'!V190
groeipakket,koppel_gem,-,ZV00,-,6750,387.82249996999997,'Julie HS & VS'!W190
groeipakket,koppel_gem,-,ZV00,-,7000,387.82249996999997,'Julie HS & VS'!X190
groeipakket,koppel_gem,-,ZV00,-,7500,387.82249996999997,'Julie HS & VS'!Y190
groeipakket,koppel_gem,-,ZV00,-,8000,387.82249996999997,'Julie HS & VS'!Z190
groeipakket,koppel_gem,-,ZV00,-,8500,387.82249996999997,'Julie HS & VS'!AA190
groeipakket,koppel_gem,-,ZV00,-,9000,387.82249996999997,'Julie HS & VS'!AB190
groeipakket,koppel_gem,-,ZV00,-,9500,387.82249996999997,'Julie HS & VS'!AC190
groeipakket,koppel_gem,-,ZV00,-,10000,387.82249996999997,'Julie HS & VS'!AD190
groeipakket,koppel_gem,-,ZV00,-,11000,387.82249996999997,'Julie HS & VS'!AE190
groeipakket,koppel_gem,-,ZV00,-,12000,387.82249996999997,'Julie HS & VS'!AF190
groeipakket,koppel_gem,-,ZV00,-,13000,387.82249996999997,'Julie HS & VS'!AG190
groeipakket,koppel_gem,-,ZV00,-,14000,387.82249996999997,'Julie HS & VS'!AH190
groeipakket,koppel_gem,-,ZV00,-,15000,387.82249996999997,'Julie HS & VS'!AI190
groeipakket,koppel_gem,-,ZE,-,1550,368.96083329999999,'Julie HS & VS'!B191
groeipakket,koppel_gem,-,ZE,-,1800,368.96083329999999,'Julie HS & VS'!C191
groeipakket,koppel_gem,-,ZE,-,2000,368.96083329999999,'Julie HS & VS'!D191
groeipakket,koppel_gem,-,ZE,-,2250,368.96083329999999,'Julie HS & VS'!E191
groeipakket,koppel_gem,-,ZE,-,2500,368.96083329999999,'Julie HS & VS'!F191
groeipakket,koppel_gem,-,ZE,-,2750,368.96083329999999,'Julie HS & VS'!G191
groeipakket,koppel_gem,-,ZE,-,3000,368.96083329999999,'Julie HS & VS'!H191
groeipakket,koppel_gem,-,ZE,-,3250,368.96083329999999,'Julie HS & VS'!I191
groeipakket,koppel_gem,-,ZE,-,3500,368.96083329999999,'Julie HS & VS'!J191
groeipakket,koppel_gem,-,ZE,-,3750,368.96083329999999,'Julie HS & VS'!K191
groeipakket,koppel_gem,-,ZE,-,4000,368.96083329999999,'Julie HS & VS'!L191
groeipakket,koppel_gem,-,ZE,-,4250,368.96083329999999,'Julie HS & VS'!M191
groeipakket,koppel_gem,-,ZE,-,4500,368.96083329999999,'Julie HS & VS'!N191
groeipakket,koppel_gem,-,ZE,-,4750,368.96083329999999,'Julie HS & VS'!O191
groeipakket,koppel_gem,-,ZE,-,5000,368.96083329999999,'Julie HS & VS'!P191
groeipakket,koppel_gem,-,ZE,-,5250,368.96083329999999,'Julie HS & VS'!Q191
groeipakket,koppel_gem,-,ZE,-,5500,368.96083329999999,'Julie HS & VS'!R191
groeipakket,koppel_gem,-,ZE,-,5750,368.96083329999999,'Julie HS & VS'!S191
groeipakket,koppel_gem,-,ZE,-,6000,368.96083329999999,'Julie HS & VS'!T191
groeipakket,koppel_gem,-,ZE,-,6250,368.96083329999999,'Julie HS & VS'!U191
groeipakket,koppel_gem,-,ZE,-,6500,368.96083329999999,'Julie HS & VS'!V191
groeipakket,koppel_gem,-,ZE,-,6750,368.96083329999999,'Julie HS & VS'!W191
groeipakket,koppel_gem,-,ZE,-,7000,368.96083329999999,'Julie HS & VS'!X191
groeipakket,koppel_gem,-,ZE,-,7500,368.96083329999999,'Julie HS & VS'!Y191
groeipakket,koppel_gem,-,ZE,-,8000,368.96083329999999,'Julie HS & VS'!Z191
groeipakket,koppel_gem,-,ZE,-,8500,368.96083329999999,'Julie HS & VS'!AA191
groeipakket,koppel_gem,-,ZE,-,9000,368.96083329999999,'Julie HS & VS'!AB191
groeipakket,koppel_gem,-,ZE,-,9500,368.96083329999999,'Julie HS & VS'!AC191
groeipakket,koppel_gem,-,ZE,-,10000,368.96083329999999,'Julie HS & VS'!AD191
groeipakket,koppel_gem,-,ZE,-,11000,368.96083329999999,'Julie HS & VS'!AE191
groeipakket,koppel_gem,-,ZE,-,12000,368.96083329999999,'Julie HS & VS'!AF191
groeipakket,koppel_gem,-,ZE,-,13000,368.96083329999999,'Julie HS & VS'!AG191
groeipakket,koppel_gem,-,ZE,-,14000,368.96083329999999,'Julie HS & VS'!AH191
groeipakket,koppel_gem,-,ZE,-,15000,368.96083329999999,'Julie HS & VS'!AI191
groeipakket,koppel_gem,-,WN,-,1550,368.95999999999998,'Julie HS & VS'!B192
groeipakket,koppel_gem,-,WN,-,1800,368.95999999999998,'Julie HS & VS'!C192
groeipakket,koppel_gem,-,WN,-,2000,368.95999999999998,'Julie HS & VS'!D192
groeipakket,koppel_gem,-,WN,-,2250,368.95999999999998,'Julie HS & VS'!E192
groeipakket,koppel_gem,-,WN,-,2500,368.95999999999998,'Julie HS & VS'!F192
groeipakket,koppel_gem,-,WN,-,2750,368.95999999999998,'Julie HS & VS'!G192
groeipakket,koppel_gem,-,WN,-,3000,368.95999999999998,'Julie HS & VS'!H192
groeipakket,koppel_gem,-,WN,-,3250,368.95999999999998,'Julie HS & VS'!I192
groeipakket,koppel_gem,-,WN,-,3500,368.95999999999998,'Julie HS & VS'!J192
groeipakket,koppel_gem,-,WN,-,3750,368.95999999999998,'Julie HS & VS'!K192
groeipakket,koppel_gem,-,WN,-,4000,368.95999999999998,'Julie HS & VS'!L192
groeipakket,koppel_gem,-,WN,-,4250,368.95999999999998,'Julie HS & VS'!M192
groeipakket,koppel_gem,-,WN,-,4500,368.95999999999998,'Julie HS & VS'!N192
groeipakket,koppel_gem,-,WN,-,4750,368.95999999999998,'Julie HS & VS'!O192
groeipakket,koppel_gem,-,WN,-,5000,368.95999999999998,'Julie HS & VS'!P192
groeipakket,koppel_gem,-,WN,-,5250,368.95999999999998,'Julie HS & VS'!Q192
groeipakket,koppel_gem,-,WN,-,5500,368.95999999999998,'Julie HS & VS'!R192
groeipakket,koppel_gem,-,WN,-,5750,368.95999999999998,'Julie HS & VS'!S192
groeipakket,koppel_gem,-,WN,-,6000,368.95999999999998,'Julie HS & VS'!T192
groeipakket,koppel_gem,-,WN,-,6250,368.95999999999998,'Julie HS & VS'!U192
groeipakket,koppel_gem,-,WN,-,6500,368.95999999999998,'Julie HS & VS'!V192
groeipakket,koppel_gem,-,WN,-,6750,368.95999999999998,'Julie HS & VS'!W192
groeipakket,koppel_gem,-,WN,-,7000,368.95999999999998,'Julie HS & VS'!X192
groeipakket,koppel_gem,-,WN,-,7500,368.95999999999998,'Julie HS & VS'!Y192
groeipakket,koppel_gem,-,WN,-,8000,368.95999999999998,'Julie HS & VS'!Z192
groeipakket,koppel_gem,-,WN,-,8500,368.95999999999998,'Julie HS & VS'!AA192
groeipakket,koppel_gem,-,WN,-,9000,368.95999999999998,'Julie HS & VS'!AB192
groeipakket,koppel_gem,-,WN,-,9500,368.95999999999998,'Julie HS & VS'!AC192
groeipakket,koppel_gem,-,WN,-,10000,368.95999999999998,'Julie HS & VS'!AD192
groeipakket,koppel_gem,-,WN,-,11000,368.95999999999998,'Julie HS & VS'!AE192
groeipakket,koppel_gem,-,WN,-,12000,368.95999999999998,'Julie HS & VS'!AF192
groeipakket,koppel_gem,-,WN,-,13000,368.95999999999998,'Julie HS & VS'!AG192
groeipakket,koppel_gem,-,WN,-,14000,368.95999999999998,'Julie HS & VS'!AH192
groeipakket,koppel_gem,-,WN,-,15000,368.95999999999998,'Julie HS & VS'!AI192
budget,alleen,-,-,-,,1538.4602975057362,'Julie HS & VS'!B175
budget,koppel,-,-,-,,2757.5067555193432,'Julie HS & VS'!B176
partnerloon,koppel_laag,-,-,-,,2431.4099999999999,'Julie HS & VS'!B199
partnerloon,koppel_gem,-,-,-,,3092.9899999999998,'Julie HS & VS'!B208
